forecast_origin,material,period,order_qty,selected_candidate,optimization_Z1,optimization_Z2,optimization_Z3
2022-07-01,Cement,2022-08-01,273.51342987887114,eps_02,32089.540994175404,1711.2708215991627,2284.761818058848
2022-07-01,Cement,2022-09-01,0.0,eps_02,32089.540994175404,1711.2708215991627,2284.761818058848
2022-07-01,Cement,2022-10-01,0.0,eps_02,32089.540994175404,1711.2708215991627,2284.761818058848
2022-07-01,Cement,2022-11-01,0.0,eps_02,32089.540994175404,1711.2708215991627,2284.761818058848
2022-07-01,Cement,2022-12-01,0.0,eps_02,32089.540994175404,1711.2708215991627,2284.761818058848
2022-07-01,Cement,2023-01-01,0.0,eps_02,32089.540994175404,1711.2708215991627,2284.761818058848
2022-07-01,Cement,2023-02-01,0.0,eps_02,32089.540994175404,1711.2708215991627,2284.761818058848
2022-07-01,Cement,2023-03-01,0.0,eps_02,32089.540994175404,1711.2708215991627,2284.761818058848
2022-07-01,Cement,2023-04-01,0.0,eps_02,32089.540994175404,1711.2708215991627,2284.761818058848
2022-07-01,Cement,2023-05-01,0.0,eps_02,32089.540994175404,1711.2708215991627,2284.761818058848
2022-07-01,Cement,2023-06-01,0.0,eps_02,32089.540994175404,1711.2708215991627,2284.761818058848
2022-07-01,Cement,2023-07-01,0.0,eps_02,32089.540994175404,1711.2708215991627,2284.761818058848
2022-07-01,Granite,2022-08-01,1244.260993124997,eps_02,26264.885702899734,7741.759222845409,10180.748022240385
2022-07-01,Granite,2022-09-01,0.0,eps_02,26264.885702899734,7741.759222845409,10180.748022240385
2022-07-01,Granite,2022-10-01,0.0,eps_02,26264.885702899734,7741.759222845409,10180.748022240385
2022-07-01,Granite,2022-11-01,0.0,eps_02,26264.885702899734,7741.759222845409,10180.748022240385
2022-07-01,Granite,2022-12-01,0.0,eps_02,26264.885702899734,7741.759222845409,10180.748022240385
2022-07-01,Granite,2023-01-01,0.0,eps_02,26264.885702899734,7741.759222845409,10180.748022240385
2022-07-01,Granite,2023-02-01,0.0,eps_02,26264.885702899734,7741.759222845409,10180.748022240385
2022-07-01,Granite,2023-03-01,0.0,eps_02,26264.885702899734,7741.759222845409,10180.748022240385
2022-07-01,Granite,2023-04-01,0.0,eps_02,26264.885702899734,7741.759222845409,10180.748022240385
2022-07-01,Granite,2023-05-01,0.0,eps_02,26264.885702899734,7741.759222845409,10180.748022240385
2022-07-01,Granite,2023-06-01,0.0,eps_02,26264.885702899734,7741.759222845409,10180.748022240385
2022-07-01,Granite,2023-07-01,0.0,eps_02,26264.885702899734,7741.759222845409,10180.748022240385
2022-07-01,Ready Mixed Concrete,2022-08-01,749.6730002684421,eps_02,85839.02144598102,4685.682702504195,6194.746762449438
2022-07-01,Ready Mixed Concrete,2022-09-01,0.0,eps_02,85839.02144598102,4685.682702504195,6194.746762449438
2022-07-01,Ready Mixed Concrete,2022-10-01,0.0,eps_02,85839.02144598102,4685.682702504195,6194.746762449438
2022-07-01,Ready Mixed Concrete,2022-11-01,0.0,eps_02,85839.02144598102,4685.682702504195,6194.746762449438
2022-07-01,Ready Mixed Concrete,2022-12-01,0.0,eps_02,85839.02144598102,4685.682702504195,6194.746762449438
2022-07-01,Ready Mixed Concrete,2023-01-01,0.0,eps_02,85839.02144598102,4685.682702504195,6194.746762449438
2022-07-01,Ready Mixed Concrete,2023-02-01,0.0,eps_02,85839.02144598102,4685.682702504195,6194.746762449438
2022-07-01,Ready Mixed Concrete,2023-03-01,0.0,eps_02,85839.02144598102,4685.682702504195,6194.746762449438
2022-07-01,Ready Mixed Concrete,2023-04-01,0.0,eps_02,85839.02144598102,4685.682702504195,6194.746762449438
2022-07-01,Ready Mixed Concrete,2023-05-01,0.0,eps_02,85839.02144598102,4685.682702504195,6194.746762449438
2022-07-01,Ready Mixed Concrete,2023-06-01,0.0,eps_02,85839.02144598102,4685.682702504195,6194.746762449438
2022-07-01,Ready Mixed Concrete,2023-07-01,0.0,eps_02,85839.02144598102,4685.682702504195,6194.746762449438
2022-07-01,Steel Reinforcement Bars,2022-08-01,62.52229883931779,eps_02,71940.19155497318,384.9214369821443,582.2617830171171
2022-07-01,Steel Reinforcement Bars,2022-09-01,0.0,eps_02,71940.19155497318,384.9214369821443,582.2617830171171
2022-07-01,Steel Reinforcement Bars,2022-10-01,0.0,eps_02,71940.19155497318,384.9214369821443,582.2617830171171
2022-07-01,Steel Reinforcement Bars,2022-11-01,0.0,eps_02,71940.19155497318,384.9214369821443,582.2617830171171
2022-07-01,Steel Reinforcement Bars,2022-12-01,0.0,eps_02,71940.19155497318,384.9214369821443,582.2617830171171
2022-07-01,Steel Reinforcement Bars,2023-01-01,0.0,eps_02,71940.19155497318,384.9214369821443,582.2617830171171
2022-07-01,Steel Reinforcement Bars,2023-02-01,0.0,eps_02,71940.19155497318,384.9214369821443,582.2617830171171
2022-07-01,Steel Reinforcement Bars,2023-03-01,0.0,eps_02,71940.19155497318,384.9214369821443,582.2617830171171
2022-07-01,Steel Reinforcement Bars,2023-04-01,0.0,eps_02,71940.19155497318,384.9214369821443,582.2617830171171
2022-07-01,Steel Reinforcement Bars,2023-05-01,0.0,eps_02,71940.19155497318,384.9214369821443,582.2617830171171
2022-07-01,Steel Reinforcement Bars,2023-06-01,0.0,eps_02,71940.19155497318,384.9214369821443,582.2617830171171
2022-07-01,Steel Reinforcement Bars,2023-07-01,0.0,eps_02,71940.19155497318,384.9214369821443,582.2617830171171
