demand_id;profile;start_date;end_date;number_of_days;material;supplier_id
1;profile I;25/04/2016;30/01/2017;201;Accessories       ;A_006
2;profile I;01/04/2015;04/07/2016;329;Accessories       ;A_020
3;profile I;15/09/2015;03/02/2017;364;Accessories       ;A_022
4;profile I;15/09/2015;03/02/2017;364;Accessories       ;A_022
5;profile I;15/09/2015;03/02/2017;364;Accessories       ;A_027
6;profile I;01/03/2015;04/07/2016;351;Bricks            ;A_004
7;profile I;01/03/2015;04/07/2016;351;Bricks            ;A_007
8;profile I;24/06/2015;04/07/2016;269;Bricks            ;A_008
9;profile I;25/01/2016;20/09/2016;172;Cement            ;A_021
10;profile I;15/09/2015;03/02/2017;364;Coating           ;A_024
11;profile I;15/09/2015;03/02/2017;364;Coating           ;A_029
12;profile I;12/10/2015;27/05/2016;165;Electrical        ;A_020
13;profile I;15/09/2015;03/02/2017;364;External Doors    ;A_025
14;profile I;15/09/2015;03/02/2017;364;Fences            ;A_001
15;profile I;04/04/2016;25/10/2016;147;Fire Doors        ;A_015
16;profile I;01/03/2016;01/12/2017;459;Gabions           ;A_013
17;profile I;04/04/2016;25/10/2016;147;Internal Doors    ;A_009
18;profile I;04/04/2016;25/10/2016;147;Internal Doors    ;A_009
19;profile I;04/04/2016;25/10/2016;147;Internal Doors    ;A_009
20;profile I;15/09/2015;03/02/2017;364;Metal             ;A_001
21;profile I;15/09/2015;03/02/2017;364;Metal             ;A_005
22;profile I;15/09/2015;03/02/2017;364;Metal             ;A_005
23;profile I;15/09/2015;03/02/2017;364;Metal             ;A_005
24;profile I;15/09/2015;03/02/2017;364;Metal             ;A_005
25;profile I;25/04/2016;30/01/2017;201;Metal             ;A_006
26;profile I;15/09/2015;03/02/2017;364;Metal             ;A_008
27;profile I;20/04/2016;30/01/2017;204;Paint             ;A_026
28;profile I;20/04/2016;30/01/2017;204;Paint             ;A_026
29;profile I;15/09/2015;03/02/2017;364;Paint             ;A_029
30;profile I;25/04/2016;30/01/2017;201;Parquet           ;A_014
31;profile I;25/04/2016;30/01/2017;201;Parquet           ;A_014
32;profile I;15/09/2015;03/02/2017;364;Pipes             ;A_012
33;profile I;15/09/2015;03/02/2017;364;Pipes             ;A_012
34;profile I;15/09/2015;03/02/2017;364;Pipes             ;A_012
35;profile I;15/09/2015;03/02/2017;364;Pipes             ;A_012
36;profile I;15/09/2015;03/02/2017;364;Pipes             ;A_028
37;profile I;15/09/2015;03/02/2017;364;Pipes             ;A_028
38;profile I;15/09/2015;03/02/2017;364;Pipes             ;A_028
39;profile I;15/09/2015;03/02/2017;364;Plants            ;A_022
40;profile I;15/06/2016;03/02/2017;168;Plants            ;A_023
41;profile I;03/02/2016;23/08/2016;145;Plaster           ;A_004
42;profile I;03/02/2016;23/08/2016;145;Plaster           ;A_004
43;profile I;03/02/2016;23/08/2016;145;Plaster           ;A_004
44;profile I;03/02/2016;23/08/2016;145;Polystyrene       ;A_004
45;profile I;01/03/2015;08/12/2015;202;Polystyrene       ;A_017
46;profile I;15/09/2015;17/06/2016;199;Polystyrene       ;A_018
47;profile I;15/09/2015;03/02/2017;364;Polystyrene       ;A_019
48;profile I;12/10/2015;27/05/2016;165;Polystyrene       ;A_020
49;profile I;25/01/2016;20/09/2016;172;Polystyrene       ;A_021
50;profile I;24/04/2015;04/07/2016;312;Precasted Concrete;A_013
51;profile I;01/03/2016;01/12/2017;459;Precasted Concrete;A_013
52;profile I;24/06/2015;04/07/2016;269;Precasted Concrete;A_013
53;profile I;01/03/2015;04/07/2016;351;Steel             ;A_003
54;profile I;15/09/2015;03/02/2017;364;Stone             ;A_016
55;profile I;15/09/2015;03/02/2017;364;Tar               ;A_005
56;profile I;15/09/2015;03/02/2017;364;Tar               ;A_020
57;profile I;01/03/2016;01/12/2017;459;Tiles             ;A_002
58;profile I;25/04/2016;30/01/2017;201;Tiles             ;A_006
59;profile I;25/04/2016;30/01/2017;201;Tiles             ;A_006
60;profile I;15/09/2015;03/02/2017;364;Windows           ;A_025
61;profile I;15/09/2015;03/02/2017;364;Windows           ;A_030
62;profile II;29/02/2016;04/07/2016;91;Accessories       ;B_093
63;profile II;10/03/2016;16/03/2016;5;Accessories       ;B_093
64;profile II;09/06/2016;15/06/2016;5;Accessories       ;B_093
65;profile II;07/09/2016;14/09/2016;6;Accessories       ;B_093
66;profile II;07/09/2016;13/09/2016;5;Accessories       ;B_008
67;profile II;15/03/2016;29/03/2016;11;Accessories       ;B_008
68;profile II;13/05/2016;16/06/2016;25;Accessories       ;B_008
69;profile II;02/05/2016;13/05/2016;10;Accessories       ;B_008
70;profile II;18/08/2016;18/08/2016;1;Accessories       ;B_008
71;profile II;08/07/2016;09/11/2016;89;Accessories       ;B_008
72;profile II;16/08/2016;29/08/2016;10;Accessories       ;B_008
73;profile II;09/08/2016;17/08/2016;7;Accessories       ;B_008
74;profile II;08/08/2016;09/08/2016;2;Accessories       ;B_013
75;profile II;09/08/2016;09/08/2016;1;Accessories       ;B_013
76;profile II;20/02/2017;24/02/2017;5;Accessories       ;B_029
77;profile II;20/09/2016;27/09/2016;6;Accessories       ;B_029
78;profile II;01/06/2016;06/06/2016;4;Accessories       ;B_113
79;profile II;06/05/2016;06/05/2016;1;Accessories       ;B_028
80;profile II;15/06/2016;28/06/2016;10;Accessories       ;B_028
81;profile II;15/09/2016;28/09/2016;10;Accessories       ;B_029
82;profile II;30/08/2016;05/09/2016;5;Accessories       ;B_028
83;profile II;17/03/2016;06/05/2016;37;Accessories       ;B_034
84;profile II;30/08/2016;05/09/2016;5;Accessories       ;B_051
85;profile II;22/08/2016;30/08/2016;7;Accessories       ;B_016
86;profile II;09/05/2016;09/05/2016;1;Accessories       ;B_114
87;profile II;10/05/2016;17/05/2016;6;Accessories       ;B_113
88;profile II;23/08/2016;05/09/2016;10;Accessories       ;B_113
89;profile II;17/08/2016;18/08/2016;2;Accessories       ;B_120
90;profile II;13/07/2016;25/07/2016;9;Accessories       ;B_062
91;profile II;30/03/2016;03/05/2016;25;Accessories       ;B_113
92;profile II;22/09/2016;30/09/2016;7;Accessories       ;B_113
93;profile II;11/08/2016;19/08/2016;7;Accessories       ;B_113
94;profile II;16/09/2016;26/09/2016;7;Accessories       ;B_113
95;profile II;09/05/2016;13/05/2016;5;Accessories       ;B_113
96;profile II;06/10/2016;06/10/2016;1;Accessories       ;B_113
97;profile II;20/10/2016;24/10/2016;3;Accessories       ;B_113
98;profile II;11/03/2016;11/03/2016;1;Accessories       ;B_124
99;profile II;12/05/2016;19/05/2016;6;Accessories       ;B_124
100;profile II;29/09/2016;07/10/2016;7;Accessories       ;B_124
101;profile II;19/09/2016;23/09/2016;5;Accessories       ;B_124
102;profile II;26/09/2016;05/10/2016;8;Accessories       ;B_124
103;profile II;09/08/2016;16/08/2016;6;Accessories       ;B_124
104;profile II;04/10/2016;10/10/2016;5;Accessories       ;B_124
105;profile II;26/07/2016;04/08/2016;8;Cement            ;B_014
106;profile II;23/08/2016;02/09/2016;9;Cement            ;B_015
107;profile II;12/07/2016;02/08/2016;16;Cement            ;B_027
108;profile II;18/02/2016;24/02/2016;5;Cement            ;B_024
109;profile II;02/12/2016;29/12/2016;20;Cement            ;B_024
110;profile II;18/08/2016;31/08/2016;10;Cement            ;B_093
111;profile II;06/04/2016;12/04/2016;5;Cement            ;B_093
112;profile II;26/08/2016;05/09/2016;7;Cement            ;B_093
113;profile II;22/08/2016;02/01/2017;96;Cement            ;B_093
114;profile II;03/06/2016;14/06/2016;8;Cement            ;B_090
115;profile II;10/10/2016;18/10/2016;7;Cement            ;B_090
116;profile II;24/06/2016;20/07/2016;19;Coating           ;B_002
117;profile II;01/02/2016;05/02/2016;5;Coating           ;B_002
118;profile II;22/03/2016;23/03/2016;2;Coating           ;B_002
119;profile II;25/02/2016;02/03/2016;5;Coating           ;B_002
120;profile II;20/05/2016;26/05/2016;5;Coating           ;B_002
121;profile II;01/07/2016;04/07/2016;2;Coating           ;B_002
122;profile II;07/04/2016;20/04/2016;10;Coating           ;B_002
123;profile II;13/05/2016;13/05/2016;1;Coating           ;B_002
124;profile II;13/05/2016;19/05/2016;5;Coating           ;B_002
125;profile II;07/06/2016;07/06/2016;1;Coating           ;B_002
126;profile II;15/02/2017;17/02/2017;3;Coating           ;B_002
127;profile II;11/05/2016;25/05/2016;11;Coating           ;B_002
128;profile II;28/10/2016;09/11/2016;9;Coating           ;B_002
129;profile II;19/12/2016;23/12/2016;5;Coating           ;B_002
130;profile II;01/03/2016;20/07/2016;102;Coating           ;B_002
131;profile II;22/03/2016;06/04/2016;12;Coating           ;B_002
132;profile II;30/03/2016;26/04/2016;20;Coating           ;B_002
133;profile II;17/05/2016;27/05/2016;9;Coating           ;B_002
134;profile II;31/08/2016;06/09/2016;5;Coating           ;B_002
135;profile II;25/07/2016;26/07/2016;2;Coating           ;B_002
136;profile II;28/07/2016;28/07/2016;1;Coating           ;B_002
137;profile II;07/02/2017;09/02/2017;3;Coating           ;B_002
138;profile II;22/03/2016;22/07/2016;89;Coating           ;B_002
139;profile II;11/05/2016;08/06/2016;21;Coating           ;B_002
140;profile II;30/08/2016;05/09/2016;5;Coating           ;B_002
141;profile II;20/10/2016;28/10/2016;7;Coating           ;B_002
142;profile II;20/04/2016;03/05/2016;10;Coating           ;B_002
143;profile II;29/07/2016;05/08/2016;6;Coating           ;B_002
144;profile II;29/09/2016;05/10/2016;5;Coating           ;B_002
145;profile II;31/08/2016;09/09/2016;8;Coating           ;B_002
146;profile II;15/07/2016;18/11/2016;91;Coating           ;B_002
147;profile II;14/11/2016;09/12/2016;20;Coating           ;B_029
148;profile II;24/10/2016;28/10/2016;5;Coating           ;B_029
149;profile II;31/05/2016;17/06/2016;14;Coating           ;B_046
150;profile II;27/05/2016;27/05/2016;1;Coating           ;B_028
151;profile II;27/02/2017;28/02/2017;2;Coating           ;B_028
152;profile II;28/06/2016;04/07/2016;5;Coating           ;B_029
153;profile II;27/09/2016;03/10/2016;5;Coating           ;B_073
154;profile II;08/02/2016;04/04/2016;41;Coating           ;B_073
155;profile II;22/03/2016;05/04/2016;11;Coating           ;B_073
156;profile II;19/04/2016;25/04/2016;5;Coating           ;B_073
157;profile II;20/05/2016;22/06/2016;24;Coating           ;B_073
158;profile II;30/06/2016;02/11/2016;90;Coating           ;B_073
159;profile II;11/07/2016;25/07/2016;11;Coating           ;B_073
160;profile II;17/08/2016;23/08/2016;5;Coating           ;B_073
161;profile II;08/11/2016;09/11/2016;2;Coating           ;B_073
162;profile II;13/07/2016;24/11/2016;97;Coating           ;B_073
163;profile II;13/06/2016;01/07/2016;15;Coating           ;B_073
164;profile II;01/03/2016;29/03/2016;21;Coating           ;B_073
165;profile II;25/07/2016;28/11/2016;91;Coating           ;B_073
166;profile II;25/07/2016;01/08/2016;6;Coating           ;B_073
167;profile II;17/08/2016;23/08/2016;5;Coating           ;B_073
168;profile II;20/09/2016;28/09/2016;7;Coating           ;B_073
169;profile II;03/10/2016;07/10/2016;5;Coating           ;B_073
170;profile II;07/09/2016;07/09/2016;1;Coating           ;B_090
171;profile II;01/08/2016;08/08/2016;6;Coating           ;B_090
172;profile II;09/08/2016;23/08/2016;11;Coating           ;B_090
173;profile II;13/10/2016;19/10/2016;5;Coating           ;B_090
174;profile II;17/10/2016;21/10/2016;5;Coating           ;B_090
175;profile II;20/10/2016;26/10/2016;5;Coating           ;B_090
176;profile II;30/12/2015;30/12/2015;1;Coating           ;B_090
177;profile II;19/09/2016;23/09/2016;5;Coating           ;B_090
178;profile II;12/04/2016;06/05/2016;19;Coating           ;B_090
179;profile II;06/10/2016;06/10/2016;1;Coating           ;B_090
180;profile II;10/10/2016;14/10/2016;5;Coating           ;B_099
181;profile II;11/08/2016;11/08/2016;1;Coating           ;B_099
182;profile II;12/08/2016;23/08/2016;8;Electrical        ;B_123
183;profile II;08/08/2016;12/08/2016;5;Electrical        ;B_001
184;profile II;16/08/2016;22/08/2016;5;Electrical        ;B_001
185;profile II;08/09/2016;14/09/2016;5;Electrical        ;B_011
186;profile II;08/09/2016;16/09/2016;7;Electrical        ;B_094
187;profile II;05/12/2016;06/12/2016;2;Electrical        ;B_028
188;profile II;21/02/2017;21/02/2017;1;Electrical        ;B_029
189;profile II;26/09/2016;30/09/2016;5;Electrical        ;B_033
190;profile II;03/10/2016;07/10/2016;5;Electrical        ;B_038
191;profile II;10/10/2016;20/10/2016;9;Electrical        ;B_087
192;profile II;08/11/2016;06/12/2016;21;Electrical        ;B_093
193;profile II;29/03/2016;10/05/2016;31;Electrical        ;B_035
194;profile II;19/09/2016;23/09/2016;5;Electrical        ;B_047
195;profile II;22/08/2016;23/12/2016;90;Electrical        ;B_098
196;profile II;29/04/2016;02/06/2016;25;Electrical        ;B_098
197;profile II;01/09/2016;14/09/2016;10;Electrical        ;B_098
198;profile II;12/08/2016;22/08/2016;7;Electrical        ;B_093
199;profile II;29/09/2016;05/10/2016;5;Electrical        ;B_093
200;profile II;06/09/2016;12/09/2016;5;Electrical        ;B_093
201;profile II;19/04/2016;18/05/2016;22;Electrical        ;B_012
202;profile II;27/10/2016;07/11/2016;8;Electrical        ;B_012
203;profile II;02/08/2016;02/08/2016;1;Electrical        ;B_044
204;profile II;07/12/2016;13/12/2016;5;Electrical        ;B_113
205;profile II;14/09/2016;14/09/2016;1;Electrical        ;B_113
206;profile II;05/10/2016;13/10/2016;7;Electrical        ;B_069
207;profile II;11/10/2016;17/10/2016;5;Electrical        ;B_069
208;profile II;17/08/2016;23/08/2016;5;Electrical        ;B_093
209;profile II;11/07/2016;17/11/2016;94;Electrical        ;B_082
210;profile II;16/08/2016;22/08/2016;5;Electrical        ;B_082
211;profile II;15/11/2016;21/11/2016;5;Electrical        ;B_082
212;profile II;14/09/2016;20/09/2016;5;Electrical        ;B_082
213;profile II;15/09/2016;28/09/2016;10;Electrical        ;B_082
214;profile II;07/09/2016;13/09/2016;5;Electrical        ;B_063
215;profile II;04/08/2016;04/08/2016;1;Electrical        ;B_021
216;profile II;01/08/2016;13/12/2016;97;Electrical        ;B_021
217;profile II;22/03/2016;19/04/2016;21;Electrical        ;B_082
218;profile II;31/05/2016;31/05/2016;1;Electrical        ;B_082
219;profile II;25/07/2016;06/12/2016;97;Electrical        ;B_003
220;profile II;01/08/2016;11/08/2016;9;Electrical        ;B_012
221;profile II;24/08/2016;25/08/2016;2;Electrical        ;B_001
222;profile II;03/10/2016;12/10/2016;8;Electrical        ;B_098
223;profile II;10/08/2016;27/12/2016;100;Electrical        ;B_098
224;profile II;02/03/2016;02/03/2016;1;Electrical        ;B_104
225;profile II;11/02/2016;17/02/2016;5;Electrical        ;B_104
226;profile II;17/03/2016;18/03/2016;2;Electrical        ;B_104
227;profile II;21/03/2016;25/03/2016;5;Electrical        ;B_104
228;profile II;25/02/2016;02/03/2016;5;Electrical        ;B_104
229;profile II;03/03/2016;14/03/2016;8;Electrical        ;B_104
230;profile II;10/03/2016;21/03/2016;8;Electrical        ;B_104
231;profile II;22/03/2016;29/03/2016;6;Electrical        ;B_104
232;profile II;17/03/2016;29/03/2016;9;Electrical        ;B_104
233;profile II;10/06/2016;21/06/2016;8;Electrical        ;B_104
234;profile II;28/04/2016;04/05/2016;5;Electrical        ;B_104
235;profile II;11/04/2016;31/05/2016;37;Electrical        ;B_104
236;profile II;19/04/2016;02/05/2016;10;Electrical        ;B_104
237;profile II;21/04/2016;10/06/2016;37;Electrical        ;B_104
238;profile II;10/06/2016;10/06/2016;1;Electrical        ;B_104
239;profile II;30/05/2016;30/05/2016;1;Electrical        ;B_104
240;profile II;31/05/2016;03/06/2016;4;Electrical        ;B_104
241;profile II;01/06/2016;01/06/2016;1;Electrical        ;B_104
242;profile II;02/06/2016;02/06/2016;1;Electrical        ;B_104
243;profile II;28/06/2016;28/06/2016;1;Electrical        ;B_104
244;profile II;01/06/2016;05/07/2016;25;Electrical        ;B_104
245;profile II;16/06/2016;21/06/2016;4;Electrical        ;B_104
246;profile II;13/06/2016;13/06/2016;1;Electrical        ;B_109
247;profile II;11/07/2016;25/07/2016;11;Electrical        ;B_109
248;profile II;26/07/2016;01/08/2016;5;Electrical        ;B_109
249;profile II;12/09/2016;16/09/2016;5;Electrical        ;B_109
250;profile II;26/10/2016;02/11/2016;6;Electrical        ;B_109
251;profile II;24/08/2016;25/08/2016;2;Electrical        ;B_109
252;profile II;12/07/2016;12/07/2016;1;Electrical        ;B_109
253;profile II;02/02/2016;29/02/2016;20;Electrical        ;B_109
254;profile II;02/02/2016;29/02/2016;20;Electrical        ;B_109
255;profile II;16/02/2016;29/02/2016;10;Electrical        ;B_109
256;profile II;18/05/2016;24/05/2016;5;Electrical        ;B_109
257;profile II;15/11/2016;21/11/2016;5;Electrical        ;B_109
258;profile II;12/05/2016;16/06/2016;26;Electrical        ;B_109
259;profile II;11/10/2016;17/10/2016;5;Electrical        ;B_109
260;profile II;08/08/2016;12/12/2016;91;Electrical        ;B_109
261;profile II;17/08/2016;30/08/2016;10;Electrical        ;B_109
262;profile II;18/10/2016;24/10/2016;5;Electrical        ;B_109
263;profile II;09/11/2016;18/11/2016;8;Electrical        ;B_109
264;profile II;21/11/2016;16/12/2016;20;Electrical        ;B_109
265;profile II;13/10/2016;19/10/2016;5;Electrical        ;B_109
266;profile II;21/11/2016;29/11/2016;7;Electrical        ;B_109
267;profile II;23/12/2016;29/12/2016;5;Electrical        ;B_109
268;profile II;31/10/2016;31/10/2016;1;Electrical        ;B_109
269;profile II;03/03/2016;09/03/2016;5;Electrical        ;B_114
270;profile II;22/09/2016;28/09/2016;5;Electrical        ;B_114
271;profile II;20/09/2016;26/09/2016;5;Epoxi             ;B_004
272;profile II;28/10/2016;08/11/2016;8;Epoxi             ;B_020
273;profile II;21/11/2016;25/11/2016;5;Fences            ;B_094
274;profile II;03/06/2016;09/06/2016;5;Fire Doors        ;B_053
275;profile II;20/05/2016;23/06/2016;25;Gabions           ;B_068
276;profile II;16/02/2017;16/02/2017;1;Gabions           ;B_060
277;profile II;23/02/2017;28/02/2017;4;Glass wool        ;B_003
278;profile II;10/05/2016;31/05/2016;16;Glass wool        ;B_030
279;profile II;25/08/2016;25/08/2016;1;Glass wool        ;B_061
280;profile II;14/11/2016;18/11/2016;5;Glass wool        ;B_076
281;profile II;01/09/2016;07/09/2016;5;Glass wool        ;B_122
282;profile II;26/07/2016;26/07/2016;1;Glass wool        ;B_122
283;profile II;07/09/2016;19/09/2016;9;Glass wool        ;B_122
284;profile II;05/07/2016;11/07/2016;5;Hydraulic         ;B_011
285;profile II;18/11/2016;21/11/2016;2;Hydraulic         ;B_011
286;profile II;16/09/2016;27/09/2016;8;Hydraulic         ;B_011
287;profile II;28/11/2016;02/12/2016;5;Hydraulic         ;B_011
288;profile II;17/11/2016;12/12/2016;18;Hydraulic         ;B_011
289;profile II;22/08/2016;02/09/2016;10;Hydraulic         ;B_011
290;profile II;30/03/2016;26/04/2016;20;Hydraulic         ;B_027
291;profile II;09/05/2016;12/05/2016;4;Hydraulic         ;B_024
292;profile II;20/04/2016;26/05/2016;27;Hydraulic         ;B_027
293;profile II;31/01/2017;07/02/2017;6;Hydraulic         ;B_028
294;profile II;21/09/2016;22/09/2016;2;Hydraulic         ;B_028
295;profile II;28/09/2016;11/10/2016;10;Hydraulic         ;B_029
296;profile II;15/04/2016;18/04/2016;2;Hydraulic         ;B_029
297;profile II;27/05/2016;27/05/2016;1;Hydraulic         ;B_031
298;profile II;20/05/2016;20/05/2016;1;Hydraulic         ;B_028
299;profile II;22/09/2016;22/09/2016;1;Hydraulic         ;B_044
300;profile II;04/10/2016;12/10/2016;7;Hydraulic         ;B_100
301;profile II;03/06/2016;16/06/2016;10;Internal Doors    ;B_006
302;profile II;22/11/2016;28/11/2016;5;Internal Doors    ;B_006
303;profile II;03/10/2016;03/10/2016;1;Internal Doors    ;B_006
304;profile II;11/10/2016;20/10/2016;8;Internal Doors    ;B_023
305;profile II;16/08/2016;29/08/2016;10;Internal Doors    ;B_024
306;profile II;07/06/2016;08/07/2016;24;Internal Doors    ;B_095
307;profile II;11/05/2016;25/05/2016;11;Internal Doors    ;B_095
308;profile II;21/11/2016;25/11/2016;5;Internal Doors    ;B_095
309;profile II;17/05/2016;17/05/2016;1;Internal Doors    ;B_095
310;profile II;24/08/2016;30/08/2016;5;Internal Doors    ;B_095
311;profile II;14/12/2015;28/02/2017;317;Internal Doors    ;B_079
312;profile II;15/11/2016;07/02/2017;61;Internal Doors    ;B_113
313;profile II;09/11/2016;10/11/2016;2;Internal Doors    ;B_113
314;profile II;11/10/2016;11/10/2016;1;Internal Doors    ;B_113
315;profile II;19/10/2016;20/10/2016;2;Internal Doors    ;B_113
316;profile II;06/09/2016;07/09/2016;2;Internal Doors    ;B_114
317;profile II;30/08/2016;12/09/2016;10;Internal Doors    ;B_053
318;profile II;20/07/2016;06/12/2016;100;Internal Doors    ;B_017
319;profile II;20/05/2016;02/06/2016;10;Internal Doors    ;B_093
320;profile II;18/07/2016;19/07/2016;2;Internal Doors    ;B_062
321;profile II;10/06/2016;15/06/2016;4;Internal Doors    ;B_072
322;profile II;16/06/2016;20/06/2016;3;Internal Doors    ;B_072
323;profile II;16/02/2016;30/06/2016;98;Internal Doors    ;B_072
324;profile II;31/10/2016;02/11/2016;3;Internal Doors    ;B_084
325;profile II;30/01/2017;01/02/2017;3;Internal Doors    ;B_084
326;profile II;30/08/2016;12/09/2016;10;Internal Doors    ;B_084
327;profile II;09/08/2016;23/08/2016;11;Internal Doors    ;B_084
328;profile II;06/06/2016;08/07/2016;25;Internal Doors    ;B_084
329;profile II;08/11/2016;18/11/2016;9;Internal Doors    ;B_084
330;profile II;19/10/2016;19/10/2016;1;Internal Doors    ;B_084
331;profile II;03/08/2016;20/12/2016;100;Internal Doors    ;B_093
332;profile II;24/10/2016;03/11/2016;9;Internal Doors    ;B_100
333;profile II;04/11/2016;15/11/2016;8;Internal Doors    ;B_100
334;profile II;07/12/2016;12/12/2016;4;Internal Doors    ;B_090
335;profile II;20/09/2016;30/09/2016;9;Internal Doors    ;B_118
336;profile II;13/02/2017;13/02/2017;1;Lift              ;B_093
337;profile II;21/09/2016;03/10/2016;9;Lift              ;B_093
338;profile II;06/05/2016;20/05/2016;11;Lift              ;B_093
339;profile II;05/09/2016;09/09/2016;5;Lift              ;B_093
340;profile II;12/09/2016;16/09/2016;5;Lift              ;B_093
341;profile II;22/12/2016;23/12/2016;2;Lift              ;B_093
342;profile II;03/01/2017;04/01/2017;2;Metal             ;B_007
343;profile II;08/09/2016;19/09/2016;8;Metal             ;B_008
344;profile II;27/09/2016;07/10/2016;9;Metal             ;B_008
345;profile II;10/08/2016;22/08/2016;9;Metal             ;B_015
346;profile II;04/10/2016;10/10/2016;5;Metal             ;B_073
347;profile II;11/08/2016;22/08/2016;8;Metal             ;B_040
348;profile II;13/09/2016;26/09/2016;10;Metal             ;B_040
349;profile II;20/09/2016;26/09/2016;5;Metal             ;B_044
350;profile II;19/05/2016;19/05/2016;1;Metal             ;B_044
351;profile II;07/10/2016;02/11/2016;19;Metal             ;B_090
352;profile II;15/07/2016;15/07/2016;1;Metal             ;B_035
353;profile II;02/12/2016;05/12/2016;2;Metal             ;B_063
354;profile II;20/06/2016;04/07/2016;11;Metal             ;B_064
355;profile II;17/03/2016;29/03/2016;9;Metal             ;B_063
356;profile II;24/08/2016;24/08/2016;1;Metal             ;B_012
357;profile II;22/06/2016;28/06/2016;5;Metal             ;B_063
358;profile II;04/04/2016;15/04/2016;10;Metal             ;B_063
359;profile II;02/06/2016;03/06/2016;2;Metal             ;B_063
360;profile II;06/09/2016;16/09/2016;9;Metal             ;B_063
361;profile II;01/09/2016;01/09/2016;1;Metal             ;B_063
362;profile II;13/07/2016;13/07/2016;1;Metal             ;B_063
363;profile II;22/09/2016;28/09/2016;5;Metal             ;B_063
364;profile II;04/11/2016;10/11/2016;5;Metal             ;B_047
365;profile II;27/07/2016;13/12/2016;100;Metal             ;B_098
366;profile II;29/02/2016;25/03/2016;20;Metal             ;B_100
367;profile II;15/03/2016;21/03/2016;5;Metal             ;B_120
368;profile II;07/03/2016;16/03/2016;8;Metal             ;B_120
369;profile II;03/06/2016;09/06/2016;5;Metal             ;B_120
370;profile II;24/05/2016;24/05/2016;1;Metal             ;B_120
371;profile II;15/06/2016;15/06/2016;1;Metal             ;B_120
372;profile II;18/04/2016;09/05/2016;16;Metal             ;B_120
373;profile II;29/07/2016;08/08/2016;7;Metal             ;B_120
374;profile II;26/08/2016;06/09/2016;8;Metal             ;B_120
375;profile II;21/12/2016;22/12/2016;2;Metal             ;B_120
376;profile II;23/05/2016;02/06/2016;9;Metal             ;B_120
377;profile II;06/10/2016;17/10/2016;8;Metal             ;B_120
378;profile II;12/10/2016;18/10/2016;5;Metal             ;B_120
379;profile II;12/04/2016;28/02/2017;231;Metal             ;B_120
380;profile II;19/09/2016;28/02/2017;117;Metal             ;B_120
381;profile II;21/07/2016;21/07/2016;1;Metal             ;B_120
382;profile II;08/09/2016;14/09/2016;5;Metal             ;B_120
383;profile II;15/09/2016;21/09/2016;5;Metal             ;B_120
384;profile II;22/09/2016;28/09/2016;5;Metal             ;B_120
385;profile II;01/07/2016;22/07/2016;16;Metal             ;B_120
386;profile II;31/10/2016;07/11/2016;6;Metal             ;B_122
387;profile II;05/09/2016;12/09/2016;6;Metal             ;B_120
388;profile II;12/12/2016;16/12/2016;5;Metal             ;B_120
389;profile II;08/02/2017;15/02/2017;6;Metal             ;B_120
390;profile II;14/12/2015;14/12/2015;1;Metal             ;B_120
391;profile II;28/09/2016;07/10/2016;8;Metal             ;B_120
392;profile II;30/08/2016;12/09/2016;10;Metal             ;B_120
393;profile II;19/12/2016;23/12/2016;5;Metal             ;B_120
394;profile II;17/10/2016;25/10/2016;7;Metal             ;B_120
395;profile II;03/01/2017;09/01/2017;5;Metal             ;B_120
396;profile II;08/09/2016;21/09/2016;10;Metal             ;B_128
397;profile II;29/04/2016;06/05/2016;6;Paint             ;B_080
398;profile II;21/04/2016;27/05/2016;27;Paint             ;B_080
399;profile II;28/02/2017;28/02/2017;1;Paint             ;B_080
400;profile II;20/09/2016;26/09/2016;5;Paint             ;B_099
401;profile II;22/07/2016;29/07/2016;6;Paint             ;B_099
402;profile II;15/06/2016;21/06/2016;5;Paint             ;B_113
403;profile II;28/09/2016;06/10/2016;7;Paint             ;B_099
404;profile II;03/02/2017;10/02/2017;6;Paint             ;B_119
405;profile II;28/07/2016;28/07/2016;1;Paint             ;B_053
406;profile II;01/03/2016;01/03/2016;1;Pipes             ;B_005
407;profile II;21/04/2016;21/04/2016;1;Pipes             ;B_005
408;profile II;28/04/2016;28/04/2016;1;Pipes             ;B_005
409;profile II;11/03/2016;11/03/2016;1;Pipes             ;B_005
410;profile II;08/03/2016;14/03/2016;5;Pipes             ;B_005
411;profile II;15/03/2016;16/03/2016;2;Pipes             ;B_005
412;profile II;25/02/2016;07/03/2016;8;Pipes             ;B_005
413;profile II;10/03/2016;21/03/2016;8;Pipes             ;B_005
414;profile II;15/06/2016;16/06/2016;2;Pipes             ;B_005
415;profile II;07/03/2016;30/09/2016;150;Pipes             ;B_005
416;profile II;05/12/2016;09/12/2016;5;Pipes             ;B_008
417;profile II;14/12/2015;28/02/2017;317;Pipes             ;B_032
418;profile II;06/05/2016;09/05/2016;2;Pipes             ;B_028
419;profile II;24/08/2016;30/08/2016;5;Pipes             ;B_028
420;profile II;16/08/2016;26/08/2016;9;Pipes             ;B_028
421;profile II;20/02/2017;24/02/2017;5;Pipes             ;B_029
422;profile II;28/10/2016;31/10/2016;2;Pipes             ;B_029
423;profile II;07/09/2016;13/09/2016;5;Pipes             ;B_029
424;profile II;06/10/2016;14/10/2016;7;Pipes             ;B_027
425;profile II;03/08/2016;12/08/2016;8;Pipes             ;B_027
426;profile II;07/11/2016;16/11/2016;8;Pipes             ;B_027
427;profile II;03/08/2016;16/08/2016;10;Pipes             ;B_029
428;profile II;25/10/2016;03/11/2016;8;Pipes             ;B_029
429;profile II;19/09/2016;14/10/2016;20;Pipes             ;B_099
430;profile II;23/11/2016;06/12/2016;10;Pipes             ;B_028
431;profile II;13/10/2016;21/10/2016;7;Pipes             ;B_028
432;profile II;01/03/2016;20/05/2016;59;Pipes             ;B_028
433;profile II;09/05/2016;10/06/2016;25;Pipes             ;B_029
434;profile II;07/03/2016;11/03/2016;5;Pipes             ;B_062
435;profile II;29/06/2016;30/06/2016;2;Pipes             ;B_029
436;profile II;06/10/2016;12/10/2016;5;Pipes             ;B_029
437;profile II;14/12/2016;15/12/2016;2;Pipes             ;B_029
438;profile II;09/05/2016;08/07/2016;45;Pipes             ;B_028
439;profile II;04/11/2016;02/12/2016;21;Pipes             ;B_028
440;profile II;15/02/2016;19/02/2016;5;Pipes             ;B_053
441;profile II;13/04/2016;14/04/2016;2;Pipes             ;B_041
442;profile II;18/04/2016;22/04/2016;5;Pipes             ;B_041
443;profile II;11/04/2016;20/04/2016;8;Pipes             ;B_041
444;profile II;24/05/2016;30/05/2016;5;Pipes             ;B_041
445;profile II;18/05/2016;18/05/2016;1;Pipes             ;B_041
446;profile II;31/05/2016;02/06/2016;3;Pipes             ;B_041
447;profile II;25/05/2016;30/05/2016;4;Pipes             ;B_041
448;profile II;31/05/2016;03/06/2016;4;Pipes             ;B_041
449;profile II;21/06/2016;21/06/2016;1;Pipes             ;B_041
450;profile II;09/06/2016;09/06/2016;1;Pipes             ;B_041
451;profile II;14/06/2016;14/06/2016;1;Pipes             ;B_041
452;profile II;15/06/2016;15/06/2016;1;Pipes             ;B_041
453;profile II;16/02/2016;14/03/2016;20;Pipes             ;B_041
454;profile II;06/09/2016;12/09/2016;5;Pipes             ;B_041
455;profile II;16/11/2016;17/11/2016;2;Pipes             ;B_041
456;profile II;13/07/2016;15/07/2016;3;Pipes             ;B_041
457;profile II;23/01/2017;13/02/2017;16;Pipes             ;B_041
458;profile II;06/05/2016;09/05/2016;2;Pipes             ;B_041
459;profile II;30/05/2016;03/06/2016;5;Pipes             ;B_041
460;profile II;25/08/2016;07/09/2016;10;Pipes             ;B_041
461;profile II;02/08/2016;16/08/2016;11;Pipes             ;B_041
462;profile II;01/08/2016;12/08/2016;10;Pipes             ;B_041
463;profile II;06/12/2016;12/12/2016;5;Pipes             ;B_041
464;profile II;10/08/2016;11/08/2016;2;Pipes             ;B_041
465;profile II;21/12/2016;27/12/2016;5;Pipes             ;B_041
466;profile II;07/03/2016;04/04/2016;21;Pipes             ;B_041
467;profile II;19/04/2016;18/05/2016;22;Pipes             ;B_041
468;profile II;27/09/2016;03/10/2016;5;Pipes             ;B_041
469;profile II;18/10/2016;28/10/2016;9;Pipes             ;B_041
470;profile II;24/08/2016;02/09/2016;8;Pipes             ;B_041
471;profile II;05/09/2016;15/09/2016;9;Pipes             ;B_041
472;profile II;26/09/2016;07/10/2016;10;Pipes             ;B_041
473;profile II;17/10/2016;21/10/2016;5;Pipes             ;B_041
474;profile II;19/10/2016;25/10/2016;5;Pipes             ;B_041
475;profile II;26/10/2016;02/11/2016;6;Pipes             ;B_041
476;profile II;07/11/2016;14/11/2016;6;Pipes             ;B_041
477;profile II;29/04/2016;13/05/2016;11;Pipes             ;B_041
478;profile II;04/10/2016;04/10/2016;1;Pipes             ;B_041
479;profile II;07/10/2016;07/10/2016;1;Pipes             ;B_041
480;profile II;25/10/2016;26/10/2016;2;Pipes             ;B_041
481;profile II;04/01/2017;31/01/2017;20;Pipes             ;B_041
482;profile II;17/11/2016;18/11/2016;2;Pipes             ;B_076
483;profile II;03/11/2016;09/11/2016;5;Pipes             ;B_085
484;profile II;27/10/2016;25/11/2016;22;Pipes             ;B_114
485;profile II;11/03/2016;11/03/2016;1;Pipes             ;B_095
486;profile II;18/11/2016;21/11/2016;2;Pipes             ;B_114
487;profile II;18/10/2016;26/10/2016;7;Pipes             ;B_114
488;profile II;18/08/2016;30/08/2016;9;Pipes             ;B_114
489;profile II;27/10/2016;07/11/2016;8;Pipes             ;B_027
490;profile II;29/04/2016;29/04/2016;1;Pipes             ;B_079
491;profile II;27/02/2017;27/02/2017;1;Pipes             ;B_114
492;profile II;06/06/2016;10/06/2016;5;Pipes             ;B_113
493;profile II;30/06/2016;07/07/2016;6;Pipes             ;B_113
494;profile II;08/07/2016;08/07/2016;1;Pipes             ;B_114
495;profile II;28/09/2016;10/10/2016;9;Pipes             ;B_046
496;profile II;15/09/2016;21/09/2016;5;Pipes             ;B_114
497;profile II;16/08/2016;22/08/2016;5;Pipes             ;B_093
498;profile II;25/10/2016;21/11/2016;20;Plaster           ;B_024
499;profile II;02/11/2016;28/11/2016;19;Plaster           ;B_024
500;profile II;18/10/2016;27/10/2016;8;Plaster           ;B_024
501;profile II;03/03/2016;09/03/2016;5;Plaster           ;B_045
502;profile II;03/11/2016;09/11/2016;5;Plaster           ;B_044
503;profile II;17/05/2016;17/05/2016;1;Plaster           ;B_044
504;profile II;26/05/2016;31/05/2016;4;Plaster           ;B_044
505;profile II;21/10/2016;27/10/2016;5;Plaster           ;B_044
506;profile II;26/09/2016;30/09/2016;5;Plaster           ;B_044
507;profile II;12/04/2016;18/04/2016;5;Plaster           ;B_064
508;profile II;02/08/2016;08/08/2016;5;Plaster           ;B_064
509;profile II;01/08/2016;05/12/2016;91;Plaster           ;B_074
510;profile II;04/02/2016;10/02/2016;5;Plaster           ;B_074
511;profile II;08/02/2016;12/02/2016;5;Plaster           ;B_074
512;profile II;22/02/2016;18/04/2016;41;Plaster           ;B_074
513;profile II;22/02/2016;26/02/2016;5;Plaster           ;B_074
514;profile II;06/04/2016;07/04/2016;2;Plaster           ;B_074
515;profile II;27/05/2016;07/06/2016;8;Plaster           ;B_074
516;profile II;25/04/2016;26/04/2016;2;Plaster           ;B_074
517;profile II;11/05/2016;18/05/2016;6;Plaster           ;B_074
518;profile II;19/05/2016;20/05/2016;2;Plaster           ;B_074
519;profile II;25/05/2016;30/05/2016;4;Plaster           ;B_074
520;profile II;01/07/2016;07/07/2016;5;Plaster           ;B_074
521;profile II;02/06/2016;22/06/2016;15;Plaster           ;B_074
522;profile II;19/09/2016;27/09/2016;7;Plaster           ;B_074
523;profile II;08/07/2016;18/07/2016;7;Plaster           ;B_074
524;profile II;09/06/2016;09/06/2016;1;Plaster           ;B_079
525;profile II;12/08/2016;24/08/2016;9;Plaster           ;B_078
526;profile II;04/10/2016;13/10/2016;8;Plaster           ;B_078
527;profile II;14/11/2016;18/11/2016;5;Plaster           ;B_078
528;profile II;27/02/2017;27/02/2017;1;Plaster           ;B_078
529;profile II;28/02/2017;28/02/2017;1;Plaster           ;B_078
530;profile II;04/10/2016;04/10/2016;1;Plaster           ;B_078
531;profile II;11/03/2016;11/03/2016;1;Plaster           ;B_078
532;profile II;05/04/2016;11/04/2016;5;Plaster           ;B_078
533;profile II;24/06/2016;27/06/2016;2;Plaster           ;B_078
534;profile II;30/03/2016;08/04/2016;8;Plaster           ;B_078
535;profile II;25/05/2016;31/05/2016;5;Plaster           ;B_078
536;profile II;23/05/2016;23/05/2016;1;Plaster           ;B_078
537;profile II;22/06/2016;27/06/2016;4;Plaster           ;B_078
538;profile II;11/05/2016;11/05/2016;1;Plaster           ;B_078
539;profile II;06/05/2016;06/05/2016;1;Plaster           ;B_078
540;profile II;23/11/2016;01/12/2016;7;Plaster           ;B_078
541;profile II;26/08/2016;06/09/2016;8;Plaster           ;B_078
542;profile II;01/12/2016;26/12/2016;18;Plaster           ;B_078
543;profile II;18/07/2016;29/07/2016;10;Plaster           ;B_078
544;profile II;25/08/2016;05/09/2016;8;Plaster           ;B_078
545;profile II;18/07/2016;21/11/2016;91;Plaster           ;B_078
546;profile II;14/09/2016;26/09/2016;9;Plaster           ;B_078
547;profile II;27/09/2016;03/10/2016;5;Plaster           ;B_078
548;profile II;20/07/2016;29/07/2016;8;Plaster           ;B_078
549;profile II;15/09/2016;23/09/2016;7;Plaster           ;B_078
550;profile II;26/09/2016;30/09/2016;5;Plaster           ;B_078
551;profile II;08/08/2016;19/08/2016;10;Plaster           ;B_078
552;profile II;22/08/2016;29/08/2016;6;Plaster           ;B_078
553;profile II;06/10/2016;12/10/2016;5;Plaster           ;B_078
554;profile II;29/07/2016;09/08/2016;8;Plaster           ;B_078
555;profile II;10/10/2016;14/10/2016;5;Plaster           ;B_078
556;profile II;10/02/2017;20/02/2017;7;Plaster           ;B_078
557;profile II;25/05/2016;25/05/2016;1;Plaster           ;B_078
558;profile II;23/08/2016;29/08/2016;5;Plaster           ;B_078
559;profile II;10/10/2016;19/10/2016;8;Plaster           ;B_078
560;profile II;29/11/2016;05/12/2016;5;Plaster           ;B_078
561;profile II;27/09/2016;05/10/2016;7;Plaster           ;B_078
562;profile II;22/09/2016;28/09/2016;5;Plaster           ;B_078
563;profile II;10/02/2017;14/02/2017;3;Plaster           ;B_078
564;profile II;30/03/2016;26/04/2016;20;Plaster           ;B_078
565;profile II;29/07/2016;02/12/2016;91;Plaster           ;B_078
566;profile II;08/11/2016;02/12/2016;19;Plaster           ;B_078
567;profile II;25/10/2016;04/11/2016;9;Plaster           ;B_078
568;profile II;13/09/2016;19/09/2016;5;Plaster           ;B_078
569;profile II;20/09/2016;26/09/2016;5;Plaster           ;B_078
570;profile II;09/08/2016;16/08/2016;6;Plaster           ;B_078
571;profile II;05/08/2016;16/08/2016;8;Plaster           ;B_078
572;profile II;07/09/2016;16/09/2016;8;Plaster           ;B_078
573;profile II;11/07/2016;12/07/2016;2;Plaster           ;B_078
574;profile II;15/09/2016;21/09/2016;5;Plaster           ;B_078
575;profile II;26/09/2016;30/09/2016;5;Plaster           ;B_078
576;profile II;25/04/2016;17/05/2016;17;Plaster           ;B_078
577;profile II;21/04/2016;21/04/2016;1;Plaster           ;B_078
578;profile II;06/07/2016;06/07/2016;1;Plaster           ;B_078
579;profile II;17/10/2016;10/11/2016;19;Plaster           ;B_078
580;profile II;18/07/2016;25/07/2016;6;Plaster           ;B_078
581;profile II;28/11/2016;02/12/2016;5;Plaster           ;B_078
582;profile II;29/08/2016;05/09/2016;6;Plaster           ;B_078
583;profile II;15/06/2016;21/06/2016;5;Plaster           ;B_078
584;profile II;27/09/2016;27/09/2016;1;Plaster           ;B_078
585;profile II;22/08/2016;29/08/2016;6;Plaster           ;B_078
586;profile II;22/08/2016;23/08/2016;2;Plaster           ;B_078
587;profile II;16/09/2016;23/09/2016;6;Plaster           ;B_078
588;profile II;24/08/2016;30/08/2016;5;Plaster           ;B_100
589;profile II;19/05/2016;24/05/2016;4;Plaster           ;B_100
590;profile II;25/07/2016;05/08/2016;10;Plaster           ;B_100
591;profile II;30/08/2016;05/09/2016;5;Plaster           ;B_100
592;profile II;25/07/2016;05/08/2016;10;Plaster           ;B_100
593;profile II;24/08/2016;30/08/2016;5;Plaster           ;B_100
594;profile II;27/07/2016;05/08/2016;8;Plaster           ;B_100
595;profile II;29/09/2016;05/10/2016;5;Plaster           ;B_100
596;profile II;24/02/2017;24/02/2017;1;Plaster           ;B_100
597;profile II;07/02/2017;15/02/2017;7;Plaster           ;B_100
598;profile II;02/05/2016;02/05/2016;1;Plaster           ;B_116
599;profile II;03/10/2016;07/10/2016;5;Plaster           ;B_116
600;profile II;01/03/2016;29/03/2016;21;Polystyrene       ;B_002
601;profile II;09/11/2016;05/12/2016;19;Polystyrene       ;B_002
602;profile II;27/10/2016;08/11/2016;9;Polystyrene       ;B_002
603;profile II;25/05/2016;14/06/2016;15;Polystyrene       ;B_002
604;profile II;19/09/2016;23/09/2016;5;Polystyrene       ;B_002
605;profile II;04/10/2016;05/10/2016;2;Polystyrene       ;B_002
606;profile II;05/10/2016;05/10/2016;1;Polystyrene       ;B_002
607;profile II;30/11/2016;23/12/2016;18;Polystyrene       ;B_002
608;profile II;23/08/2016;23/08/2016;1;Polystyrene       ;B_002
609;profile II;19/10/2016;27/10/2016;7;Polystyrene       ;B_002
610;profile II;13/02/2017;20/02/2017;6;Polystyrene       ;B_002
611;profile II;19/05/2016;25/05/2016;5;Polystyrene       ;B_002
612;profile II;04/10/2016;04/10/2016;1;Polystyrene       ;B_002
613;profile II;27/07/2016;28/07/2016;2;Polystyrene       ;B_013
614;profile II;16/11/2016;13/12/2016;20;Polystyrene       ;B_013
615;profile II;06/10/2016;12/10/2016;5;Polystyrene       ;B_114
616;profile II;13/09/2016;26/09/2016;10;Polystyrene       ;B_106
617;profile II;31/08/2016;06/09/2016;5;Polystyrene       ;B_064
618;profile II;27/09/2016;03/10/2016;5;Polystyrene       ;B_017
619;profile II;09/12/2016;15/12/2016;5;Polystyrene       ;B_053
620;profile II;12/04/2016;29/12/2016;188;Polystyrene       ;B_053
621;profile II;13/04/2016;26/04/2016;10;Polystyrene       ;B_053
622;profile II;14/09/2016;20/09/2016;5;Polystyrene       ;B_053
623;profile II;27/05/2016;02/06/2016;5;Polystyrene       ;B_016
624;profile II;08/09/2016;08/09/2016;1;Polystyrene       ;B_016
625;profile II;12/12/2016;13/12/2016;2;Polystyrene       ;B_016
626;profile II;17/10/2016;21/10/2016;5;Polystyrene       ;B_030
627;profile II;01/08/2016;12/08/2016;10;Polystyrene       ;B_030
628;profile II;27/09/2016;03/10/2016;5;Polystyrene       ;B_030
629;profile II;22/06/2016;24/06/2016;3;Polystyrene       ;B_033
630;profile II;25/08/2016;07/09/2016;10;Polystyrene       ;B_033
631;profile II;19/05/2016;15/06/2016;20;Polystyrene       ;B_113
632;profile II;23/12/2016;29/12/2016;5;Polystyrene       ;B_029
633;profile II;05/10/2016;17/10/2016;9;Polystyrene       ;B_032
634;profile II;29/03/2016;04/04/2016;5;Polystyrene       ;B_033
635;profile II;06/09/2016;14/09/2016;7;Polystyrene       ;B_033
636;profile II;15/09/2016;21/09/2016;5;Polystyrene       ;B_033
637;profile II;26/09/2016;30/09/2016;5;Polystyrene       ;B_033
638;profile II;27/09/2016;03/10/2016;5;Polystyrene       ;B_033
639;profile II;31/10/2016;25/11/2016;20;Polystyrene       ;B_033
640;profile II;20/09/2016;26/09/2016;5;Polystyrene       ;B_033
641;profile II;20/10/2016;26/10/2016;5;Polystyrene       ;B_033
642;profile II;13/09/2016;23/09/2016;9;Polystyrene       ;B_052
643;profile II;18/02/2016;24/02/2016;5;Polystyrene       ;B_067
644;profile II;26/01/2017;16/02/2017;16;Polystyrene       ;B_067
645;profile II;01/02/2016;30/09/2016;175;Polystyrene       ;B_065
646;profile II;10/10/2016;14/10/2016;5;Polystyrene       ;B_063
647;profile II;03/03/2016;14/03/2016;8;Polystyrene       ;B_065
648;profile II;03/06/2016;14/06/2016;8;Polystyrene       ;B_065
649;profile II;03/05/2016;13/05/2016;9;Polystyrene       ;B_065
650;profile II;03/06/2016;03/06/2016;1;Polystyrene       ;B_065
651;profile II;27/06/2016;05/07/2016;7;Polystyrene       ;B_065
652;profile II;28/06/2016;28/06/2016;1;Polystyrene       ;B_065
653;profile II;16/06/2016;21/06/2016;4;Polystyrene       ;B_065
654;profile II;01/03/2016;14/03/2016;10;Polystyrene       ;B_065
655;profile II;22/03/2016;26/04/2016;26;Polystyrene       ;B_065
656;profile II;28/07/2016;08/08/2016;8;Polystyrene       ;B_065
657;profile II;09/05/2016;20/05/2016;10;Polystyrene       ;B_065
658;profile II;24/08/2016;31/08/2016;6;Polystyrene       ;B_065
659;profile II;15/09/2016;15/09/2016;1;Polystyrene       ;B_065
660;profile II;19/09/2016;23/09/2016;5;Polystyrene       ;B_078
661;profile II;20/02/2017;24/02/2017;5;Polystyrene       ;B_078
662;profile II;09/09/2016;20/09/2016;8;Polystyrene       ;B_078
663;profile II;02/02/2016;06/07/2016;112;Polystyrene       ;B_076
664;profile II;24/10/2016;18/11/2016;20;Polystyrene       ;B_076
665;profile II;26/07/2016;08/08/2016;10;Precasted Concrete;B_008
666;profile II;23/05/2016;24/05/2016;2;Precasted Concrete;B_024
667;profile II;31/10/2016;22/11/2016;17;Precasted Concrete;B_024
668;profile II;02/02/2017;08/02/2017;5;Precasted Concrete;B_083
669;profile II;22/11/2016;28/11/2016;5;Precasted Concrete;B_013
670;profile II;24/03/2016;25/03/2016;2;Precasted Concrete;B_091
671;profile II;12/05/2016;26/05/2016;11;Precasted Concrete;B_091
672;profile II;06/06/2016;08/06/2016;3;Precasted Concrete;B_091
673;profile II;08/06/2016;08/06/2016;1;Precasted Concrete;B_091
674;profile II;21/10/2016;27/10/2016;5;Precasted Concrete;B_091
675;profile II;01/08/2016;05/08/2016;5;Precasted Concrete;B_091
676;profile II;08/08/2016;12/08/2016;5;Precasted Concrete;B_091
677;profile II;22/09/2016;28/09/2016;5;Precasted Concrete;B_091
678;profile II;29/09/2016;05/10/2016;5;Precasted Concrete;B_091
679;profile II;27/09/2016;03/10/2016;5;Precasted Concrete;B_091
680;profile II;31/10/2016;29/11/2016;22;Precasted Concrete;B_091
681;profile II;30/11/2016;01/12/2016;2;Precasted Concrete;B_091
682;profile II;02/02/2017;06/02/2017;3;Precasted Concrete;B_091
683;profile II;13/10/2016;24/10/2016;8;Precasted Concrete;B_091
684;profile II;31/01/2017;21/02/2017;16;Precasted Concrete;B_091
685;profile II;19/08/2016;29/08/2016;7;Precasted Concrete;B_091
686;profile II;21/11/2016;25/11/2016;5;Precasted Concrete;B_091
687;profile II;29/08/2016;06/09/2016;7;Precasted Concrete;B_091
688;profile II;29/09/2016;07/10/2016;7;Precasted Concrete;B_091
689;profile II;23/08/2016;29/08/2016;5;Precasted Concrete;B_091
690;profile II;09/12/2016;12/12/2016;2;Precasted Concrete;B_091
691;profile II;17/08/2016;23/08/2016;5;Precasted Concrete;B_120
692;profile II;04/10/2016;10/10/2016;5;Precasted Concrete;B_087
693;profile II;13/10/2016;19/10/2016;5;Precasted Concrete;B_052
694;profile II;30/11/2016;06/12/2016;5;Precasted Concrete;B_090
695;profile II;10/08/2016;23/08/2016;10;Precasted Concrete;B_090
696;profile II;06/06/2016;06/06/2016;1;Precasted Concrete;B_090
697;profile II;01/12/2016;02/12/2016;2;Precasted Concrete;B_090
698;profile II;06/10/2016;17/10/2016;8;Precasted Concrete;B_093
699;profile II;10/10/2016;19/10/2016;8;Precasted Concrete;B_073
700;profile II;18/11/2016;24/11/2016;5;Precasted Concrete;B_091
701;profile II;13/05/2016;13/05/2016;1;Precasted Concrete;B_091
702;profile II;14/10/2016;24/10/2016;7;Precasted Concrete;B_091
703;profile II;19/07/2016;19/07/2016;1;Precasted Concrete;B_091
704;profile II;29/09/2016;05/10/2016;5;Precasted Concrete;B_091
705;profile II;01/09/2016;14/09/2016;10;Precasted Concrete;B_091
706;profile II;31/10/2016;07/11/2016;6;Precasted Concrete;B_091
707;profile II;31/08/2016;01/09/2016;2;Scaffolding       ;B_009
708;profile II;25/02/2016;07/03/2016;8;Scaffolding       ;B_022
709;profile II;26/09/2016;04/10/2016;7;Scaffolding       ;B_094
710;profile II;23/08/2016;29/08/2016;5;Scaffolding       ;B_094
711;profile II;30/08/2016;31/08/2016;2;Scaffolding       ;B_094
712;profile II;31/08/2016;31/08/2016;1;Scaffolding       ;B_094
713;profile II;23/05/2016;03/06/2016;10;Scaffolding       ;B_094
714;profile II;21/07/2016;21/07/2016;1;Scaffolding       ;B_094
715;profile II;29/11/2016;05/12/2016;5;Scaffolding       ;B_094
716;profile II;02/11/2016;10/11/2016;7;Scaffolding       ;B_094
717;profile II;10/10/2016;14/10/2016;5;Scaffolding       ;B_094
718;profile II;30/03/2016;02/08/2016;90;Scaffolding       ;B_094
719;profile II;15/02/2016;11/04/2016;41;Scaffolding       ;B_022
720;profile II;26/05/2016;01/06/2016;5;Scaffolding       ;B_126
721;profile II;04/10/2016;10/10/2016;5;Scaffolding       ;B_021
722;profile II;17/08/2016;24/08/2016;6;Scaffolding       ;B_067
723;profile II;01/02/2016;25/03/2016;40;Scaffolding       ;B_066
724;profile II;08/04/2016;11/04/2016;2;Scaffolding       ;B_066
725;profile II;28/06/2016;30/06/2016;3;Scaffolding       ;B_066
726;profile II;03/10/2016;11/10/2016;7;Scaffolding       ;B_066
727;profile II;21/10/2016;17/11/2016;20;Scaffolding       ;B_066
728;profile II;22/03/2016;19/04/2016;21;Scaffolding       ;B_066
729;profile II;06/12/2016;12/12/2016;5;Scaffolding       ;B_066
730;profile II;11/10/2016;17/10/2016;5;Scaffolding       ;B_066
731;profile II;07/12/2016;08/12/2016;2;Scaffolding       ;B_095
732;profile II;09/12/2016;15/12/2016;5;Steel             ;B_120
733;profile II;06/09/2016;19/09/2016;10;Steel             ;B_008
734;profile II;30/03/2016;31/03/2016;2;Steel             ;B_010
735;profile II;30/03/2016;19/05/2016;37;Steel             ;B_010
736;profile II;10/06/2016;13/06/2016;2;Steel             ;B_010
737;profile II;03/02/2017;24/02/2017;16;Steel             ;B_008
738;profile II;20/05/2016;20/05/2016;1;Steel             ;B_017
739;profile II;09/05/2016;23/05/2016;11;Steel             ;B_017
740;profile II;18/08/2016;31/08/2016;10;Steel             ;B_017
741;profile II;17/08/2016;30/08/2016;10;Steel             ;B_017
742;profile II;30/12/2016;02/01/2017;2;Steel             ;B_020
743;profile II;06/09/2016;12/09/2016;5;Steel             ;B_020
744;profile II;31/08/2016;07/09/2016;6;Steel             ;B_020
745;profile II;14/11/2016;22/11/2016;7;Steel             ;B_020
746;profile II;11/08/2016;11/08/2016;1;Steel             ;B_020
747;profile II;27/09/2016;03/10/2016;5;Steel             ;B_020
748;profile II;23/12/2016;29/12/2016;5;Steel             ;B_020
749;profile II;06/09/2016;12/09/2016;5;Steel             ;B_034
750;profile II;07/03/2016;25/04/2016;36;Steel             ;B_067
751;profile II;11/04/2016;11/04/2016;1;Steel             ;B_067
752;profile II;07/06/2016;10/06/2016;4;Steel             ;B_063
753;profile II;01/08/2016;02/08/2016;2;Steel             ;B_082
754;profile II;02/09/2016;13/09/2016;8;Steel             ;B_098
755;profile II;07/10/2016;10/10/2016;2;Steel             ;B_120
756;profile II;25/08/2016;06/09/2016;9;Steel             ;B_120
757;profile II;27/06/2016;27/06/2016;1;Stone             ;B_017
758;profile II;20/10/2016;28/10/2016;7;Stone             ;B_017
759;profile II;06/10/2016;12/10/2016;5;Stone             ;B_017
760;profile II;31/10/2016;07/11/2016;6;Stone             ;B_017
761;profile II;25/08/2016;25/08/2016;1;Stone             ;B_017
762;profile II;28/11/2016;29/11/2016;2;Stone             ;B_038
763;profile II;31/08/2016;06/09/2016;5;Stone             ;B_012
764;profile II;07/07/2016;15/07/2016;7;Stone             ;B_068
765;profile II;26/04/2016;10/05/2016;11;Stone             ;B_068
766;profile II;22/09/2016;28/09/2016;5;Stone             ;B_068
767;profile II;18/11/2016;24/11/2016;5;Stone             ;B_068
768;profile II;28/11/2016;02/12/2016;5;Stone             ;B_068
769;profile II;07/03/2016;30/09/2016;150;Stone             ;B_088
770;profile II;13/09/2016;19/09/2016;5;Stone             ;B_120
771;profile II;06/06/2016;17/06/2016;10;Tiles             ;B_010
772;profile II;30/09/2016;30/09/2016;1;Tiles             ;B_036
773;profile II;16/02/2016;14/03/2016;20;Tiles             ;B_036
774;profile II;02/02/2017;10/02/2017;7;Tiles             ;B_036
775;profile II;11/02/2016;17/02/2016;5;Tiles             ;B_038
776;profile II;19/07/2016;01/08/2016;10;Tiles             ;B_038
777;profile II;29/04/2016;13/05/2016;11;Tiles             ;B_043
778;profile II;15/11/2016;24/11/2016;8;Tiles             ;B_079
779;profile II;13/02/2017;28/02/2017;12;Tiles             ;B_079
780;profile II;19/08/2016;30/08/2016;8;Tiles             ;B_079
781;profile II;20/10/2016;31/10/2016;8;Tiles             ;B_124
782;profile II;03/11/2016;09/11/2016;5;Windows           ;B_070
783;profile II;03/01/2017;09/01/2017;5;Windows           ;B_070
784;profile II;17/10/2016;28/10/2016;10;Windows           ;B_070
785;profile II;17/10/2016;18/10/2016;2;Windows           ;B_070
786;profile II;18/02/2016;29/02/2016;8;Windows           ;B_086
787;profile II;26/10/2016;02/11/2016;6;Windows           ;B_086
788;profile II;05/12/2016;09/12/2016;5;Windows           ;B_086
789;profile II;13/09/2016;19/09/2016;5;Windows           ;B_013
790;profile II;06/09/2016;19/09/2016;10;Windows           ;B_087
791;profile II;20/07/2016;21/07/2016;2;Windows           ;B_092
792;profile II;22/07/2016;02/08/2016;8;Windows           ;B_092
793;profile II;13/10/2016;19/10/2016;5;Windows           ;B_100
794;profile II;06/06/2016;09/06/2016;4;Windows           ;B_100
795;profile II;27/04/2016;28/04/2016;2;Windows           ;B_100
796;profile II;10/06/2016;14/06/2016;3;Windows           ;B_100
797;profile II;09/08/2016;16/08/2016;6;Windows           ;B_100
798;profile II;20/04/2016;19/05/2016;22;Windows           ;B_100
799;profile II;23/02/2017;27/02/2017;3;Windows           ;B_100
800;profile II;21/12/2016;27/12/2016;5;Windows           ;B_120
801;profile II;23/12/2016;05/01/2017;10;Windows           ;B_120
802;profile II;01/03/2016;29/03/2016;21;Windows           ;B_120
803;profile II;26/09/2016;07/10/2016;10;Windows           ;B_120
804;profile II;06/12/2016;02/01/2017;20;Windows           ;B_122
805;profile II;21/10/2016;31/10/2016;7;Windows           ;B_122
806;profile II;23/05/2016;30/05/2016;6;Wood              ;B_027
807;profile II;23/08/2016;05/09/2016;10;Wood              ;B_027
808;profile II;25/11/2016;05/12/2016;7;Wood              ;B_035
809;profile II;07/07/2016;10/11/2016;91;Wood              ;B_100
810;profile III;10/07/2015;05/08/2015;19;Accessories       ;C_002
811;profile III;18/11/2015;03/12/2015;12;Accessories       ;C_002
812;profile III;15/04/2016;03/05/2016;13;Accessories       ;C_003
813;profile III;24/06/2015;05/08/2015;31;Accessories       ;C_004
814;profile III;08/04/2015;05/05/2015;20;Bricks            ;C_005
815;profile III;02/09/2015;10/09/2015;7;Bricks            ;C_005
816;profile III;13/10/2015;16/10/2015;4;Bricks            ;C_005
817;profile III;13/10/2015;16/10/2015;4;Bricks            ;C_005
818;profile III;13/10/2015;16/10/2015;4;Bricks            ;C_005
819;profile III;10/11/2015;12/11/2015;3;Bricks            ;C_005
820;profile III;10/11/2015;12/11/2015;3;Bricks            ;C_005
821;profile III;15/07/2016;09/08/2016;18;Bricks            ;C_005
822;profile III;15/07/2016;09/08/2016;18;Bricks            ;C_005
823;profile III;10/03/2016;14/04/2016;26;Bricks            ;C_005
824;profile III;10/03/2016;14/04/2016;26;Bricks            ;C_005
825;profile III;27/02/2016;28/04/2016;44;Cement            ;C_006
826;profile III;19/12/2015;29/04/2016;95;Cement            ;C_006
827;profile III;29/12/2015;26/02/2016;44;Cement            ;C_006
828;profile III;27/01/2016;12/03/2016;34;Cement            ;C_006
829;profile III;06/08/2015;15/08/2015;8;Cement            ;C_006
830;profile III;28/05/2015;12/06/2015;12;Cement            ;C_006
831;profile III;14/08/2015;15/08/2015;2;Cement            ;C_006
832;profile III;14/08/2015;15/08/2015;2;Cement            ;C_006
833;profile III;19/09/2015;22/09/2015;2;Cement            ;C_006
834;profile III;10/11/2015;12/11/2015;3;Cement            ;C_006
835;profile III;15/07/2016;09/08/2016;18;Cement            ;C_006
836;profile III;10/03/2016;14/04/2016;26;Cement            ;C_006
837;profile III;11/05/2016;25/05/2016;11;Cement            ;C_006
838;profile III;02/03/2016;08/03/2016;5;Electrical        ;C_007
839;profile III;07/08/2015;03/09/2015;20;Electrical        ;C_007
840;profile III;07/05/2015;14/05/2015;6;Electrical        ;C_007
841;profile III;31/07/2015;04/08/2015;3;Electrical        ;C_007
842;profile III;11/09/2015;16/09/2015;4;Electrical        ;C_007
843;profile III;13/10/2015;17/10/2015;5;Electrical        ;C_007
844;profile III;13/11/2015;13/11/2015;1;Electrical        ;C_007
845;profile III;02/03/2016;08/03/2016;5;Electrical        ;C_008
846;profile III;02/03/2016;08/03/2016;5;Electrical        ;C_008
847;profile III;07/05/2015;14/05/2015;6;Electrical        ;C_008
848;profile III;07/05/2015;14/05/2015;6;Electrical        ;C_008
849;profile III;07/05/2015;14/05/2015;6;Electrical        ;C_008
850;profile III;07/05/2015;14/05/2015;6;Electrical        ;C_008
851;profile III;07/05/2015;14/05/2015;6;Electrical        ;C_008
852;profile III;31/07/2015;04/08/2015;3;Electrical        ;C_008
853;profile III;31/07/2015;04/08/2015;3;Electrical        ;C_008
854;profile III;31/07/2015;04/08/2015;3;Electrical        ;C_008
855;profile III;31/07/2015;04/08/2015;3;Electrical        ;C_008
856;profile III;31/07/2015;04/08/2015;3;Electrical        ;C_008
857;profile III;11/09/2015;16/09/2015;4;Electrical        ;C_008
858;profile III;11/09/2015;16/09/2015;4;Electrical        ;C_008
859;profile III;11/09/2015;16/09/2015;4;Electrical        ;C_008
860;profile III;11/09/2015;16/09/2015;4;Electrical        ;C_008
861;profile III;13/10/2015;17/10/2015;5;Electrical        ;C_008
862;profile III;13/10/2015;17/10/2015;5;Electrical        ;C_008
863;profile III;13/10/2015;17/10/2015;5;Electrical        ;C_008
864;profile III;13/11/2015;13/11/2015;1;Electrical        ;C_008
865;profile III;11/09/2015;16/09/2015;4;Electrical        ;C_003
866;profile III;02/07/2015;24/07/2015;17;Epoxi             ;C_009
867;profile III;28/05/2015;12/06/2015;12;Epoxi             ;C_009
868;profile III;14/08/2015;15/08/2015;2;Epoxi             ;C_009
869;profile III;19/09/2015;22/09/2015;2;Epoxi             ;C_009
870;profile III;20/01/2016;02/02/2016;10;Epoxi             ;C_009
871;profile III;06/08/2015;15/08/2015;8;Epoxi             ;C_010
872;profile III;05/09/2015;19/09/2015;11;Fences            ;C_011
873;profile III;20/10/2015;22/10/2015;3;Fences            ;C_011
874;profile III;16/03/2016;12/04/2016;20;Fences            ;C_012
875;profile III;13/04/2016;19/04/2016;5;Fences            ;C_012
876;profile III;20/04/2016;13/05/2016;18;Fences            ;C_012
877;profile III;10/08/2016;18/08/2016;7;Fences            ;C_012
878;profile III;28/06/2016;28/06/2016;1;Fences            ;C_012
879;profile III;05/09/2015;19/09/2015;11;Fences            ;C_013
880;profile III;13/10/2015;17/10/2015;5;Fire Doors        ;C_008
881;profile III;10/08/2016;17/08/2016;6;Garden Equipment  ;C_001
882;profile III;17/06/2016;25/06/2016;7;Garden Equipment  ;C_014
883;profile III;06/03/2015;26/06/2015;81;Garden Equipment  ;C_015
884;profile III;15/03/2016;29/03/2016;11;Garden Equipment  ;C_016
885;profile III;30/03/2016;20/04/2016;16;Garden Equipment  ;C_016
886;profile III;28/06/2016;14/07/2016;13;Garden Equipment  ;C_016
887;profile III;28/06/2016;14/07/2016;13;Garden Equipment  ;C_016
888;profile III;28/06/2016;14/07/2016;13;Garden Equipment  ;C_016
889;profile III;28/06/2016;14/07/2016;13;Garden Equipment  ;C_016
890;profile III;28/06/2016;14/07/2016;13;Garden Equipment  ;C_016
891;profile III;28/06/2016;14/07/2016;13;Garden Equipment  ;C_016
892;profile III;15/07/2016;15/07/2016;1;Garden Equipment  ;C_016
893;profile III;16/07/2016;20/07/2016;3;Garden Equipment  ;C_016
894;profile III;26/07/2016;09/08/2016;11;Garden Equipment  ;C_016
895;profile III;06/08/2015;15/08/2015;8;Geotexil          ;C_017
896;profile III;24/06/2015;05/08/2015;31;Geotexil          ;C_017
897;profile III;28/06/2016;28/07/2016;23;Geotexil          ;C_017
898;profile III;13/10/2015;16/10/2015;4;Glass wool        ;C_015
899;profile III;10/03/2016;14/04/2016;26;Glass wool        ;C_015
900;profile III;05/09/2015;08/09/2015;2;Glass wool        ;C_018
901;profile III;05/09/2015;08/09/2015;2;Glass wool        ;C_018
902;profile III;10/11/2015;12/11/2015;3;Glass wool        ;C_018
903;profile III;15/07/2016;09/08/2016;18;Glass wool        ;C_018
904;profile III;02/09/2015;16/09/2015;11;Hydraulic         ;C_008
905;profile III;02/09/2015;16/09/2015;11;Hydraulic         ;C_008
906;profile III;08/09/2015;19/09/2015;10;Hydraulic         ;C_008
907;profile III;08/09/2015;19/09/2015;10;Hydraulic         ;C_008
908;profile III;17/06/2015;03/09/2015;57;Hydraulic         ;C_008
909;profile III;13/08/2016;26/08/2016;10;Hydraulic         ;C_008
910;profile III;06/08/2016;26/08/2016;15;Hydraulic         ;C_008
911;profile III;24/07/2015;05/09/2015;32;Hydraulic         ;C_008
912;profile III;13/10/2015;17/10/2015;5;Hydraulic         ;C_008
913;profile III;29/03/2016;22/04/2016;19;Hydraulic         ;C_019
914;profile III;21/07/2016;12/08/2016;17;Hydraulic         ;C_019
915;profile III;29/03/2016;22/04/2001;-3896;Hydraulic         ;C_020
916;profile III;21/07/2016;12/08/2016;17;Hydraulic         ;C_020
917;profile III;05/09/2015;19/09/2015;11;Internal Doors    ;C_011
918;profile III;05/09/2015;19/09/2015;11;Internal Doors    ;C_011
919;profile III;20/10/2015;22/10/2015;3;Internal Doors    ;C_011
920;profile III;19/08/2016;25/08/2016;5;Internal Doors    ;C_011
921;profile III;04/05/2016;10/05/2016;5;Internal Doors    ;C_011
922;profile III;13/10/2015;17/10/2015;5;Lift              ;C_008
923;profile III;08/04/2015;05/05/2015;20;Paint             ;C_021
924;profile III;12/02/2015;26/02/2015;11;Paint             ;C_021
925;profile III;06/03/2015;26/06/2015;81;Paint             ;C_021
926;profile III;26/06/2015;30/06/2015;3;Paint             ;C_021
927;profile III;02/09/2015;10/09/2015;7;Paint             ;C_021
928;profile III;28/08/2015;28/08/2015;1;Paint             ;C_021
929;profile III;23/10/2015;28/10/2015;4;Paint             ;C_021
930;profile III;23/10/2015;28/10/2015;4;Paint             ;C_021
931;profile III;23/10/2015;28/10/2015;4;Paint             ;C_021
932;profile III;05/11/2015;06/11/2015;2;Paint             ;C_021
933;profile III;17/11/2015;17/11/2015;1;Paint             ;C_021
934;profile III;03/06/2016;29/06/2016;19;Paint             ;C_021
935;profile III;26/12/2015;09/02/2016;32;Paint             ;C_021
936;profile III;30/04/2016;30/04/2016;1;Paint             ;C_021
937;profile III;30/04/2016;30/04/2016;1;Paint             ;C_021
938;profile III;01/09/2016;01/09/2016;1;Paint             ;C_021
939;profile III;01/09/2016;01/09/2016;1;Paint             ;C_021
940;profile III;07/05/2015;14/05/2015;6;Pipes             ;C_008
941;profile III;31/07/2015;04/08/2015;3;Pipes             ;C_008
942;profile III;27/08/2015;08/09/2015;9;Pipes             ;C_003
943;profile III;02/03/2016;08/03/2016;5;Pipes             ;C_003
944;profile III;02/03/2016;08/03/2016;5;Pipes             ;C_003
945;profile III;02/03/2016;08/03/2016;5;Pipes             ;C_003
946;profile III;01/09/2015;08/09/2015;6;Pipes             ;C_003
947;profile III;02/03/2016;08/03/2016;5;Pipes             ;C_003
948;profile III;02/03/2016;08/03/2016;5;Pipes             ;C_003
949;profile III;02/03/2016;08/03/2016;5;Pipes             ;C_003
950;profile III;20/10/2015;04/11/2015;12;Pipes             ;C_003
951;profile III;24/07/2015;03/09/2015;30;Pipes             ;C_003
952;profile III;30/06/2015;03/09/2015;48;Pipes             ;C_003
953;profile III;03/04/2015;03/09/2015;110;Pipes             ;C_003
954;profile III;17/06/2015;03/09/2015;57;Pipes             ;C_003
955;profile III;17/06/2015;03/09/2015;57;Pipes             ;C_003
956;profile III;20/05/2015;05/08/2015;56;Pipes             ;C_003
957;profile III;14/07/2015;05/09/2015;40;Pipes             ;C_003
958;profile III;24/07/2015;05/09/2015;32;Pipes             ;C_003
959;profile III;27/02/2015;25/04/2015;42;Pipes             ;C_003
960;profile III;07/05/2015;14/05/2015;6;Pipes             ;C_003
961;profile III;07/05/2015;14/05/2015;6;Pipes             ;C_003
962;profile III;07/05/2015;14/05/2015;6;Pipes             ;C_003
963;profile III;01/07/2015;16/07/2015;12;Pipes             ;C_003
964;profile III;31/07/2015;04/08/2015;3;Pipes             ;C_003
965;profile III;31/07/2015;04/08/2015;3;Pipes             ;C_003
966;profile III;31/07/2015;04/08/2015;3;Pipes             ;C_003
967;profile III;29/08/2015;05/09/2015;6;Pipes             ;C_003
968;profile III;11/09/2015;16/09/2015;4;Pipes             ;C_003
969;profile III;11/09/2015;16/09/2015;4;Pipes             ;C_003
970;profile III;11/09/2015;16/09/2015;4;Pipes             ;C_003
971;profile III;11/09/2015;16/09/2015;4;Pipes             ;C_003
972;profile III;08/10/2015;10/10/2015;3;Pipes             ;C_003
973;profile III;13/10/2015;17/10/2015;5;Pipes             ;C_003
974;profile III;13/10/2015;17/10/2015;5;Pipes             ;C_003
975;profile III;13/10/2015;17/10/2015;5;Pipes             ;C_003
976;profile III;07/11/2015;07/11/2015;1;Pipes             ;C_003
977;profile III;30/06/2016;26/07/2016;19;Pipes             ;C_003
978;profile III;10/08/2016;17/08/2016;6;Pipes             ;C_003
979;profile III;10/02/2016;19/03/2016;29;Pipes             ;C_003
980;profile III;15/04/2016;03/05/2016;13;Pipes             ;C_003
981;profile III;28/06/2016;05/07/2016;6;Plants            ;C_012
982;profile III;05/04/2016;29/04/2016;19;Plants            ;C_012
983;profile III;28/06/2016;20/08/2016;40;Plants            ;C_012
984;profile III;16/03/2016;12/04/2016;20;Plants            ;C_012
985;profile III;28/06/2016;21/07/2016;18;Plants            ;C_012
986;profile III;22/07/2016;26/08/2016;26;Plants            ;C_012
987;profile III;20/04/2016;13/05/2016;18;Plants            ;C_012
988;profile III;28/06/2016;16/07/2016;15;Plants            ;C_012
989;profile III;14/05/2016;19/05/2016;4;Plants            ;C_012
990;profile III;19/07/2016;09/08/2016;16;Plants            ;C_012
991;profile III;30/04/2016;21/05/2016;16;Plants            ;C_012
992;profile III;24/05/2016;17/06/2016;19;Plants            ;C_012
993;profile III;24/05/2016;25/05/2016;2;Plants            ;C_012
994;profile III;23/08/2016;24/08/2016;2;Plants            ;C_012
995;profile III;29/07/2016;20/08/2016;17;Plants            ;C_012
996;profile III;18/06/2016;12/07/2016;17;Plants            ;C_012
997;profile III;09/07/2015;15/08/2015;28;Plants            ;C_019
998;profile III;13/10/2015;16/10/2015;4;Plaster           ;C_015
999;profile III;23/10/2015;28/10/2015;4;Plaster           ;C_015
1000;profile III;17/11/2015;17/11/2015;1;Plaster           ;C_015
1001;profile III;24/06/2015;05/08/2015;31;Polystyrene       ;C_004
1002;profile III;31/07/2015;04/08/2015;3;Precasted Concrete;C_007
1003;profile III;31/07/2015;04/08/2015;3;Precasted Concrete;C_007
1004;profile III;11/09/2015;16/09/2015;4;Precasted Concrete;C_007
1005;profile III;11/09/2015;16/09/2015;4;Precasted Concrete;C_007
1006;profile III;13/10/2015;17/10/2015;5;Precasted Concrete;C_007
1007;profile III;13/10/2015;17/10/2015;5;Precasted Concrete;C_007
1008;profile III;13/10/2015;17/10/2015;5;Precasted Concrete;C_007
1009;profile III;28/08/2015;08/09/2015;8;Precasted Concrete;C_002
1010;profile III;03/09/2015;08/09/2015;4;Precasted Concrete;C_002
1011;profile III;20/10/2015;04/11/2015;12;Precasted Concrete;C_002
1012;profile III;24/07/2015;03/09/2015;30;Precasted Concrete;C_002
1013;profile III;30/06/2015;03/09/2015;48;Precasted Concrete;C_002
1014;profile III;03/04/2015;03/09/2015;110;Precasted Concrete;C_002
1015;profile III;17/06/2015;03/09/2015;57;Precasted Concrete;C_002
1016;profile III;10/07/2015;05/08/2015;19;Precasted Concrete;C_002
1017;profile III;14/07/2015;26/08/2016;294;Precasted Concrete;C_002
1018;profile III;24/06/2015;05/08/2015;31;Precasted Concrete;C_002
1019;profile III;05/05/2015;12/06/2015;29;Precasted Concrete;C_019
1020;profile III;05/05/2015;12/06/2015;29;Precasted Concrete;C_019
1021;profile III;05/05/2015;12/06/2015;29;Precasted Concrete;C_019
1022;profile III;05/05/2015;12/06/2015;29;Precasted Concrete;C_019
1023;profile III;07/05/2015;14/05/2015;6;Precasted Concrete;C_019
1024;profile III;07/05/2015;14/05/2015;6;Precasted Concrete;C_019
1025;profile III;18/03/2016;26/03/2016;7;Precasted Concrete;C_019
1026;profile III;05/07/2016;20/07/2016;12;Precasted Concrete;C_019
1027;profile III;25/08/2016;31/08/2016;5;Precasted Concrete;C_019
1028;profile III;29/12/2015;26/02/2016;44;Precasted Concrete;C_020
1029;profile III;27/01/2016;12/03/2016;34;Precasted Concrete;C_020
1030;profile III;10/11/2015;03/12/2015;18;Precasted Concrete;C_020
1031;profile III;10/11/2015;03/12/2015;18;Precasted Concrete;C_020
1032;profile III;12/11/2015;12/12/2015;23;Precasted Concrete;C_020
1033;profile III;23/10/2015;28/10/2015;4;Roof              ;C_015
1034;profile III;10/11/2015;12/11/2015;3;Roof              ;C_015
1035;profile III;15/07/2016;09/08/2016;18;Roof              ;C_015
1036;profile III;19/08/2016;25/08/2016;5;Roof              ;C_015
1037;profile III;10/03/2016;14/04/2016;26;Roof              ;C_015
1038;profile III;11/05/2016;25/05/2016;11;Roof              ;C_015
1039;profile III;27/02/2015;25/04/2015;42;Roof              ;C_022
1040;profile III;01/07/2015;16/07/2015;12;Roof              ;C_022
1041;profile III;29/08/2015;05/09/2015;6;Roof              ;C_022
1042;profile III;08/10/2015;10/10/2015;3;Roof              ;C_022
1043;profile III;07/11/2015;07/11/2015;1;Roof              ;C_022
1044;profile III;30/06/2016;26/07/2016;19;Roof              ;C_022
1045;profile III;19/08/2016;25/08/2016;5;Roof              ;C_022
1046;profile III;10/02/2016;19/03/2016;29;Roof              ;C_022
1047;profile III;11/05/2016;25/05/2016;11;Roof              ;C_022
1048;profile III;10/08/2016;16/08/2016;5;Signals           ;C_013
1049;profile III;27/01/2016;12/02/2016;13;Steel             ;C_011
1050;profile III;30/04/2016;10/05/2016;7;Steel             ;C_011
1051;profile III;30/04/2016;10/05/2016;7;Steel             ;C_011
1052;profile III;05/08/2015;14/08/2015;8;Steel             ;C_011
1053;profile III;17/09/2015;19/09/2015;3;Steel             ;C_011
1054;profile III;25/04/2015;23/06/2015;42;Steel             ;C_023
1055;profile III;25/07/2015;12/09/2015;36;Steel             ;C_023
1056;profile III;24/06/2015;10/07/2015;13;Steel             ;C_023
1057;profile III;02/07/2015;24/07/2015;17;Steel             ;C_023
1058;profile III;08/08/2015;21/08/2015;10;Steel             ;C_023
1059;profile III;09/09/2015;01/10/2015;17;Steel             ;C_023
1060;profile III;24/06/2015;02/07/2015;7;Steel             ;C_023
1061;profile III;27/08/2015;04/09/2015;7;Steel             ;C_023
1062;profile III;27/08/2015;04/09/2015;7;Steel             ;C_023
1063;profile III;27/08/2015;04/09/2015;7;Steel             ;C_023
1064;profile III;27/08/2015;04/09/2015;7;Steel             ;C_023
1065;profile III;17/07/2015;28/08/2015;31;Steel             ;C_023
1066;profile III;29/08/2015;08/09/2015;7;Steel             ;C_023
1067;profile III;20/05/2015;05/08/2015;56;Steel             ;C_023
1068;profile III;12/02/2015;26/02/2015;11;Steel             ;C_023
1069;profile III;12/02/2015;26/02/2015;11;Steel             ;C_023
1070;profile III;12/02/2015;26/02/2015;11;Steel             ;C_023
1071;profile III;15/05/2015;05/06/2015;16;Steel             ;C_023
1072;profile III;15/05/2015;05/06/2015;16;Steel             ;C_023
1073;profile III;06/03/2015;26/06/2015;81;Steel             ;C_023
1074;profile III;06/03/2015;26/06/2015;81;Steel             ;C_023
1075;profile III;26/06/2015;30/06/2015;3;Steel             ;C_023
1076;profile III;26/06/2015;30/06/2015;3;Steel             ;C_023
1077;profile III;05/08/2015;14/08/2015;8;Steel             ;C_023
1078;profile III;05/08/2015;14/08/2015;8;Steel             ;C_023
1079;profile III;28/08/2015;28/08/2015;1;Steel             ;C_023
1080;profile III;28/08/2015;28/08/2015;1;Steel             ;C_023
1081;profile III;17/09/2015;19/09/2015;3;Steel             ;C_023
1082;profile III;01/10/2015;10/10/2015;8;Steel             ;C_023
1083;profile III;01/10/2015;10/10/2015;8;Steel             ;C_023
1084;profile III;05/11/2015;06/11/2015;2;Steel             ;C_023
1085;profile III;05/11/2015;06/11/2015;2;Steel             ;C_023
1086;profile III;05/11/2015;06/11/2015;2;Steel             ;C_023
1087;profile III;05/11/2015;06/11/2015;2;Steel             ;C_023
1088;profile III;05/11/2015;06/11/2015;2;Steel             ;C_023
1089;profile III;05/11/2015;06/11/2015;2;Steel             ;C_023
1090;profile III;05/11/2015;06/11/2015;2;Steel             ;C_023
1091;profile III;05/11/2015;06/11/2015;2;Steel             ;C_023
1092;profile III;03/06/2016;29/06/2016;19;Steel             ;C_023
1093;profile III;03/06/2016;29/06/2016;19;Steel             ;C_023
1094;profile III;03/06/2016;29/06/2016;19;Steel             ;C_023
1095;profile III;03/06/2016;29/06/2016;19;Steel             ;C_023
1096;profile III;03/06/2016;29/06/2016;19;Steel             ;C_023
1097;profile III;03/06/2016;29/06/2016;19;Steel             ;C_023
1098;profile III;26/12/2015;09/02/2016;32;Steel             ;C_023
1099;profile III;26/12/2015;09/02/2016;32;Steel             ;C_023
1100;profile III;26/12/2015;09/02/2016;32;Steel             ;C_023
1101;profile III;26/12/2015;09/02/2016;32;Steel             ;C_023
1102;profile III;26/12/2015;09/02/2016;32;Steel             ;C_023
1103;profile III;26/12/2015;09/02/2016;32;Steel             ;C_023
1104;profile III;04/05/2016;10/05/2016;5;Steel             ;C_023
1105;profile III;04/05/2016;10/05/2016;5;Steel             ;C_023
1106;profile III;12/02/2015;26/02/2015;11;Steel             ;C_024
1107;profile III;06/03/2015;26/06/2015;81;Steel             ;C_024
1108;profile III;26/06/2015;30/06/2015;3;Steel             ;C_024
1109;profile III;28/08/2015;28/08/2015;1;Steel             ;C_024
1110;profile III;01/10/2015;10/10/2015;8;Steel             ;C_024
1111;profile III;01/10/2015;10/10/2015;8;Steel             ;C_024
1112;profile III;10/11/2015;12/11/2015;3;Steel             ;C_024
1113;profile III;10/03/2016;14/04/2016;26;Steel             ;C_024
1114;profile III;14/11/2015;14/11/2015;1;Steel             ;C_018
1115;profile III;29/08/2015;08/09/2015;7;Steel             ;C_025
1116;profile III;20/10/2015;22/10/2015;3;Steel             ;C_025
1117;profile III;19/12/2015;29/04/2016;95;Stone             ;C_026
1118;profile III;19/12/2015;29/04/2016;95;Stone             ;C_026
1119;profile III;19/12/2015;29/04/2016;95;Stone             ;C_026
1120;profile III;19/08/2016;25/08/2016;5;Stone             ;C_026
1121;profile III;11/05/2016;25/05/2016;11;Stone             ;C_026
1122;profile III;19/12/2015;29/04/2016;95;Stone             ;C_026
1123;profile III;19/12/2015;29/04/2016;95;Stone             ;C_026
1124;profile III;19/12/2015;29/04/2016;95;Stone             ;C_026
1125;profile III;17/10/2015;11/11/2015;18;Stone             ;C_026
1126;profile III;20/01/2016;23/01/2016;4;Stone             ;C_026
1127;profile III;15/12/2015;19/01/2016;26;Stone             ;C_027
1128;profile III;15/12/2015;19/01/2016;26;Stone             ;C_027
1129;profile III;25/12/2015;01/03/2016;48;Stone             ;C_027
1130;profile III;03/12/2015;24/12/2015;16;Stone             ;C_027
1131;profile III;29/09/2015;02/12/2015;47;Stone             ;C_027
1132;profile III;27/02/2016;28/04/2016;44;Stone             ;C_020
1133;profile III;28/08/2015;08/09/2015;8;Tiles             ;C_023
1134;profile III;03/09/2015;08/09/2015;4;Tiles             ;C_023
1135;profile III;27/02/2015;25/04/2015;42;Tiles             ;C_015
1136;profile III;01/07/2015;16/07/2015;12;Tiles             ;C_015
1137;profile III;29/08/2015;05/09/2015;6;Tiles             ;C_015
1138;profile III;08/10/2015;10/10/2015;3;Tiles             ;C_015
1139;profile III;23/10/2015;28/10/2015;4;Tiles             ;C_015
1140;profile III;23/10/2015;28/10/2015;4;Tiles             ;C_015
1141;profile III;23/10/2015;28/10/2015;4;Tiles             ;C_015
1142;profile III;07/11/2015;07/11/2015;1;Tiles             ;C_015
1143;profile III;30/06/2016;26/07/2016;19;Tiles             ;C_015
1144;profile III;19/08/2016;25/08/2016;5;Tiles             ;C_015
1145;profile III;10/02/2016;19/03/2016;29;Tiles             ;C_015
1146;profile III;11/05/2016;25/05/2016;11;Tiles             ;C_015
1147;profile III;11/05/2016;25/05/2016;11;Tiles             ;C_015
1148;profile III;19/04/2016;29/06/2016;52;Tiles             ;C_020
1149;profile III;06/03/2015;26/06/2015;81;Tiles             ;C_005
1150;profile III;27/02/2015;25/04/2015;42;Windows           ;C_011
1151;profile III;15/05/2015;05/06/2015;16;Windows           ;C_011
1152;profile III;15/05/2015;05/06/2015;16;Windows           ;C_011
1153;profile III;05/08/2015;14/08/2015;8;Windows           ;C_011
1154;profile III;05/08/2015;14/08/2015;8;Windows           ;C_011
1155;profile III;17/09/2015;19/09/2015;3;Windows           ;C_011
1156;profile III;17/09/2015;19/09/2015;3;Windows           ;C_011
1157;profile III;20/10/2015;22/10/2015;3;Windows           ;C_011
1158;profile III;04/05/2016;10/05/2016;5;Windows           ;C_011
1159;profile III;15/05/2015;05/06/2015;16;Windows           ;C_015
1160;profile III;05/08/2015;14/08/2015;8;Windows           ;C_015
1161;profile III;24/06/2015;10/07/2015;13;Wood              ;C_025
1162;profile III;11/07/2015;26/08/2015;33;Wood              ;C_025
1163;profile III;09/07/2015;15/08/2015;28;Wood              ;C_025
1164;profile IV;29/04/2015;21/05/2015;17;Cement            ;D_019
1165;profile IV;16/05/2015;25/05/2015;6;Cement            ;D_019
1166;profile IV;21/05/2015;10/06/2015;15;Cement            ;D_019
1167;profile IV;26/05/2015;09/06/2015;11;Cement            ;D_019
1168;profile IV;27/05/2016;13/06/2016;12;Epoxi             ;D_023
1169;profile IV;13/06/2016;04/07/2016;16;Epoxi             ;D_023
1170;profile IV;04/07/2016;20/07/2016;13;Epoxi             ;D_023
1171;profile IV;21/07/2016;06/08/2016;12;Epoxi             ;D_023
1172;profile IV;06/08/2016;30/08/2016;17;Epoxi             ;D_023
1173;profile IV;11/03/2016;14/04/2016;25;Epoxi             ;D_023
1174;profile IV;04/04/2016;16/05/2016;31;Epoxi             ;D_023
1175;profile IV;21/04/2016;10/05/2016;14;Epoxi             ;D_023
1176;profile IV;10/05/2016;26/05/2016;13;Epoxi             ;D_023
1177;profile IV;09/01/2016;15/01/2016;5;Fire Doors        ;D_020
1178;profile IV;06/02/2016;23/02/2016;12;Fire Doors        ;D_020
1179;profile IV;20/02/2016;05/03/2016;10;Fire Doors        ;D_020
1180;profile IV;05/03/2016;11/03/2016;5;Fire Doors        ;D_020
1181;profile IV;11/03/2016;17/03/2016;5;Fire Doors        ;D_020
1182;profile IV;17/03/2016;23/03/2016;5;Fire Doors        ;D_020
1183;profile IV;23/03/2016;30/03/2016;6;Fire Doors        ;D_020
1184;profile IV;30/03/2016;05/04/2016;5;Fire Doors        ;D_020
1185;profile IV;06/04/2016;11/04/2016;4;Fire Doors        ;D_020
1186;profile IV;02/06/2016;07/06/2016;4;Fire Doors        ;D_020
1187;profile IV;07/06/2016;13/06/2016;5;Fire Doors        ;D_020
1188;profile IV;11/12/2015;08/01/2016;21;Glass wool        ;D_004
1189;profile IV;02/01/2016;23/01/2016;15;Glass wool        ;D_004
1190;profile IV;18/01/2016;06/02/2016;15;Glass wool        ;D_004
1191;profile IV;04/09/2015;03/10/2015;21;Glass wool        ;D_012
1192;profile IV;03/10/2015;12/11/2015;29;Glass wool        ;D_012
1193;profile IV;06/10/2015;09/11/2015;25;Glass wool        ;D_012
1194;profile IV;09/11/2015;02/12/2015;18;Glass wool        ;D_012
1195;profile IV;26/11/2015;16/12/2015;15;Glass wool        ;D_012
1196;profile IV;02/02/2016;18/02/2016;13;Glass wool        ;D_012
1197;profile IV;13/02/2016;04/03/2016;15;Glass wool        ;D_012
1198;profile IV;27/02/2016;23/03/2016;18;Glass wool        ;D_012
1199;profile IV;27/05/2016;01/06/2016;4;Internal Doors    ;D_017
1200;profile IV;01/06/2016;10/06/2016;8;Internal Doors    ;D_017
1201;profile IV;10/06/2016;18/06/2016;6;Internal Doors    ;D_017
1202;profile IV;18/06/2016;22/06/2016;3;Internal Doors    ;D_017
1203;profile IV;22/06/2016;29/06/2016;6;Internal Doors    ;D_017
1204;profile IV;29/06/2016;06/07/2016;6;Internal Doors    ;D_017
1205;profile IV;06/07/2016;14/07/2016;7;Internal Doors    ;D_017
1206;profile IV;14/07/2016;21/07/2016;6;Internal Doors    ;D_017
1207;profile IV;21/07/2016;25/07/2016;3;Internal Doors    ;D_017
1208;profile IV;23/08/2016;30/08/2016;6;Internal Doors    ;D_017
1209;profile IV;30/08/2016;06/09/2016;6;Internal Doors    ;D_017
1210;profile IV;11/06/2016;25/08/2016;54;Lift              ;D_021
1211;profile IV;23/03/2016;23/06/2016;67;Lift              ;D_022
1212;profile IV;29/04/2015;14/05/2015;12;Metal             ;D_007
1213;profile IV;16/05/2015;03/06/2015;13;Metal             ;D_007
1214;profile IV;23/10/2015;03/11/2015;8;Metal             ;D_007
1215;profile IV;27/07/2015;07/08/2015;10;Metal             ;D_009
1216;profile IV;04/09/2015;22/09/2015;13;Metal             ;D_009
1217;profile IV;12/10/2015;23/10/2015;10;Metal             ;D_009
1218;profile IV;15/07/2015;27/07/2015;9;Metal             ;D_013
1219;profile IV;07/08/2015;26/08/2015;14;Metal             ;D_014
1220;profile IV;03/06/2015;12/06/2015;8;Metal             ;D_015
1221;profile IV;26/08/2015;04/09/2015;8;Metal             ;D_015
1222;profile IV;25/11/2016;07/12/2016;9;Plaster           ;D_003
1223;profile IV;07/12/2016;19/12/2016;9;Plaster           ;D_003
1224;profile IV;15/01/2016;27/01/2016;9;Plaster           ;D_006
1225;profile IV;17/02/2016;17/03/2016;22;Plaster           ;D_006
1226;profile IV;29/02/2016;02/04/2016;25;Plaster           ;D_006
1227;profile IV;31/12/2016;11/01/2017;8;Plaster           ;D_006
1228;profile IV;11/03/2016;08/04/2016;21;Plaster           ;D_008
1229;profile IV;04/04/2016;18/04/2016;11;Plaster           ;D_008
1230;profile IV;18/04/2016;30/04/2016;10;Plaster           ;D_008
1231;profile IV;11/01/2017;23/01/2017;9;Plaster           ;D_008
1232;profile IV;22/09/2016;28/09/2016;5;Plaster           ;D_009
1233;profile IV;28/09/2016;15/10/2016;13;Plaster           ;D_009
1234;profile IV;15/10/2016;25/10/2016;7;Plaster           ;D_009
1235;profile IV;25/10/2016;03/11/2016;8;Plaster           ;D_009
1236;profile IV;19/12/2016;31/12/2016;10;Plaster           ;D_011
1237;profile IV;24/05/2016;03/06/2016;9;Plaster           ;D_013
1238;profile IV;07/06/2016;18/06/2016;9;Plaster           ;D_013
1239;profile IV;18/06/2016;30/06/2016;9;Plaster           ;D_013
1240;profile IV;30/04/2016;12/05/2016;9;Plaster           ;D_014
1241;profile IV;12/05/2016;24/05/2016;9;Plaster           ;D_014
1242;profile IV;03/11/2016;15/11/2016;9;Plaster           ;D_014
1243;profile IV;15/11/2016;25/11/2016;9;Plaster           ;D_014
1244;profile IV;03/09/2015;23/11/2015;58;Polystyrene       ;D_005
1245;profile IV;10/05/2016;13/06/2016;25;Polystyrene       ;D_018
1246;profile IV;13/06/2016;16/06/2016;4;Polystyrene       ;D_018
1247;profile IV;15/06/2016;30/06/2016;12;Polystyrene       ;D_018
1248;profile IV;16/06/2016;28/06/2016;9;Polystyrene       ;D_018
1249;profile IV;11/05/2015;09/06/2015;22;Steel             ;D_010
1250;profile IV;13/06/2015;24/07/2015;30;Steel             ;D_010
1251;profile IV;02/07/2015;05/08/2015;25;Steel             ;D_010
1252;profile IV;30/09/2015;22/10/2015;17;Steel             ;D_010
1253;profile IV;15/10/2015;04/11/2015;15;Steel             ;D_010
1254;profile IV;26/10/2015;19/11/2015;19;Steel             ;D_010
1255;profile IV;06/11/2015;27/11/2015;16;Steel             ;D_010
1256;profile IV;18/11/2015;09/12/2015;16;Steel             ;D_010
1257;profile IV;30/11/2015;06/12/2015;5;Steel             ;D_010
1258;profile IV;15/01/2016;14/02/2016;21;Steel             ;D_010
1259;profile IV;05/02/2016;29/02/2016;17;Steel             ;D_010
1260;profile IV;01/06/2015;28/08/2015;65;Stone             ;D_001
1261;profile IV;30/04/2015;19/05/2015;14;Tar               ;D_018
1262;profile IV;03/08/2015;06/08/2015;4;Tar               ;D_018
1263;profile IV;01/09/2015;07/09/2015;5;Tar               ;D_018
1264;profile IV;22/10/2015;04/11/2015;10;Tar               ;D_018
1265;profile IV;08/01/2016;15/01/2016;6;Tiles             ;D_024
1266;profile IV;16/03/2016;23/03/2016;6;Tiles             ;D_024
1267;profile IV;23/03/2016;29/03/2016;5;Tiles             ;D_024
1268;profile IV;19/02/2016;26/02/2016;6;Tiles             ;D_025
1269;profile IV;26/02/2016;08/03/2016;8;Tiles             ;D_025
1270;profile IV;08/03/2016;16/03/2016;7;Tiles             ;D_025
1271;profile IV;23/01/2016;05/02/2016;10;Tiles             ;D_026
1272;profile IV;05/02/2016;19/02/2016;11;Tiles             ;D_026
1273;profile IV;19/05/2016;26/05/2016;6;Tiles             ;D_026
1274;profile IV;15/01/2016;23/01/2016;6;Tiles             ;D_027
1275;profile IV;26/05/2016;04/06/2016;7;Tiles             ;D_027
1276;profile IV;29/08/2015;19/10/2015;36;Windows           ;D_002
1277;profile IV;22/10/2015;02/01/2016;52;Windows           ;D_002
