audit,status,detail
series_count,PASS,Nine frozen series present.
horizon_set,PASS,"Horizon set is 1,3,6,12."
forecast_chronology,PASS,Target dates occur after forecast origins.
minimum_calibration_n,PASS,Minimum calibration n=10.
prequential_leakage,PASS,Current forecast score is added only after current prediction evaluation.
calibration_parameter_count,PASS,72 series × horizon × interval parameter cells.
test_isolation,PASS,Only 26C.2 validation forecasts loaded; no test forecasts used.
synthetic_calibration,PASS,No synthetic calibration observations generated.
model_retraining,PASS,No forecasting models retrained.
model_reselection,PASS,No forecasting models reselected.
