comparison,metric,n_origins,mean_difference,ci95_lower,ci95_upper,bootstrap_reps
O2_vs_O1,realized_procurement_holding_cost,11,-297445.87396472396,-304381.2712346412,-290979.4087839864,10000
O2_vs_O1,realized_total_shortage,11,2714.910829321997,2588.27380037718,2839.2378341687386,10000
O2_vs_O1,realized_service_level,11,-0.0720578456911296,-0.07485559125993806,-0.06915498024923955,10000
O2_vs_O1,realized_total_procurement_quantity,11,-3092.162455687187,-3153.3945572969437,-3031.8426483608037,10000
O2_vs_O1,realized_mean_ending_inventory,11,-1.4398030675871398,-4.376332880039523,1.8193694931906141,10000
O2_vs_O1,realized_procurement_events,11,-16.90909090909091,-19.545454545454547,-13.818181818181818,10000
O2_vs_O1,realized_shortage_cvar95_monthly,11,-91.73292105647009,-197.33654682049178,12.457010164331718,10000
O3_vs_O1,realized_procurement_holding_cost,11,464417.0831718694,438833.9973901091,492436.38109228987,10000
O3_vs_O1,realized_total_shortage,11,-1674.640193582187,-1880.9889133424526,-1469.6986926970376,10000
O3_vs_O1,realized_service_level,11,0.044344113311516754,0.03917834436914956,0.04942333316945159,10000
O3_vs_O1,realized_total_procurement_quantity,11,2697.9963959785096,2543.0752964170993,2880.5509069792924,10000
O3_vs_O1,realized_mean_ending_inventory,11,24.91757009915451,18.901099274687986,30.812886276417455,10000
O3_vs_O1,realized_procurement_events,11,1.0909090909090908,-1.1818181818181819,3.4545454545454546,10000
O3_vs_O1,realized_shortage_cvar95_monthly,11,-36.77955460699753,-72.62756424691332,-3.57316639990288,10000
O4_vs_O1,realized_procurement_holding_cost,11,1976804.0073562288,1652023.86147786,2260696.611864702,10000
O4_vs_O1,realized_total_shortage,11,-13773.275107642357,-14289.391161731737,-13199.116484673646,10000
O4_vs_O1,realized_service_level,11,0.3655695815517033,0.35395607787599853,0.3771013576038797,10000
O4_vs_O1,realized_total_procurement_quantity,11,7682.599076892394,6237.559327225483,8978.476290223425,10000
O4_vs_O1,realized_mean_ending_inventory,11,10567.631414986652,9705.248683381935,11334.64640721523,10000
O4_vs_O1,realized_procurement_events,11,-0.7272727272727273,-3.090909090909091,1.6363636363636365,10000
O4_vs_O1,realized_shortage_cvar95_monthly,11,-200.196168376315,-301.9876622089226,-101.48314222223205,10000
O4_vs_O2,realized_procurement_holding_cost,11,2274249.881320953,1941495.3079120968,2569483.771057991,10000
O4_vs_O2,realized_total_shortage,11,-16488.185936964357,-17057.852328492318,-15866.477797958656,10000
O4_vs_O2,realized_service_level,11,0.43762742724283304,0.4260265761325655,0.44922503434353894,10000
O4_vs_O2,realized_total_procurement_quantity,11,10774.761532579578,9298.55626207597,12054.08795978116,10000
O4_vs_O2,realized_mean_ending_inventory,11,10569.07121805424,9708.506256972225,11345.34190368188,10000
O4_vs_O2,realized_procurement_events,11,16.181818181818183,14.090909090909092,18.0,10000
O4_vs_O2,realized_shortage_cvar95_monthly,11,-108.46324731984491,-224.99052004711757,0.0,10000
O4_vs_O3,realized_procurement_holding_cost,11,1512386.9241843596,1196676.2510730473,1791758.2075314163,10000
O4_vs_O3,realized_total_shortage,11,-12098.634914060174,-12585.742184355215,-11616.98620711002,10000
O4_vs_O3,realized_service_level,11,0.3212254682401866,0.3097695725405124,0.33310969986292377,10000
O4_vs_O3,realized_total_procurement_quantity,11,4984.602680913883,3613.353577719346,6224.457702829765,10000
O4_vs_O3,realized_mean_ending_inventory,11,10542.713844887498,9679.65724819889,11300.64993868211,10000
O4_vs_O3,realized_procurement_events,11,-1.8181818181818181,-3.090909090909091,-0.7272727272727273,10000
O4_vs_O3,realized_shortage_cvar95_monthly,11,-163.41661376931745,-253.4533548589414,-79.31216996626414,10000
