comparison,contrast,metric,n_origins,newer_mean,base_mean,mean_difference_newer_minus_base,relative_mean_difference,bootstrap_ci95_lower,bootstrap_ci95_upper,wilcoxon_p_raw,improved_count,worsened_count,tie_count,rank_biserial_sign,wilcoxon_q_bh,significant_bh_0_05
O2_vs_O1,Optimization under deterministic information,realized_procurement_holding_cost,11,1290003.0356524254,1587448.9096171493,-297445.8739647239,-0.1873735098891844,-304381.27123464114,-290979.40878398635,0.0009765625,11,0,0,-1.0,0.0013146033653846155,True
O2_vs_O1,Optimization under deterministic information,realized_total_shortage,11,22817.998686565057,20103.08785724306,2714.9108293219974,0.13504944357808327,2588.691987165049,2841.381826177075,0.0009765625,0,11,0,1.0,0.0013146033653846155,True
O2_vs_O1,Optimization under deterministic information,realized_service_level,11,0.39446890404633134,0.46652674973746106,-0.07205784569112961,-0.15445597863719565,-0.07483418712354259,-0.06919132083042519,0.0009765625,11,0,0,-1.0,0.0013146033653846155,True
O2_vs_O1,Optimization under deterministic information,realized_shortage_cvar95_monthly,11,3243.4350655016633,3335.167986558133,-91.73292105646992,-0.027504737820159268,-196.60999329851782,10.159251027877922,0.12890625,6,3,2,-0.3333333333333333,0.14553931451612903,False
O2_vs_O1,Optimization under deterministic information,realized_total_procurement_quantity,11,14871.098734916373,17963.26119060356,-3092.162455687186,-0.17213814478768877,-3152.934810744406,-3031.668531055978,0.0009765625,11,0,0,-1.0,0.0013146033653846155,True
O2_vs_O1,Optimization under deterministic information,realized_mean_ending_inventory,11,7.213849042759785,8.653652110346927,-1.4398030675871405,-0.16638097409365563,-4.357596419886393,1.8070484808197007,0.4130859375,7,4,0,-0.2727272727272727,0.43812144886363635,False
O2_vs_O1,Optimization under deterministic information,realized_procurement_events,11,21.727272727272727,38.63636363636363,-16.90909090909091,-0.4376470588235295,-19.545454545454547,-13.818181818181818,0.0009765625,11,0,0,-1.0,0.0013146033653846155,True
O3_vs_O1,Probabilistic information under heuristic control,realized_procurement_holding_cost,11,2051865.9927890187,1587448.9096171493,464417.0831718693,0.29255560941729736,439159.46136726264,492606.40652571135,0.0009765625,0,11,0,1.0,0.0013146033653846155,True
O3_vs_O1,Probabilistic information under heuristic control,realized_total_shortage,11,18428.44766366087,20103.08785724306,-1674.6401935821877,-0.08330263517098553,-1881.496744158159,-1462.682700011846,0.0009765625,11,0,0,-1.0,0.0013146033653846155,True
O3_vs_O1,Probabilistic information under heuristic control,realized_service_level,11,0.5108708630489778,0.46652674973746106,0.04434411331151676,0.09505159851277876,0.03914819765661398,0.04943717752179069,0.0009765625,0,11,0,1.0,0.0013146033653846155,True
O3_vs_O1,Probabilistic information under heuristic control,realized_shortage_cvar95_monthly,11,3298.3884319511358,3335.167986558133,-36.779554606997365,-0.011027796727250783,-72.50778932711276,-2.5802645131588906,0.09765625,7,2,2,-0.5555555555555556,0.11393229166666667,False
O3_vs_O1,Probabilistic information under heuristic control,realized_total_procurement_quantity,11,20661.257586582073,17963.26119060356,2697.9963959785096,0.150195243912047,2544.14339106687,2883.4938215085604,0.0009765625,0,11,0,1.0,0.0013146033653846155,True
O3_vs_O1,Probabilistic information under heuristic control,realized_mean_ending_inventory,11,33.571222209501435,8.653652110346927,24.91757009915451,2.8794282207579474,18.891125228948905,30.684571140116585,0.0009765625,0,11,0,1.0,0.0013146033653846155,True
O3_vs_O1,Probabilistic information under heuristic control,realized_procurement_events,11,39.72727272727273,38.63636363636363,1.0909090909090908,0.02823529411764706,-1.1818181818181819,3.3636363636363638,0.4833984375,5,6,0,0.09090909090909091,0.4976160386029412,False
O4_vs_O2,Incremental uncertainty under optimization,realized_procurement_holding_cost,11,3564252.916973379,1290003.0356524254,2274249.881320953,1.7629802554462517,1940568.3070040157,2560495.004071639,0.0009765625,0,11,0,1.0,0.0013146033653846155,True
O4_vs_O2,Incremental uncertainty under optimization,realized_total_shortage,11,6329.812749600701,22817.998686565057,-16488.185936964357,-0.7225956212659609,-17050.662871548273,-15885.628319513211,0.0009765625,11,0,0,-1.0,0.0013146033653846155,True
O4_vs_O2,Incremental uncertainty under optimization,realized_service_level,11,0.8320963312891643,0.39446890404633134,0.43762742724283304,1.1094091898088694,0.4260119204326439,0.4489671776857959,0.0009765625,0,11,0,1.0,0.0013146033653846155,True
O4_vs_O2,Incremental uncertainty under optimization,realized_shortage_cvar95_monthly,11,3134.9718181818184,3243.4350655016633,-108.46324731984487,-0.03344085672424856,-229.93026200665233,0.0,0.25,3,0,8,-1.0,0.2734375,False
O4_vs_O2,Incremental uncertainty under optimization,realized_total_procurement_quantity,11,25645.860267495955,14871.098734916373,10774.761532579578,0.7245437425064725,9301.168059937205,12035.0775604876,0.0009765625,0,11,0,1.0,0.0013146033653846155,True
O4_vs_O2,Incremental uncertainty under optimization,realized_mean_ending_inventory,11,10576.285067096998,7.213849042759785,10569.07121805424,1465.1084539483038,9697.879416052729,11330.888053750614,0.0009765625,0,11,0,1.0,0.0013146033653846155,True
O4_vs_O2,Incremental uncertainty under optimization,realized_procurement_events,11,37.90909090909091,21.727272727272727,16.181818181818183,0.7447698744769875,14.090909090909092,18.0,0.0009765625,0,11,0,1.0,0.0013146033653846155,True
O4_vs_O3,Incremental optimization under probabilistic information,realized_procurement_holding_cost,11,3564252.916973379,2051865.9927890187,1512386.9241843596,0.7370788002235141,1190050.2513969962,1786533.3289913647,0.0009765625,0,11,0,1.0,0.0013146033653846155,True
O4_vs_O3,Incremental optimization under probabilistic information,realized_total_shortage,11,6329.812749600701,18428.44766366087,-12098.634914060174,-0.6565194819918294,-12575.950755134323,-11606.257719987989,0.0009765625,11,0,0,-1.0,0.0013146033653846155,True
O4_vs_O3,Incremental optimization under probabilistic information,realized_service_level,11,0.8320963312891643,0.5108708630489778,0.3212254682401866,0.6287801702431214,0.3095664022581553,0.3326274767162369,0.0009765625,0,11,0,1.0,0.0013146033653846155,True
O4_vs_O3,Incremental optimization under probabilistic information,realized_shortage_cvar95_monthly,11,3134.9718181818184,3298.3884319511358,-163.41661376931742,-0.04954438118516248,-256.8125300090323,-81.58143109664881,0.015625,7,0,4,-1.0,0.018857758620689655,True
O4_vs_O3,Incremental optimization under probabilistic information,realized_total_procurement_quantity,11,25645.860267495955,20661.257586582073,4984.602680913882,0.2412535955290062,3604.4943283752223,6189.498625150976,0.0009765625,0,11,0,1.0,0.0013146033653846155,True
O4_vs_O3,Incremental optimization under probabilistic information,realized_mean_ending_inventory,11,10576.285067096998,33.571222209501435,10542.713844887498,314.0402151311508,9678.053714191945,11299.771935756027,0.0009765625,0,11,0,1.0,0.0013146033653846155,True
O4_vs_O3,Incremental optimization under probabilistic information,realized_procurement_events,11,37.90909090909091,39.72727272727273,-1.8181818181818181,-0.04576659038901602,-3.090909090909091,-0.7272727272727273,0.015625,8,1,2,-0.7777777777777778,0.018857758620689655,True
O4_vs_O1,Integrated O4 versus deterministic heuristic,realized_procurement_holding_cost,11,3564252.916973379,1587448.9096171493,1976804.0073562292,1.2452709472287724,1646787.6490150588,2259015.5142014907,0.0009765625,0,11,0,1.0,0.0013146033653846155,True
O4_vs_O1,Integrated O4 versus deterministic heuristic,realized_total_shortage,11,6329.812749600701,20103.08785724306,-13773.275107642361,-0.6851323142718051,-14294.538588005837,-13212.861759929405,0.0009765625,11,0,0,-1.0,0.0013146033653846155,True
O4_vs_O1,Integrated O4 versus deterministic heuristic,realized_service_level,11,0.8320963312891643,0.46652674973746106,0.3655695815517033,0.7835983290506459,0.35396611552262586,0.3768089856342839,0.0009765625,0,11,0,1.0,0.0013146033653846155,True
O4_vs_O1,Integrated O4 versus deterministic heuristic,realized_shortage_cvar95_monthly,11,3134.9718181818184,3335.167986558133,-200.19616837631477,-0.060025812547725856,-303.4165808389506,-103.42588537693219,0.00390625,9,0,2,-1.0,0.005063657407407407,True
O4_vs_O1,Integrated O4 versus deterministic heuristic,realized_total_procurement_quantity,11,25645.860267495955,17963.26119060356,7682.599076892394,0.4276839820661908,6224.230053048291,8910.97362367014,0.0009765625,0,11,0,1.0,0.0013146033653846155,True
O4_vs_O1,Integrated O4 versus deterministic heuristic,realized_mean_ending_inventory,11,10576.285067096998,8.653652110346927,10567.631414986652,1221.1759012534412,9697.309377236606,11329.54302709166,0.0009765625,0,11,0,1.0,0.0013146033653846155,True
O4_vs_O1,Integrated O4 versus deterministic heuristic,realized_procurement_events,11,37.90909090909091,38.63636363636363,-0.7272727272727273,-0.018823529411764708,-3.090909090909091,1.7272727272727273,0.5810546875,7,4,0,-0.2727272727272727,0.5810546875,False
