date,DataSeries,price_dollars_per_tonne
1999-01-01,Cement In Bulk (Ordinary Portland Cement),79.22
1999-02-01,Cement In Bulk (Ordinary Portland Cement),77.16
1999-03-01,Cement In Bulk (Ordinary Portland Cement),75.94
1999-04-01,Cement In Bulk (Ordinary Portland Cement),77.83
1999-05-01,Cement In Bulk (Ordinary Portland Cement),79.38
1999-06-01,Cement In Bulk (Ordinary Portland Cement),78.22
1999-07-01,Cement In Bulk (Ordinary Portland Cement),73.06
1999-08-01,Cement In Bulk (Ordinary Portland Cement),72.28
1999-09-01,Cement In Bulk (Ordinary Portland Cement),70.72
1999-10-01,Cement In Bulk (Ordinary Portland Cement),69.72
1999-11-01,Cement In Bulk (Ordinary Portland Cement),68.67
1999-12-01,Cement In Bulk (Ordinary Portland Cement),69.5
2000-01-01,Cement In Bulk (Ordinary Portland Cement),71.05
2000-02-01,Cement In Bulk (Ordinary Portland Cement),71.05
2000-03-01,Cement In Bulk (Ordinary Portland Cement),71.05
2000-04-01,Cement In Bulk (Ordinary Portland Cement),70.35
2000-05-01,Cement In Bulk (Ordinary Portland Cement),70.1
2000-06-01,Cement In Bulk (Ordinary Portland Cement),70.35
2000-07-01,Cement In Bulk (Ordinary Portland Cement),70.85
2000-08-01,Cement In Bulk (Ordinary Portland Cement),73.1
2000-09-01,Cement In Bulk (Ordinary Portland Cement),71.1
2000-10-01,Cement In Bulk (Ordinary Portland Cement),71.8
2000-11-01,Cement In Bulk (Ordinary Portland Cement),72.3
2000-12-01,Cement In Bulk (Ordinary Portland Cement),72.3
2001-01-01,Cement In Bulk (Ordinary Portland Cement),71.3
2001-02-01,Cement In Bulk (Ordinary Portland Cement),71.3
2001-03-01,Cement In Bulk (Ordinary Portland Cement),71.8
2001-04-01,Cement In Bulk (Ordinary Portland Cement),71.7
2001-05-01,Cement In Bulk (Ordinary Portland Cement),72.2
2001-06-01,Cement In Bulk (Ordinary Portland Cement),70.7
2001-07-01,Cement In Bulk (Ordinary Portland Cement),70.0
2001-08-01,Cement In Bulk (Ordinary Portland Cement),68.7
2001-09-01,Cement In Bulk (Ordinary Portland Cement),68.7
2001-10-01,Cement In Bulk (Ordinary Portland Cement),68.7
2001-11-01,Cement In Bulk (Ordinary Portland Cement),67.7
2001-12-01,Cement In Bulk (Ordinary Portland Cement),67.7
2002-01-01,Cement In Bulk (Ordinary Portland Cement),68.33
2002-02-01,Cement In Bulk (Ordinary Portland Cement),66.44
2002-03-01,Cement In Bulk (Ordinary Portland Cement),66.33
2002-04-01,Cement In Bulk (Ordinary Portland Cement),66.78
2002-05-01,Cement In Bulk (Ordinary Portland Cement),66.67
2002-06-01,Cement In Bulk (Ordinary Portland Cement),67.11
2002-07-01,Cement In Bulk (Ordinary Portland Cement),65.63
2002-08-01,Cement In Bulk (Ordinary Portland Cement),66.5
2002-09-01,Cement In Bulk (Ordinary Portland Cement),67.63
2002-10-01,Cement In Bulk (Ordinary Portland Cement),67.06
2002-11-01,Cement In Bulk (Ordinary Portland Cement),67.07
2002-12-01,Cement In Bulk (Ordinary Portland Cement),67.06
2003-01-01,Cement In Bulk (Ordinary Portland Cement),68.17
2003-02-01,Cement In Bulk (Ordinary Portland Cement),68.67
2003-03-01,Cement In Bulk (Ordinary Portland Cement),69.22
2003-04-01,Cement In Bulk (Ordinary Portland Cement),69.78
2003-05-01,Cement In Bulk (Ordinary Portland Cement),70.89
2003-06-01,Cement In Bulk (Ordinary Portland Cement),72.22
2003-07-01,Cement In Bulk (Ordinary Portland Cement),72.22
2003-08-01,Cement In Bulk (Ordinary Portland Cement),72.22
2003-09-01,Cement In Bulk (Ordinary Portland Cement),72.22
2003-10-01,Cement In Bulk (Ordinary Portland Cement),72.0
2003-11-01,Cement In Bulk (Ordinary Portland Cement),73.0
2003-12-01,Cement In Bulk (Ordinary Portland Cement),73.0
2004-01-01,Cement In Bulk (Ordinary Portland Cement),73.94
2004-02-01,Cement In Bulk (Ordinary Portland Cement),74.39
2004-03-01,Cement In Bulk (Ordinary Portland Cement),75.17
2004-04-01,Cement In Bulk (Ordinary Portland Cement),75.39
2004-05-01,Cement In Bulk (Ordinary Portland Cement),76.06
2004-06-01,Cement In Bulk (Ordinary Portland Cement),76.28
2004-07-01,Cement In Bulk (Ordinary Portland Cement),77.28
2004-08-01,Cement In Bulk (Ordinary Portland Cement),77.61
2004-09-01,Cement In Bulk (Ordinary Portland Cement),77.83
2004-10-01,Cement In Bulk (Ordinary Portland Cement),78.72
2004-11-01,Cement In Bulk (Ordinary Portland Cement),78.94
2004-12-01,Cement In Bulk (Ordinary Portland Cement),79.5
2005-01-01,Cement In Bulk (Ordinary Portland Cement),82.44
2005-02-01,Cement In Bulk (Ordinary Portland Cement),82.89
2005-03-01,Cement In Bulk (Ordinary Portland Cement),85.33
2005-04-01,Cement In Bulk (Ordinary Portland Cement),85.56
2005-05-01,Cement In Bulk (Ordinary Portland Cement),85.33
2005-06-01,Cement In Bulk (Ordinary Portland Cement),85.33
2005-07-01,Cement In Bulk (Ordinary Portland Cement),85.33
2005-08-01,Cement In Bulk (Ordinary Portland Cement),85.78
2005-09-01,Cement In Bulk (Ordinary Portland Cement),86.11
2005-10-01,Cement In Bulk (Ordinary Portland Cement),86.11
2005-11-01,Cement In Bulk (Ordinary Portland Cement),86.11
2005-12-01,Cement In Bulk (Ordinary Portland Cement),86.11
2006-01-01,Cement In Bulk (Ordinary Portland Cement),87.22
2006-02-01,Cement In Bulk (Ordinary Portland Cement),87.44
2006-03-01,Cement In Bulk (Ordinary Portland Cement),87.67
2006-04-01,Cement In Bulk (Ordinary Portland Cement),87.67
2006-05-01,Cement In Bulk (Ordinary Portland Cement),88.0
2006-06-01,Cement In Bulk (Ordinary Portland Cement),88.0
2006-07-01,Cement In Bulk (Ordinary Portland Cement),88.0
2006-08-01,Cement In Bulk (Ordinary Portland Cement),88.0
2006-09-01,Cement In Bulk (Ordinary Portland Cement),88.56
2006-10-01,Cement In Bulk (Ordinary Portland Cement),88.56
2006-11-01,Cement In Bulk (Ordinary Portland Cement),88.56
2006-12-01,Cement In Bulk (Ordinary Portland Cement),88.56
2007-01-01,Cement In Bulk (Ordinary Portland Cement),89.86
2007-02-01,Cement In Bulk (Ordinary Portland Cement),89.86
2007-03-01,Cement In Bulk (Ordinary Portland Cement),91.14
2007-04-01,Cement In Bulk (Ordinary Portland Cement),92.29
2007-05-01,Cement In Bulk (Ordinary Portland Cement),92.43
2007-06-01,Cement In Bulk (Ordinary Portland Cement),95.38
2007-07-01,Cement In Bulk (Ordinary Portland Cement),102.5
2007-08-01,Cement In Bulk (Ordinary Portland Cement),107.4
2007-09-01,Cement In Bulk (Ordinary Portland Cement),109.3
2007-10-01,Cement In Bulk (Ordinary Portland Cement),111.0
2007-11-01,Cement In Bulk (Ordinary Portland Cement),114.9
2007-12-01,Cement In Bulk (Ordinary Portland Cement),115.4
2008-01-01,Cement In Bulk (Ordinary Portland Cement),116.7
2008-02-01,Cement In Bulk (Ordinary Portland Cement),118.9
2008-03-01,Cement In Bulk (Ordinary Portland Cement),119.7
2008-04-01,Cement In Bulk (Ordinary Portland Cement),120.0
2008-05-01,Cement In Bulk (Ordinary Portland Cement),120.1
2008-06-01,Cement In Bulk (Ordinary Portland Cement),123.7
2008-07-01,Cement In Bulk (Ordinary Portland Cement),125.43
2008-08-01,Cement In Bulk (Ordinary Portland Cement),126.0
2008-09-01,Cement In Bulk (Ordinary Portland Cement),126.3
2008-10-01,Cement In Bulk (Ordinary Portland Cement),125.6
2008-11-01,Cement In Bulk (Ordinary Portland Cement),123.4
2008-12-01,Cement In Bulk (Ordinary Portland Cement),120.4
2009-01-01,Cement In Bulk (Ordinary Portland Cement),117.5
2009-02-01,Cement In Bulk (Ordinary Portland Cement),111.9
2009-03-01,Cement In Bulk (Ordinary Portland Cement),109.4
2009-04-01,Cement In Bulk (Ordinary Portland Cement),106.4
2009-05-01,Cement In Bulk (Ordinary Portland Cement),105.2
2009-06-01,Cement In Bulk (Ordinary Portland Cement),103.3
2009-07-01,Cement In Bulk (Ordinary Portland Cement),101.2
2009-08-01,Cement In Bulk (Ordinary Portland Cement),99.4
2009-09-01,Cement In Bulk (Ordinary Portland Cement),99.3
2009-10-01,Cement In Bulk (Ordinary Portland Cement),96.6
2009-11-01,Cement In Bulk (Ordinary Portland Cement),95.1
2009-12-01,Cement In Bulk (Ordinary Portland Cement),93.4
2010-01-01,Cement In Bulk (Ordinary Portland Cement),90.4
2010-02-01,Cement In Bulk (Ordinary Portland Cement),90.0
2010-03-01,Cement In Bulk (Ordinary Portland Cement),89.8
2010-04-01,Cement In Bulk (Ordinary Portland Cement),89.1
2010-05-01,Cement In Bulk (Ordinary Portland Cement),89.1
2010-06-01,Cement In Bulk (Ordinary Portland Cement),89.0
2010-07-01,Cement In Bulk (Ordinary Portland Cement),88.8
2010-08-01,Cement In Bulk (Ordinary Portland Cement),88.9
2010-09-01,Cement In Bulk (Ordinary Portland Cement),88.6
2010-10-01,Cement In Bulk (Ordinary Portland Cement),88.6
2010-11-01,Cement In Bulk (Ordinary Portland Cement),88.4
2010-12-01,Cement In Bulk (Ordinary Portland Cement),89.0
2011-01-01,Cement In Bulk (Ordinary Portland Cement),90.3
2011-02-01,Cement In Bulk (Ordinary Portland Cement),91.4
2011-03-01,Cement In Bulk (Ordinary Portland Cement),92.6
2011-04-01,Cement In Bulk (Ordinary Portland Cement),93.5
2011-05-01,Cement In Bulk (Ordinary Portland Cement),93.7
2011-06-01,Cement In Bulk (Ordinary Portland Cement),93.6
2011-07-01,Cement In Bulk (Ordinary Portland Cement),94.0
2011-08-01,Cement In Bulk (Ordinary Portland Cement),94.2
2011-09-01,Cement In Bulk (Ordinary Portland Cement),94.3
2011-10-01,Cement In Bulk (Ordinary Portland Cement),95.5
2011-11-01,Cement In Bulk (Ordinary Portland Cement),96.1
2011-12-01,Cement In Bulk (Ordinary Portland Cement),96.2
2012-01-01,Cement In Bulk (Ordinary Portland Cement),98.3
2012-02-01,Cement In Bulk (Ordinary Portland Cement),99.1
2012-03-01,Cement In Bulk (Ordinary Portland Cement),99.2
2012-04-01,Cement In Bulk (Ordinary Portland Cement),101.5
2012-05-01,Cement In Bulk (Ordinary Portland Cement),101.1
2012-06-01,Cement In Bulk (Ordinary Portland Cement),100.9
2012-07-01,Cement In Bulk (Ordinary Portland Cement),101.7
2012-08-01,Cement In Bulk (Ordinary Portland Cement),101.5
2012-09-01,Cement In Bulk (Ordinary Portland Cement),101.4
2012-10-01,Cement In Bulk (Ordinary Portland Cement),101.7
2012-11-01,Cement In Bulk (Ordinary Portland Cement),101.9
2012-12-01,Cement In Bulk (Ordinary Portland Cement),102.1
2013-01-01,Cement In Bulk (Ordinary Portland Cement),101.2
2013-02-01,Cement In Bulk (Ordinary Portland Cement),101.7
2013-03-01,Cement In Bulk (Ordinary Portland Cement),100.8
2013-04-01,Cement In Bulk (Ordinary Portland Cement),101.0
2013-05-01,Cement In Bulk (Ordinary Portland Cement),100.5
2013-06-01,Cement In Bulk (Ordinary Portland Cement),100.0
2013-07-01,Cement In Bulk (Ordinary Portland Cement),99.8
2013-08-01,Cement In Bulk (Ordinary Portland Cement),99.8
2013-09-01,Cement In Bulk (Ordinary Portland Cement),99.6
2013-10-01,Cement In Bulk (Ordinary Portland Cement),99.7
2013-11-01,Cement In Bulk (Ordinary Portland Cement),99.3
2013-12-01,Cement In Bulk (Ordinary Portland Cement),99.3
2014-01-01,Cement In Bulk (Ordinary Portland Cement),99.3
2014-02-01,Cement In Bulk (Ordinary Portland Cement),99.0
2014-03-01,Cement In Bulk (Ordinary Portland Cement),98.5
2014-04-01,Cement In Bulk (Ordinary Portland Cement),98.7
2014-05-01,Cement In Bulk (Ordinary Portland Cement),98.7
2014-06-01,Cement In Bulk (Ordinary Portland Cement),98.6
2014-07-01,Cement In Bulk (Ordinary Portland Cement),98.1
2014-08-01,Cement In Bulk (Ordinary Portland Cement),97.9
2014-09-01,Cement In Bulk (Ordinary Portland Cement),97.2
2014-10-01,Cement In Bulk (Ordinary Portland Cement),97.0
2014-11-01,Cement In Bulk (Ordinary Portland Cement),96.4
2014-12-01,Cement In Bulk (Ordinary Portland Cement),95.7
2015-01-01,Cement In Bulk (Ordinary Portland Cement),95.1
2015-02-01,Cement In Bulk (Ordinary Portland Cement),94.4
2015-03-01,Cement In Bulk (Ordinary Portland Cement),94.3
2015-04-01,Cement In Bulk (Ordinary Portland Cement),93.8
2015-05-01,Cement In Bulk (Ordinary Portland Cement),93.6
2015-06-01,Cement In Bulk (Ordinary Portland Cement),93.0
2015-07-01,Cement In Bulk (Ordinary Portland Cement),92.6
2015-08-01,Cement In Bulk (Ordinary Portland Cement),92.6
2015-09-01,Cement In Bulk (Ordinary Portland Cement),92.4
2015-10-01,Cement In Bulk (Ordinary Portland Cement),92.0
2015-11-01,Cement In Bulk (Ordinary Portland Cement),91.0
2015-12-01,Cement In Bulk (Ordinary Portland Cement),90.8
2016-01-01,Cement In Bulk (Ordinary Portland Cement),88.9
2016-02-01,Cement In Bulk (Ordinary Portland Cement),87.3
2016-03-01,Cement In Bulk (Ordinary Portland Cement),86.7
2016-04-01,Cement In Bulk (Ordinary Portland Cement),84.5
2016-05-01,Cement In Bulk (Ordinary Portland Cement),84.2
2016-06-01,Cement In Bulk (Ordinary Portland Cement),82.6
2016-07-01,Cement In Bulk (Ordinary Portland Cement),81.2
2016-08-01,Cement In Bulk (Ordinary Portland Cement),81.1
2016-09-01,Cement In Bulk (Ordinary Portland Cement),80.5
2016-10-01,Cement In Bulk (Ordinary Portland Cement),80.1
2016-11-01,Cement In Bulk (Ordinary Portland Cement),79.3
2016-12-01,Cement In Bulk (Ordinary Portland Cement),79.0
2017-01-01,Cement In Bulk (Ordinary Portland Cement),76.8
2017-02-01,Cement In Bulk (Ordinary Portland Cement),76.3
2017-03-01,Cement In Bulk (Ordinary Portland Cement),75.9
2017-04-01,Cement In Bulk (Ordinary Portland Cement),76.5
2017-05-01,Cement In Bulk (Ordinary Portland Cement),76.2
2017-06-01,Cement In Bulk (Ordinary Portland Cement),76.5
2017-07-01,Cement In Bulk (Ordinary Portland Cement),76.0
2017-08-01,Cement In Bulk (Ordinary Portland Cement),74.8
2017-09-01,Cement In Bulk (Ordinary Portland Cement),75.3
2017-10-01,Cement In Bulk (Ordinary Portland Cement),75.8
2017-11-01,Cement In Bulk (Ordinary Portland Cement),75.4
2017-12-01,Cement In Bulk (Ordinary Portland Cement),75.4
2018-01-01,Cement In Bulk (Ordinary Portland Cement),76.1
2018-02-01,Cement In Bulk (Ordinary Portland Cement),75.7
2018-03-01,Cement In Bulk (Ordinary Portland Cement),76.9
2018-04-01,Cement In Bulk (Ordinary Portland Cement),77.1
2018-05-01,Cement In Bulk (Ordinary Portland Cement),77.6
2018-06-01,Cement In Bulk (Ordinary Portland Cement),77.8
2018-07-01,Cement In Bulk (Ordinary Portland Cement),78.9
2018-08-01,Cement In Bulk (Ordinary Portland Cement),79.0
2018-09-01,Cement In Bulk (Ordinary Portland Cement),79.1
2018-10-01,Cement In Bulk (Ordinary Portland Cement),79.3
2018-11-01,Cement In Bulk (Ordinary Portland Cement),79.7
2018-12-01,Cement In Bulk (Ordinary Portland Cement),79.8
2019-01-01,Cement In Bulk (Ordinary Portland Cement),80.8
2019-02-01,Cement In Bulk (Ordinary Portland Cement),81.3
2019-03-01,Cement In Bulk (Ordinary Portland Cement),81.3
2019-04-01,Cement In Bulk (Ordinary Portland Cement),81.3
2019-05-01,Cement In Bulk (Ordinary Portland Cement),82.2
2019-06-01,Cement In Bulk (Ordinary Portland Cement),82.5
2019-07-01,Cement In Bulk (Ordinary Portland Cement),83.0
2019-08-01,Cement In Bulk (Ordinary Portland Cement),83.0
2019-09-01,Cement In Bulk (Ordinary Portland Cement),83.0
2019-10-01,Cement In Bulk (Ordinary Portland Cement),84.3
2019-11-01,Cement In Bulk (Ordinary Portland Cement),84.8
2019-12-01,Cement In Bulk (Ordinary Portland Cement),84.6
2020-01-01,Cement In Bulk (Ordinary Portland Cement),85.2
2020-02-01,Cement In Bulk (Ordinary Portland Cement),85.3
2020-03-01,Cement In Bulk (Ordinary Portland Cement),86.0
2020-04-01,Cement In Bulk (Ordinary Portland Cement),86.1
2020-05-01,Cement In Bulk (Ordinary Portland Cement),86.1
2020-06-01,Cement In Bulk (Ordinary Portland Cement),86.1
2020-07-01,Cement In Bulk (Ordinary Portland Cement),86.1
2020-08-01,Cement In Bulk (Ordinary Portland Cement),85.9
2020-09-01,Cement In Bulk (Ordinary Portland Cement),85.7
2020-10-01,Cement In Bulk (Ordinary Portland Cement),86.0
2020-11-01,Cement In Bulk (Ordinary Portland Cement),86.0
2020-12-01,Cement In Bulk (Ordinary Portland Cement),85.7
2021-01-01,Cement In Bulk (Ordinary Portland Cement),85.7
2021-02-01,Cement In Bulk (Ordinary Portland Cement),85.7
2021-03-01,Cement In Bulk (Ordinary Portland Cement),85.8
2021-04-01,Cement In Bulk (Ordinary Portland Cement),88.4
2021-05-01,Cement In Bulk (Ordinary Portland Cement),90.0
2021-06-01,Cement In Bulk (Ordinary Portland Cement),91.2
2021-07-01,Cement In Bulk (Ordinary Portland Cement),95.0
2021-08-01,Cement In Bulk (Ordinary Portland Cement),95.1
2021-09-01,Cement In Bulk (Ordinary Portland Cement),95.1
2021-10-01,Cement In Bulk (Ordinary Portland Cement),95.4
2021-11-01,Cement In Bulk (Ordinary Portland Cement),96.1
2021-12-01,Cement In Bulk (Ordinary Portland Cement),97.5
2022-01-01,Cement In Bulk (Ordinary Portland Cement),104.6
2022-02-01,Cement In Bulk (Ordinary Portland Cement),106.3
2022-03-01,Cement In Bulk (Ordinary Portland Cement),110.0
2022-04-01,Cement In Bulk (Ordinary Portland Cement),112.7
2022-05-01,Cement In Bulk (Ordinary Portland Cement),118.4
2022-06-01,Cement In Bulk (Ordinary Portland Cement),118.3
2022-07-01,Cement In Bulk (Ordinary Portland Cement),118.5
2022-08-01,Cement In Bulk (Ordinary Portland Cement),119.0
2022-09-01,Cement In Bulk (Ordinary Portland Cement),118.6
2022-10-01,Cement In Bulk (Ordinary Portland Cement),118.6
2022-11-01,Cement In Bulk (Ordinary Portland Cement),118.4
2022-12-01,Cement In Bulk (Ordinary Portland Cement),118.3
2023-01-01,Cement In Bulk (Ordinary Portland Cement),118.5
2023-02-01,Cement In Bulk (Ordinary Portland Cement),118.4
2023-03-01,Cement In Bulk (Ordinary Portland Cement),118.2
2023-04-01,Cement In Bulk (Ordinary Portland Cement),118.0
2023-05-01,Cement In Bulk (Ordinary Portland Cement),117.2
2023-06-01,Cement In Bulk (Ordinary Portland Cement),116.7
2023-07-01,Cement In Bulk (Ordinary Portland Cement),115.2
2023-08-01,Cement In Bulk (Ordinary Portland Cement),114.4
2023-09-01,Cement In Bulk (Ordinary Portland Cement),113.5
2023-10-01,Cement In Bulk (Ordinary Portland Cement),113.2
2023-11-01,Cement In Bulk (Ordinary Portland Cement),112.0
2023-12-01,Cement In Bulk (Ordinary Portland Cement),111.7
2024-01-01,Cement In Bulk (Ordinary Portland Cement),110.6
2024-02-01,Cement In Bulk (Ordinary Portland Cement),110.6
2024-03-01,Cement In Bulk (Ordinary Portland Cement),110.8
2024-04-01,Cement In Bulk (Ordinary Portland Cement),110.2
2024-05-01,Cement In Bulk (Ordinary Portland Cement),110.2
2024-06-01,Cement In Bulk (Ordinary Portland Cement),109.6
2024-07-01,Cement In Bulk (Ordinary Portland Cement),109.0
2024-08-01,Cement In Bulk (Ordinary Portland Cement),108.4
2024-09-01,Cement In Bulk (Ordinary Portland Cement),108.0
2024-10-01,Cement In Bulk (Ordinary Portland Cement),107.4
2024-11-01,Cement In Bulk (Ordinary Portland Cement),106.4
2024-12-01,Cement In Bulk (Ordinary Portland Cement),105.8
2025-01-01,Cement In Bulk (Ordinary Portland Cement),104.4
2025-02-01,Cement In Bulk (Ordinary Portland Cement),104.2
2025-03-01,Cement In Bulk (Ordinary Portland Cement),103.9
2025-04-01,Cement In Bulk (Ordinary Portland Cement),103.6
2025-05-01,Cement In Bulk (Ordinary Portland Cement),103.3
2025-06-01,Cement In Bulk (Ordinary Portland Cement),102.8
2025-07-01,Cement In Bulk (Ordinary Portland Cement),101.1
2025-08-01,Cement In Bulk (Ordinary Portland Cement),101.5
2025-09-01,Cement In Bulk (Ordinary Portland Cement),102.2
2025-10-01,Cement In Bulk (Ordinary Portland Cement),104.0
2025-11-01,Cement In Bulk (Ordinary Portland Cement),110.0
2025-12-01,Cement In Bulk (Ordinary Portland Cement),115.9
2026-01-01,Cement In Bulk (Ordinary Portland Cement),118.6
2026-02-01,Cement In Bulk (Ordinary Portland Cement),119.2
2026-03-01,Cement In Bulk (Ordinary Portland Cement),121.9
2026-04-01,Cement In Bulk (Ordinary Portland Cement),124.7
2026-05-01,Cement In Bulk (Ordinary Portland Cement),125.8
2026-06-01,Cement In Bulk (Ordinary Portland Cement),124.15
1999-01-01,Concreting Sand,11.58
1999-02-01,Concreting Sand,10.7
1999-03-01,Concreting Sand,10.7
1999-04-01,Concreting Sand,10.7
1999-05-01,Concreting Sand,10.65
1999-06-01,Concreting Sand,10.65
1999-07-01,Concreting Sand,10.58
1999-08-01,Concreting Sand,10.58
1999-09-01,Concreting Sand,10.58
1999-10-01,Concreting Sand,10.33
1999-11-01,Concreting Sand,10.33
1999-12-01,Concreting Sand,10.58
2000-01-01,Concreting Sand,10.66
2000-02-01,Concreting Sand,10.66
2000-03-01,Concreting Sand,10.66
2000-04-01,Concreting Sand,10.76
2000-05-01,Concreting Sand,10.76
2000-06-01,Concreting Sand,10.76
2000-07-01,Concreting Sand,10.86
2000-08-01,Concreting Sand,11.0
2000-09-01,Concreting Sand,11.0
2000-10-01,Concreting Sand,11.06
2000-11-01,Concreting Sand,10.86
2000-12-01,Concreting Sand,10.66
2001-01-01,Concreting Sand,10.66
2001-02-01,Concreting Sand,10.66
2001-03-01,Concreting Sand,10.66
2001-04-01,Concreting Sand,10.66
2001-05-01,Concreting Sand,10.66
2001-06-01,Concreting Sand,10.66
2001-07-01,Concreting Sand,10.66
2001-08-01,Concreting Sand,10.66
2001-09-01,Concreting Sand,11.36
2001-10-01,Concreting Sand,11.66
2001-11-01,Concreting Sand,11.34
2001-12-01,Concreting Sand,11.2
2002-01-01,Concreting Sand,11.1
2002-02-01,Concreting Sand,11.1
2002-03-01,Concreting Sand,11.08
2002-04-01,Concreting Sand,10.95
2002-05-01,Concreting Sand,10.95
2002-06-01,Concreting Sand,10.95
2002-07-01,Concreting Sand,10.95
2002-08-01,Concreting Sand,10.95
2002-09-01,Concreting Sand,10.95
2002-10-01,Concreting Sand,10.95
2002-11-01,Concreting Sand,10.95
2002-12-01,Concreting Sand,10.83
2003-01-01,Concreting Sand,10.83
2003-02-01,Concreting Sand,10.83
2003-03-01,Concreting Sand,10.88
2003-04-01,Concreting Sand,10.88
2003-05-01,Concreting Sand,10.88
2003-06-01,Concreting Sand,10.88
2003-07-01,Concreting Sand,10.88
2003-08-01,Concreting Sand,10.88
2003-09-01,Concreting Sand,10.88
2003-10-01,Concreting Sand,10.88
2003-11-01,Concreting Sand,10.88
2003-12-01,Concreting Sand,10.88
2004-01-01,Concreting Sand,10.99
2004-02-01,Concreting Sand,10.86
2004-03-01,Concreting Sand,10.91
2004-04-01,Concreting Sand,11.24
2004-05-01,Concreting Sand,11.26
2004-06-01,Concreting Sand,11.39
2004-07-01,Concreting Sand,11.51
2004-08-01,Concreting Sand,11.51
2004-09-01,Concreting Sand,11.51
2004-10-01,Concreting Sand,11.51
2004-11-01,Concreting Sand,11.51
2004-12-01,Concreting Sand,11.51
2005-01-01,Concreting Sand,11.51
2005-02-01,Concreting Sand,11.51
2005-03-01,Concreting Sand,11.51
2005-04-01,Concreting Sand,11.76
2005-05-01,Concreting Sand,11.76
2005-06-01,Concreting Sand,11.84
2005-07-01,Concreting Sand,12.09
2005-08-01,Concreting Sand,12.46
2005-09-01,Concreting Sand,12.59
2005-10-01,Concreting Sand,12.59
2005-11-01,Concreting Sand,12.64
2005-12-01,Concreting Sand,12.64
2006-01-01,Concreting Sand,13.67
2006-02-01,Concreting Sand,13.67
2006-03-01,Concreting Sand,13.67
2006-04-01,Concreting Sand,14.17
2006-05-01,Concreting Sand,14.17
2006-06-01,Concreting Sand,14.17
2006-07-01,Concreting Sand,14.5
2006-08-01,Concreting Sand,14.83
2006-09-01,Concreting Sand,14.75
2006-10-01,Concreting Sand,15.5
2006-11-01,Concreting Sand,15.75
2006-12-01,Concreting Sand,16.75
2007-01-01,Concreting Sand,16.3
2007-02-01,Concreting Sand,26.95
2007-03-01,Concreting Sand,60.0
2007-04-01,Concreting Sand,60.0
2007-05-01,Concreting Sand,58.16
2007-06-01,Concreting Sand,54.2
2007-07-01,Concreting Sand,54.6
2007-08-01,Concreting Sand,50.9
2007-09-01,Concreting Sand,47.2
2007-10-01,Concreting Sand,41.3
2007-11-01,Concreting Sand,40.2
2007-12-01,Concreting Sand,39.3
2008-01-01,Concreting Sand,38.0
2008-02-01,Concreting Sand,37.8
2008-03-01,Concreting Sand,37.6
2008-04-01,Concreting Sand,37.7
2008-05-01,Concreting Sand,38.01
2008-06-01,Concreting Sand,37.09
2008-07-01,Concreting Sand,36.8
2008-08-01,Concreting Sand,36.7
2008-09-01,Concreting Sand,36.7
2008-10-01,Concreting Sand,36.8
2008-11-01,Concreting Sand,36.1
2008-12-01,Concreting Sand,34.3
2009-01-01,Concreting Sand,34.3
2009-02-01,Concreting Sand,33.6
2009-03-01,Concreting Sand,31.6
2009-04-01,Concreting Sand,30.9
2009-05-01,Concreting Sand,29.1
2009-06-01,Concreting Sand,28.8
2009-07-01,Concreting Sand,29.3
2009-08-01,Concreting Sand,29.9
2009-09-01,Concreting Sand,29.1
2009-10-01,Concreting Sand,28.3
2009-11-01,Concreting Sand,27.8
2009-12-01,Concreting Sand,26.7
2010-01-01,Concreting Sand,27.8
2010-02-01,Concreting Sand,28.7
2010-03-01,Concreting Sand,27.6
2010-04-01,Concreting Sand,28.1
2010-05-01,Concreting Sand,28.5
2010-06-01,Concreting Sand,27.4
2010-07-01,Concreting Sand,28.3
2010-08-01,Concreting Sand,27.9
2010-09-01,Concreting Sand,28.0
2010-10-01,Concreting Sand,28.1
2010-11-01,Concreting Sand,28.5
2010-12-01,Concreting Sand,29.4
2011-01-01,Concreting Sand,28.5
2011-02-01,Concreting Sand,28.0
2011-03-01,Concreting Sand,28.1
2011-04-01,Concreting Sand,28.1
2011-05-01,Concreting Sand,26.0
2011-06-01,Concreting Sand,26.1
2011-07-01,Concreting Sand,25.3
2011-08-01,Concreting Sand,24.7
2011-09-01,Concreting Sand,24.0
2011-10-01,Concreting Sand,24.1
2011-11-01,Concreting Sand,24.1
2011-12-01,Concreting Sand,24.5
2012-01-01,Concreting Sand,23.9
2012-02-01,Concreting Sand,24.5
2012-03-01,Concreting Sand,24.3
2012-04-01,Concreting Sand,24.1
2012-05-01,Concreting Sand,24.1
2012-06-01,Concreting Sand,24.2
2012-07-01,Concreting Sand,24.2
2012-08-01,Concreting Sand,23.9
2012-09-01,Concreting Sand,23.7
2012-10-01,Concreting Sand,24.0
2012-11-01,Concreting Sand,24.0
2012-12-01,Concreting Sand,24.3
2013-01-01,Concreting Sand,24.0
2013-02-01,Concreting Sand,23.3
2013-03-01,Concreting Sand,23.6
2013-04-01,Concreting Sand,23.7
2013-05-01,Concreting Sand,23.6
2013-06-01,Concreting Sand,23.5
2013-07-01,Concreting Sand,22.7
2013-08-01,Concreting Sand,22.1
2013-09-01,Concreting Sand,22.4
2013-10-01,Concreting Sand,22.3
2013-11-01,Concreting Sand,22.3
2013-12-01,Concreting Sand,22.4
2014-01-01,Concreting Sand,22.4
2014-02-01,Concreting Sand,23.9
2014-03-01,Concreting Sand,23.5
2014-04-01,Concreting Sand,23.6
2014-05-01,Concreting Sand,23.6
2014-06-01,Concreting Sand,23.2
2014-07-01,Concreting Sand,23.3
2014-08-01,Concreting Sand,23.3
2014-09-01,Concreting Sand,23.2
2014-10-01,Concreting Sand,23.1
2014-11-01,Concreting Sand,23.0
2014-12-01,Concreting Sand,22.9
2015-01-01,Concreting Sand,22.8
2015-02-01,Concreting Sand,23.0
2015-03-01,Concreting Sand,23.4
2015-04-01,Concreting Sand,23.2
2015-05-01,Concreting Sand,23.2
2015-06-01,Concreting Sand,23.2
2015-07-01,Concreting Sand,22.9
2015-08-01,Concreting Sand,22.9
2015-09-01,Concreting Sand,23.0
2015-10-01,Concreting Sand,22.0
2015-11-01,Concreting Sand,21.4
2015-12-01,Concreting Sand,21.2
2016-01-01,Concreting Sand,20.4
2016-02-01,Concreting Sand,20.6
2016-03-01,Concreting Sand,20.6
2016-04-01,Concreting Sand,20.1
2016-05-01,Concreting Sand,19.7
2016-06-01,Concreting Sand,19.4
2016-07-01,Concreting Sand,17.9
2016-08-01,Concreting Sand,16.4
2016-09-01,Concreting Sand,16.2
2016-10-01,Concreting Sand,15.9
2016-11-01,Concreting Sand,16.2
2016-12-01,Concreting Sand,16.2
2017-01-01,Concreting Sand,16.3
2017-02-01,Concreting Sand,16.7
2017-03-01,Concreting Sand,17.0
2017-04-01,Concreting Sand,16.3
2017-05-01,Concreting Sand,16.9
2017-06-01,Concreting Sand,16.6
2017-07-01,Concreting Sand,17.0
2017-08-01,Concreting Sand,18.0
2017-09-01,Concreting Sand,17.8
2017-10-01,Concreting Sand,17.4
2017-11-01,Concreting Sand,17.5
2017-12-01,Concreting Sand,17.9
2018-01-01,Concreting Sand,18.0
2018-02-01,Concreting Sand,17.8
2018-03-01,Concreting Sand,17.5
2018-04-01,Concreting Sand,17.5
2018-05-01,Concreting Sand,17.5
2018-06-01,Concreting Sand,17.6
2018-07-01,Concreting Sand,17.6
2018-08-01,Concreting Sand,18.6
2018-09-01,Concreting Sand,19.0
2018-10-01,Concreting Sand,20.0
2018-11-01,Concreting Sand,20.9
2018-12-01,Concreting Sand,21.1
2019-01-01,Concreting Sand,21.9
2019-02-01,Concreting Sand,23.3
2019-03-01,Concreting Sand,24.3
2019-04-01,Concreting Sand,26.7
2019-05-01,Concreting Sand,26.7
2019-06-01,Concreting Sand,26.4
2019-07-01,Concreting Sand,26.4
2019-08-01,Concreting Sand,27.3
2019-09-01,Concreting Sand,29.6
2019-10-01,Concreting Sand,30.0
2019-11-01,Concreting Sand,28.9
2019-12-01,Concreting Sand,28.4
2020-01-01,Concreting Sand,27.2
2020-02-01,Concreting Sand,26.6
2020-03-01,Concreting Sand,26.1
2020-04-01,Concreting Sand,25.0
2020-05-01,Concreting Sand,25.0
2020-06-01,Concreting Sand,25.0
2020-07-01,Concreting Sand,25.0
2020-08-01,Concreting Sand,23.6
2020-09-01,Concreting Sand,24.7
2020-10-01,Concreting Sand,24.0
2020-11-01,Concreting Sand,23.5
2020-12-01,Concreting Sand,23.6
2021-01-01,Concreting Sand,23.0
2021-02-01,Concreting Sand,23.4
2021-03-01,Concreting Sand,24.2
2021-04-01,Concreting Sand,23.8
2021-05-01,Concreting Sand,24.4
2021-06-01,Concreting Sand,24.9
2021-07-01,Concreting Sand,24.1
2021-08-01,Concreting Sand,23.9
2021-09-01,Concreting Sand,23.1
2021-10-01,Concreting Sand,22.7
2021-11-01,Concreting Sand,22.6
2021-12-01,Concreting Sand,23.0
2022-01-01,Concreting Sand,22.9
2022-02-01,Concreting Sand,24.3
2022-03-01,Concreting Sand,23.2
2022-04-01,Concreting Sand,24.7
2022-05-01,Concreting Sand,24.2
2022-06-01,Concreting Sand,23.8
2022-07-01,Concreting Sand,23.6
2022-08-01,Concreting Sand,23.2
2022-09-01,Concreting Sand,22.5
2022-10-01,Concreting Sand,23.0
2022-11-01,Concreting Sand,22.4
2022-12-01,Concreting Sand,28.1
2023-01-01,Concreting Sand,28.2
2023-02-01,Concreting Sand,28.2
2023-03-01,Concreting Sand,29.2
2023-04-01,Concreting Sand,29.1
2023-05-01,Concreting Sand,29.2
2023-06-01,Concreting Sand,29.2
2023-07-01,Concreting Sand,29.0
2023-08-01,Concreting Sand,29.4
2023-09-01,Concreting Sand,29.5
2023-10-01,Concreting Sand,29.3
2023-11-01,Concreting Sand,29.6
2023-12-01,Concreting Sand,27.9
2024-01-01,Concreting Sand,28.1
2024-02-01,Concreting Sand,28.3
2024-03-01,Concreting Sand,28.1
2024-04-01,Concreting Sand,27.9
2024-05-01,Concreting Sand,27.9
2024-06-01,Concreting Sand,28.0
2024-07-01,Concreting Sand,27.5
2024-08-01,Concreting Sand,27.7
2024-09-01,Concreting Sand,27.6
2024-10-01,Concreting Sand,27.7
2024-11-01,Concreting Sand,27.7
2024-12-01,Concreting Sand,27.7
2025-01-01,Concreting Sand,27.4
2025-02-01,Concreting Sand,27.6
2025-03-01,Concreting Sand,27.3
2025-04-01,Concreting Sand,26.8
2025-05-01,Concreting Sand,27.1
2025-06-01,Concreting Sand,26.7
2025-07-01,Concreting Sand,26.7
2025-08-01,Concreting Sand,26.7
2025-09-01,Concreting Sand,26.4
2025-10-01,Concreting Sand,26.7
2025-11-01,Concreting Sand,27.0
2025-12-01,Concreting Sand,26.8
2026-01-01,Concreting Sand,26.7
2026-02-01,Concreting Sand,26.4
2026-03-01,Concreting Sand,27.8
2026-04-01,Concreting Sand,29.0
2026-05-01,Concreting Sand,28.6
2026-06-01,Concreting Sand,28.6
1999-01-01,Granite (20mm Aggregate),10.66
1999-02-01,Granite (20mm Aggregate),10.7
1999-03-01,Granite (20mm Aggregate),10.86
1999-04-01,Granite (20mm Aggregate),11.09
1999-05-01,Granite (20mm Aggregate),10.98
1999-06-01,Granite (20mm Aggregate),10.99
1999-07-01,Granite (20mm Aggregate),10.98
1999-08-01,Granite (20mm Aggregate),11.88
1999-09-01,Granite (20mm Aggregate),11.91
1999-10-01,Granite (20mm Aggregate),12.02
1999-11-01,Granite (20mm Aggregate),12.02
1999-12-01,Granite (20mm Aggregate),12.01
2000-01-01,Granite (20mm Aggregate),12.03
2000-02-01,Granite (20mm Aggregate),12.12
2000-03-01,Granite (20mm Aggregate),12.38
2000-04-01,Granite (20mm Aggregate),12.48
2000-05-01,Granite (20mm Aggregate),12.55
2000-06-01,Granite (20mm Aggregate),12.46
2000-07-01,Granite (20mm Aggregate),12.6
2000-08-01,Granite (20mm Aggregate),12.6
2000-09-01,Granite (20mm Aggregate),12.6
2000-10-01,Granite (20mm Aggregate),12.65
2000-11-01,Granite (20mm Aggregate),12.69
2000-12-01,Granite (20mm Aggregate),12.78
2001-01-01,Granite (20mm Aggregate),12.68
2001-02-01,Granite (20mm Aggregate),12.68
2001-03-01,Granite (20mm Aggregate),12.67
2001-04-01,Granite (20mm Aggregate),12.61
2001-05-01,Granite (20mm Aggregate),12.63
2001-06-01,Granite (20mm Aggregate),13.0
2001-07-01,Granite (20mm Aggregate),13.1
2001-08-01,Granite (20mm Aggregate),12.65
2001-09-01,Granite (20mm Aggregate),12.58
2001-10-01,Granite (20mm Aggregate),12.53
2001-11-01,Granite (20mm Aggregate),12.46
2001-12-01,Granite (20mm Aggregate),12.5
2002-01-01,Granite (20mm Aggregate),12.51
2002-02-01,Granite (20mm Aggregate),12.51
2002-03-01,Granite (20mm Aggregate),12.57
2002-04-01,Granite (20mm Aggregate),12.65
2002-05-01,Granite (20mm Aggregate),12.66
2002-06-01,Granite (20mm Aggregate),12.68
2002-07-01,Granite (20mm Aggregate),12.69
2002-08-01,Granite (20mm Aggregate),12.68
2002-09-01,Granite (20mm Aggregate),12.68
2002-10-01,Granite (20mm Aggregate),12.74
2002-11-01,Granite (20mm Aggregate),12.74
2002-12-01,Granite (20mm Aggregate),12.74
2003-01-01,Granite (20mm Aggregate),12.21
2003-02-01,Granite (20mm Aggregate),12.21
2003-03-01,Granite (20mm Aggregate),12.21
2003-04-01,Granite (20mm Aggregate),12.29
2003-05-01,Granite (20mm Aggregate),12.28
2003-06-01,Granite (20mm Aggregate),12.29
2003-07-01,Granite (20mm Aggregate),12.29
2003-08-01,Granite (20mm Aggregate),12.29
2003-09-01,Granite (20mm Aggregate),12.29
2003-10-01,Granite (20mm Aggregate),12.21
2003-11-01,Granite (20mm Aggregate),12.2
2003-12-01,Granite (20mm Aggregate),12.21
2004-01-01,Granite (20mm Aggregate),12.21
2004-02-01,Granite (20mm Aggregate),12.21
2004-03-01,Granite (20mm Aggregate),12.21
2004-04-01,Granite (20mm Aggregate),12.36
2004-05-01,Granite (20mm Aggregate),12.43
2004-06-01,Granite (20mm Aggregate),12.28
2004-07-01,Granite (20mm Aggregate),12.35
2004-08-01,Granite (20mm Aggregate),12.42
2004-09-01,Granite (20mm Aggregate),12.41
2004-10-01,Granite (20mm Aggregate),12.82
2004-11-01,Granite (20mm Aggregate),13.07
2004-12-01,Granite (20mm Aggregate),14.07
2005-01-01,Granite (20mm Aggregate),15.38
2005-02-01,Granite (20mm Aggregate),15.48
2005-03-01,Granite (20mm Aggregate),15.48
2005-04-01,Granite (20mm Aggregate),15.58
2005-05-01,Granite (20mm Aggregate),15.58
2005-06-01,Granite (20mm Aggregate),16.38
2005-07-01,Granite (20mm Aggregate),17.3
2005-08-01,Granite (20mm Aggregate),17.3
2005-09-01,Granite (20mm Aggregate),16.9
2005-10-01,Granite (20mm Aggregate),16.7
2005-11-01,Granite (20mm Aggregate),16.7
2005-12-01,Granite (20mm Aggregate),16.7
2006-01-01,Granite (20mm Aggregate),16.0
2006-02-01,Granite (20mm Aggregate),15.88
2006-03-01,Granite (20mm Aggregate),15.88
2006-04-01,Granite (20mm Aggregate),15.88
2006-05-01,Granite (20mm Aggregate),16.0
2006-06-01,Granite (20mm Aggregate),15.93
2006-07-01,Granite (20mm Aggregate),16.05
2006-08-01,Granite (20mm Aggregate),16.5
2006-09-01,Granite (20mm Aggregate),16.5
2006-10-01,Granite (20mm Aggregate),17.5
2006-11-01,Granite (20mm Aggregate),18.17
2006-12-01,Granite (20mm Aggregate),18.67
2007-01-01,Granite (20mm Aggregate),19.5
2007-02-01,Granite (20mm Aggregate),20.9
2007-03-01,Granite (20mm Aggregate),68.97
2007-04-01,Granite (20mm Aggregate),58.61
2007-05-01,Granite (20mm Aggregate),38.24
2007-06-01,Granite (20mm Aggregate),28.6
2007-07-01,Granite (20mm Aggregate),24.6
2007-08-01,Granite (20mm Aggregate),24.2
2007-09-01,Granite (20mm Aggregate),24.4
2007-10-01,Granite (20mm Aggregate),24.5
2007-11-01,Granite (20mm Aggregate),24.3
2007-12-01,Granite (20mm Aggregate),24.1
2008-01-01,Granite (20mm Aggregate),24.0
2008-02-01,Granite (20mm Aggregate),23.8
2008-03-01,Granite (20mm Aggregate),23.7
2008-04-01,Granite (20mm Aggregate),23.5
2008-05-01,Granite (20mm Aggregate),23.46
2008-06-01,Granite (20mm Aggregate),23.68
2008-07-01,Granite (20mm Aggregate),24.6
2008-08-01,Granite (20mm Aggregate),26.3
2008-09-01,Granite (20mm Aggregate),26.5
2008-10-01,Granite (20mm Aggregate),26.9
2008-11-01,Granite (20mm Aggregate),26.1
2008-12-01,Granite (20mm Aggregate),23.9
2009-01-01,Granite (20mm Aggregate),23.4
2009-02-01,Granite (20mm Aggregate),23.0
2009-03-01,Granite (20mm Aggregate),22.2
2009-04-01,Granite (20mm Aggregate),21.4
2009-05-01,Granite (20mm Aggregate),21.0
2009-06-01,Granite (20mm Aggregate),18.9
2009-07-01,Granite (20mm Aggregate),18.7
2009-08-01,Granite (20mm Aggregate),18.0
2009-09-01,Granite (20mm Aggregate),17.6
2009-10-01,Granite (20mm Aggregate),17.4
2009-11-01,Granite (20mm Aggregate),17.4
2009-12-01,Granite (20mm Aggregate),17.1
2010-01-01,Granite (20mm Aggregate),18.0
2010-02-01,Granite (20mm Aggregate),17.9
2010-03-01,Granite (20mm Aggregate),18.4
2010-04-01,Granite (20mm Aggregate),18.2
2010-05-01,Granite (20mm Aggregate),18.4
2010-06-01,Granite (20mm Aggregate),19.1
2010-07-01,Granite (20mm Aggregate),18.8
2010-08-01,Granite (20mm Aggregate),19.4
2010-09-01,Granite (20mm Aggregate),19.9
2010-10-01,Granite (20mm Aggregate),20.9
2010-11-01,Granite (20mm Aggregate),23.2
2010-12-01,Granite (20mm Aggregate),23.4
2011-01-01,Granite (20mm Aggregate),23.9
2011-02-01,Granite (20mm Aggregate),24.0
2011-03-01,Granite (20mm Aggregate),23.8
2011-04-01,Granite (20mm Aggregate),23.5
2011-05-01,Granite (20mm Aggregate),21.2
2011-06-01,Granite (20mm Aggregate),20.9
2011-07-01,Granite (20mm Aggregate),21.0
2011-08-01,Granite (20mm Aggregate),20.2
2011-09-01,Granite (20mm Aggregate),20.4
2011-10-01,Granite (20mm Aggregate),20.4
2011-11-01,Granite (20mm Aggregate),19.9
2011-12-01,Granite (20mm Aggregate),19.8
2012-01-01,Granite (20mm Aggregate),19.9
2012-02-01,Granite (20mm Aggregate),19.9
2012-03-01,Granite (20mm Aggregate),20.0
2012-04-01,Granite (20mm Aggregate),20.6
2012-05-01,Granite (20mm Aggregate),21.0
2012-06-01,Granite (20mm Aggregate),21.1
2012-07-01,Granite (20mm Aggregate),21.3
2012-08-01,Granite (20mm Aggregate),21.4
2012-09-01,Granite (20mm Aggregate),22.4
2012-10-01,Granite (20mm Aggregate),23.0
2012-11-01,Granite (20mm Aggregate),22.4
2012-12-01,Granite (20mm Aggregate),22.1
2013-01-01,Granite (20mm Aggregate),21.9
2013-02-01,Granite (20mm Aggregate),21.6
2013-03-01,Granite (20mm Aggregate),21.3
2013-04-01,Granite (20mm Aggregate),21.1
2013-05-01,Granite (20mm Aggregate),20.7
2013-06-01,Granite (20mm Aggregate),20.2
2013-07-01,Granite (20mm Aggregate),19.9
2013-08-01,Granite (20mm Aggregate),19.7
2013-09-01,Granite (20mm Aggregate),19.8
2013-10-01,Granite (20mm Aggregate),20.0
2013-11-01,Granite (20mm Aggregate),20.2
2013-12-01,Granite (20mm Aggregate),20.9
2014-01-01,Granite (20mm Aggregate),22.4
2014-02-01,Granite (20mm Aggregate),25.2
2014-03-01,Granite (20mm Aggregate),24.4
2014-04-01,Granite (20mm Aggregate),22.6
2014-05-01,Granite (20mm Aggregate),22.5
2014-06-01,Granite (20mm Aggregate),22.1
2014-07-01,Granite (20mm Aggregate),22.1
2014-08-01,Granite (20mm Aggregate),21.4
2014-09-01,Granite (20mm Aggregate),21.5
2014-10-01,Granite (20mm Aggregate),21.8
2014-11-01,Granite (20mm Aggregate),21.8
2014-12-01,Granite (20mm Aggregate),21.6
2015-01-01,Granite (20mm Aggregate),21.4
2015-02-01,Granite (20mm Aggregate),21.2
2015-03-01,Granite (20mm Aggregate),21.0
2015-04-01,Granite (20mm Aggregate),20.7
2015-05-01,Granite (20mm Aggregate),20.6
2015-06-01,Granite (20mm Aggregate),19.9
2015-07-01,Granite (20mm Aggregate),19.3
2015-08-01,Granite (20mm Aggregate),19.3
2015-09-01,Granite (20mm Aggregate),18.6
2015-10-01,Granite (20mm Aggregate),18.5
2015-11-01,Granite (20mm Aggregate),18.2
2015-12-01,Granite (20mm Aggregate),17.8
2016-01-01,Granite (20mm Aggregate),16.7
2016-02-01,Granite (20mm Aggregate),16.3
2016-03-01,Granite (20mm Aggregate),16.0
2016-04-01,Granite (20mm Aggregate),16.0
2016-05-01,Granite (20mm Aggregate),15.7
2016-06-01,Granite (20mm Aggregate),15.3
2016-07-01,Granite (20mm Aggregate),15.1
2016-08-01,Granite (20mm Aggregate),14.8
2016-09-01,Granite (20mm Aggregate),14.6
2016-10-01,Granite (20mm Aggregate),14.6
2016-11-01,Granite (20mm Aggregate),15.0
2016-12-01,Granite (20mm Aggregate),15.0
2017-01-01,Granite (20mm Aggregate),15.2
2017-02-01,Granite (20mm Aggregate),15.0
2017-03-01,Granite (20mm Aggregate),15.1
2017-04-01,Granite (20mm Aggregate),15.7
2017-05-01,Granite (20mm Aggregate),16.1
2017-06-01,Granite (20mm Aggregate),16.3
2017-07-01,Granite (20mm Aggregate),16.4
2017-08-01,Granite (20mm Aggregate),16.6
2017-09-01,Granite (20mm Aggregate),16.6
2017-10-01,Granite (20mm Aggregate),16.8
2017-11-01,Granite (20mm Aggregate),16.7
2017-12-01,Granite (20mm Aggregate),16.3
2018-01-01,Granite (20mm Aggregate),16.6
2018-02-01,Granite (20mm Aggregate),17.0
2018-03-01,Granite (20mm Aggregate),17.0
2018-04-01,Granite (20mm Aggregate),16.9
2018-05-01,Granite (20mm Aggregate),17.4
2018-06-01,Granite (20mm Aggregate),17.4
2018-07-01,Granite (20mm Aggregate),17.4
2018-08-01,Granite (20mm Aggregate),17.4
2018-09-01,Granite (20mm Aggregate),17.2
2018-10-01,Granite (20mm Aggregate),17.2
2018-11-01,Granite (20mm Aggregate),17.6
2018-12-01,Granite (20mm Aggregate),17.4
2019-01-01,Granite (20mm Aggregate),17.5
2019-02-01,Granite (20mm Aggregate),17.5
2019-03-01,Granite (20mm Aggregate),17.8
2019-04-01,Granite (20mm Aggregate),18.1
2019-05-01,Granite (20mm Aggregate),18.6
2019-06-01,Granite (20mm Aggregate),18.2
2019-07-01,Granite (20mm Aggregate),18.4
2019-08-01,Granite (20mm Aggregate),18.5
2019-09-01,Granite (20mm Aggregate),18.9
2019-10-01,Granite (20mm Aggregate),19.6
2019-11-01,Granite (20mm Aggregate),19.6
2019-12-01,Granite (20mm Aggregate),19.2
2020-01-01,Granite (20mm Aggregate),19.0
2020-02-01,Granite (20mm Aggregate),18.9
2020-03-01,Granite (20mm Aggregate),18.9
2020-04-01,Granite (20mm Aggregate),18.4
2020-05-01,Granite (20mm Aggregate),18.4
2020-06-01,Granite (20mm Aggregate),18.4
2020-07-01,Granite (20mm Aggregate),18.4
2020-08-01,Granite (20mm Aggregate),18.4
2020-09-01,Granite (20mm Aggregate),18.5
2020-10-01,Granite (20mm Aggregate),18.0
2020-11-01,Granite (20mm Aggregate),18.0
2020-12-01,Granite (20mm Aggregate),18.0
2021-01-01,Granite (20mm Aggregate),17.9
2021-02-01,Granite (20mm Aggregate),17.9
2021-03-01,Granite (20mm Aggregate),17.9
2021-04-01,Granite (20mm Aggregate),18.3
2021-05-01,Granite (20mm Aggregate),18.5
2021-06-01,Granite (20mm Aggregate),21.5
2021-07-01,Granite (20mm Aggregate),20.7
2021-08-01,Granite (20mm Aggregate),20.8
2021-09-01,Granite (20mm Aggregate),20.9
2021-10-01,Granite (20mm Aggregate),20.4
2021-11-01,Granite (20mm Aggregate),20.1
2021-12-01,Granite (20mm Aggregate),20.1
2022-01-01,Granite (20mm Aggregate),20.0
2022-02-01,Granite (20mm Aggregate),19.9
2022-03-01,Granite (20mm Aggregate),20.1
2022-04-01,Granite (20mm Aggregate),20.3
2022-05-01,Granite (20mm Aggregate),20.6
2022-06-01,Granite (20mm Aggregate),20.9
2022-07-01,Granite (20mm Aggregate),20.7
2022-08-01,Granite (20mm Aggregate),20.5
2022-09-01,Granite (20mm Aggregate),20.8
2022-10-01,Granite (20mm Aggregate),20.4
2022-11-01,Granite (20mm Aggregate),20.5
2022-12-01,Granite (20mm Aggregate),19.3
2023-01-01,Granite (20mm Aggregate),19.0
2023-02-01,Granite (20mm Aggregate),18.5
2023-03-01,Granite (20mm Aggregate),18.3
2023-04-01,Granite (20mm Aggregate),18.6
2023-05-01,Granite (20mm Aggregate),18.3
2023-06-01,Granite (20mm Aggregate),18.5
2023-07-01,Granite (20mm Aggregate),18.5
2023-08-01,Granite (20mm Aggregate),18.5
2023-09-01,Granite (20mm Aggregate),18.6
2023-10-01,Granite (20mm Aggregate),19.5
2023-11-01,Granite (20mm Aggregate),20.3
2023-12-01,Granite (20mm Aggregate),21.2
2024-01-01,Granite (20mm Aggregate),22.3
2024-02-01,Granite (20mm Aggregate),22.2
2024-03-01,Granite (20mm Aggregate),22.4
2024-04-01,Granite (20mm Aggregate),22.3
2024-05-01,Granite (20mm Aggregate),22.1
2024-06-01,Granite (20mm Aggregate),22.2
2024-07-01,Granite (20mm Aggregate),23.0
2024-08-01,Granite (20mm Aggregate),22.8
2024-09-01,Granite (20mm Aggregate),22.5
2024-10-01,Granite (20mm Aggregate),22.4
2024-11-01,Granite (20mm Aggregate),22.4
2024-12-01,Granite (20mm Aggregate),22.6
2025-01-01,Granite (20mm Aggregate),22.6
2025-02-01,Granite (20mm Aggregate),22.2
2025-03-01,Granite (20mm Aggregate),22.3
2025-04-01,Granite (20mm Aggregate),22.2
2025-05-01,Granite (20mm Aggregate),22.0
2025-06-01,Granite (20mm Aggregate),22.0
2025-07-01,Granite (20mm Aggregate),21.7
2025-08-01,Granite (20mm Aggregate),21.7
2025-09-01,Granite (20mm Aggregate),21.7
2025-10-01,Granite (20mm Aggregate),21.9
2025-11-01,Granite (20mm Aggregate),22.3
2025-12-01,Granite (20mm Aggregate),22.8
2026-01-01,Granite (20mm Aggregate),22.7
2026-02-01,Granite (20mm Aggregate),22.6
2026-03-01,Granite (20mm Aggregate),23.8
2026-04-01,Granite (20mm Aggregate),25.0
2026-05-01,Granite (20mm Aggregate),24.5
2026-06-01,Granite (20mm Aggregate),24.3
1999-01-01,Ready Mixed Concrete,71.29
1999-02-01,Ready Mixed Concrete,69.57
1999-03-01,Ready Mixed Concrete,69.53
1999-04-01,Ready Mixed Concrete,71.78
1999-05-01,Ready Mixed Concrete,70.6
1999-06-01,Ready Mixed Concrete,70.5
1999-07-01,Ready Mixed Concrete,70.96
1999-08-01,Ready Mixed Concrete,70.05
1999-09-01,Ready Mixed Concrete,69.92
1999-10-01,Ready Mixed Concrete,69.99
1999-11-01,Ready Mixed Concrete,70.06
1999-12-01,Ready Mixed Concrete,70.06
2000-01-01,Ready Mixed Concrete,70.99
2000-02-01,Ready Mixed Concrete,73.55
2000-03-01,Ready Mixed Concrete,72.39
2000-04-01,Ready Mixed Concrete,71.76
2000-05-01,Ready Mixed Concrete,70.02
2000-06-01,Ready Mixed Concrete,69.26
2000-07-01,Ready Mixed Concrete,69.43
2000-08-01,Ready Mixed Concrete,71.37
2000-09-01,Ready Mixed Concrete,72.05
2000-10-01,Ready Mixed Concrete,72.13
2000-11-01,Ready Mixed Concrete,71.52
2000-12-01,Ready Mixed Concrete,71.36
2001-01-01,Ready Mixed Concrete,71.63
2001-02-01,Ready Mixed Concrete,72.4
2001-03-01,Ready Mixed Concrete,70.38
2001-04-01,Ready Mixed Concrete,64.86
2001-05-01,Ready Mixed Concrete,61.38
2001-06-01,Ready Mixed Concrete,60.16
2001-07-01,Ready Mixed Concrete,58.73
2001-08-01,Ready Mixed Concrete,56.29
2001-09-01,Ready Mixed Concrete,55.47
2001-10-01,Ready Mixed Concrete,55.48
2001-11-01,Ready Mixed Concrete,55.1
2001-12-01,Ready Mixed Concrete,54.87
2002-01-01,Ready Mixed Concrete,54.57
2002-02-01,Ready Mixed Concrete,54.65
2002-03-01,Ready Mixed Concrete,54.49
2002-04-01,Ready Mixed Concrete,54.28
2002-05-01,Ready Mixed Concrete,54.49
2002-06-01,Ready Mixed Concrete,54.87
2002-07-01,Ready Mixed Concrete,55.85
2002-08-01,Ready Mixed Concrete,55.91
2002-09-01,Ready Mixed Concrete,56.47
2002-10-01,Ready Mixed Concrete,56.69
2002-11-01,Ready Mixed Concrete,56.27
2002-12-01,Ready Mixed Concrete,56.3
2003-01-01,Ready Mixed Concrete,56.38
2003-02-01,Ready Mixed Concrete,57.09
2003-03-01,Ready Mixed Concrete,57.02
2003-04-01,Ready Mixed Concrete,56.21
2003-05-01,Ready Mixed Concrete,57.24
2003-06-01,Ready Mixed Concrete,57.27
2003-07-01,Ready Mixed Concrete,56.77
2003-08-01,Ready Mixed Concrete,56.76
2003-09-01,Ready Mixed Concrete,56.52
2003-10-01,Ready Mixed Concrete,56.28
2003-11-01,Ready Mixed Concrete,56.3
2003-12-01,Ready Mixed Concrete,57.19
2004-01-01,Ready Mixed Concrete,58.01
2004-02-01,Ready Mixed Concrete,58.55
2004-03-01,Ready Mixed Concrete,60.21
2004-04-01,Ready Mixed Concrete,60.72
2004-05-01,Ready Mixed Concrete,61.36
2004-06-01,Ready Mixed Concrete,62.37
2004-07-01,Ready Mixed Concrete,62.64
2004-08-01,Ready Mixed Concrete,63.72
2004-09-01,Ready Mixed Concrete,64.57
2004-10-01,Ready Mixed Concrete,65.07
2004-11-01,Ready Mixed Concrete,66.01
2004-12-01,Ready Mixed Concrete,66.76
2005-01-01,Ready Mixed Concrete,69.51
2005-02-01,Ready Mixed Concrete,70.73
2005-03-01,Ready Mixed Concrete,71.27
2005-04-01,Ready Mixed Concrete,71.78
2005-05-01,Ready Mixed Concrete,72.12
2005-06-01,Ready Mixed Concrete,72.21
2005-07-01,Ready Mixed Concrete,72.48
2005-08-01,Ready Mixed Concrete,72.99
2005-09-01,Ready Mixed Concrete,72.99
2005-10-01,Ready Mixed Concrete,72.99
2005-11-01,Ready Mixed Concrete,72.99
2005-12-01,Ready Mixed Concrete,72.99
2006-01-01,Ready Mixed Concrete,72.8
2006-02-01,Ready Mixed Concrete,72.8
2006-03-01,Ready Mixed Concrete,73.2
2006-04-01,Ready Mixed Concrete,73.2
2006-05-01,Ready Mixed Concrete,73.2
2006-06-01,Ready Mixed Concrete,73.2
2006-07-01,Ready Mixed Concrete,73.6
2006-08-01,Ready Mixed Concrete,73.8
2006-09-01,Ready Mixed Concrete,74.3
2006-10-01,Ready Mixed Concrete,74.4
2006-11-01,Ready Mixed Concrete,76.42
2006-12-01,Ready Mixed Concrete,77.0
2007-01-01,Ready Mixed Concrete,78.1
2007-02-01,Ready Mixed Concrete,99.4
2007-03-01,Ready Mixed Concrete,190.0
2007-04-01,Ready Mixed Concrete,182.4
2007-05-01,Ready Mixed Concrete,170.7
2007-06-01,Ready Mixed Concrete,153.3
2007-07-01,Ready Mixed Concrete,140.7
2007-08-01,Ready Mixed Concrete,135.4
2007-09-01,Ready Mixed Concrete,131.7
2007-10-01,Ready Mixed Concrete,129.5
2007-11-01,Ready Mixed Concrete,129.0
2007-12-01,Ready Mixed Concrete,127.3
2008-01-01,Ready Mixed Concrete,127.2
2008-02-01,Ready Mixed Concrete,126.7
2008-03-01,Ready Mixed Concrete,126.3
2008-04-01,Ready Mixed Concrete,125.7
2008-05-01,Ready Mixed Concrete,125.72
2008-06-01,Ready Mixed Concrete,127.35
2008-07-01,Ready Mixed Concrete,129.2
2008-08-01,Ready Mixed Concrete,126.6
2008-09-01,Ready Mixed Concrete,126.3
2008-10-01,Ready Mixed Concrete,124.5
2008-11-01,Ready Mixed Concrete,122.7
2008-12-01,Ready Mixed Concrete,121.9
2009-01-01,Ready Mixed Concrete,121.1
2009-02-01,Ready Mixed Concrete,114.5
2009-03-01,Ready Mixed Concrete,110.6
2009-04-01,Ready Mixed Concrete,108.6
2009-05-01,Ready Mixed Concrete,107.6
2009-06-01,Ready Mixed Concrete,104.4
2009-07-01,Ready Mixed Concrete,102.9
2009-08-01,Ready Mixed Concrete,102.4
2009-09-01,Ready Mixed Concrete,98.7
2009-10-01,Ready Mixed Concrete,97.4
2009-11-01,Ready Mixed Concrete,95.3
2009-12-01,Ready Mixed Concrete,93.3
2010-01-01,Ready Mixed Concrete,89.9
2010-02-01,Ready Mixed Concrete,96.0
2010-03-01,Ready Mixed Concrete,94.0
2010-04-01,Ready Mixed Concrete,95.4
2010-05-01,Ready Mixed Concrete,95.8
2010-06-01,Ready Mixed Concrete,95.9
2010-07-01,Ready Mixed Concrete,91.1
2010-08-01,Ready Mixed Concrete,91.2
2010-09-01,Ready Mixed Concrete,92.3
2010-10-01,Ready Mixed Concrete,95.6
2010-11-01,Ready Mixed Concrete,101.4
2010-12-01,Ready Mixed Concrete,106.7
2011-01-01,Ready Mixed Concrete,107.6
2011-02-01,Ready Mixed Concrete,106.6
2011-03-01,Ready Mixed Concrete,107.3
2011-04-01,Ready Mixed Concrete,110.5
2011-05-01,Ready Mixed Concrete,110.8
2011-06-01,Ready Mixed Concrete,110.3
2011-07-01,Ready Mixed Concrete,110.4
2011-08-01,Ready Mixed Concrete,109.9
2011-09-01,Ready Mixed Concrete,109.5
2011-10-01,Ready Mixed Concrete,108.9
2011-11-01,Ready Mixed Concrete,108.1
2011-12-01,Ready Mixed Concrete,108.0
2012-01-01,Ready Mixed Concrete,107.5
2012-02-01,Ready Mixed Concrete,107.8
2012-03-01,Ready Mixed Concrete,108.5
2012-04-01,Ready Mixed Concrete,110.1
2012-05-01,Ready Mixed Concrete,110.8
2012-06-01,Ready Mixed Concrete,111.2
2012-07-01,Ready Mixed Concrete,111.3
2012-08-01,Ready Mixed Concrete,111.0
2012-09-01,Ready Mixed Concrete,111.6
2012-10-01,Ready Mixed Concrete,111.5
2012-11-01,Ready Mixed Concrete,111.1
2012-12-01,Ready Mixed Concrete,110.4
2013-01-01,Ready Mixed Concrete,109.2
2013-02-01,Ready Mixed Concrete,109.2
2013-03-01,Ready Mixed Concrete,108.5
2013-04-01,Ready Mixed Concrete,108.8
2013-05-01,Ready Mixed Concrete,108.6
2013-06-01,Ready Mixed Concrete,108.0
2013-07-01,Ready Mixed Concrete,106.9
2013-08-01,Ready Mixed Concrete,105.0
2013-09-01,Ready Mixed Concrete,105.3
2013-10-01,Ready Mixed Concrete,104.5
2013-11-01,Ready Mixed Concrete,104.2
2013-12-01,Ready Mixed Concrete,104.0
2014-01-01,Ready Mixed Concrete,109.8
2014-02-01,Ready Mixed Concrete,118.0
2014-03-01,Ready Mixed Concrete,115.4
2014-04-01,Ready Mixed Concrete,114.2
2014-05-01,Ready Mixed Concrete,112.4
2014-06-01,Ready Mixed Concrete,111.8
2014-07-01,Ready Mixed Concrete,111.3
2014-08-01,Ready Mixed Concrete,111.0
2014-09-01,Ready Mixed Concrete,110.7
2014-10-01,Ready Mixed Concrete,109.5
2014-11-01,Ready Mixed Concrete,106.4
2014-12-01,Ready Mixed Concrete,103.3
2015-01-01,Ready Mixed Concrete,100.1
2015-02-01,Ready Mixed Concrete,100.5
2015-03-01,Ready Mixed Concrete,100.5
2015-04-01,Ready Mixed Concrete,100.9
2015-05-01,Ready Mixed Concrete,99.7
2015-06-01,Ready Mixed Concrete,99.9
2015-07-01,Ready Mixed Concrete,99.8
2015-08-01,Ready Mixed Concrete,99.6
2015-09-01,Ready Mixed Concrete,99.8
2015-10-01,Ready Mixed Concrete,98.8
2015-11-01,Ready Mixed Concrete,98.1
2015-12-01,Ready Mixed Concrete,95.9
2016-01-01,Ready Mixed Concrete,92.9
2016-02-01,Ready Mixed Concrete,90.8
2016-03-01,Ready Mixed Concrete,87.2
2016-04-01,Ready Mixed Concrete,86.9
2016-05-01,Ready Mixed Concrete,85.8
2016-06-01,Ready Mixed Concrete,84.6
2016-07-01,Ready Mixed Concrete,83.7
2016-08-01,Ready Mixed Concrete,82.8
2016-09-01,Ready Mixed Concrete,82.2
2016-10-01,Ready Mixed Concrete,81.6
2016-11-01,Ready Mixed Concrete,80.8
2016-12-01,Ready Mixed Concrete,80.8
2017-01-01,Ready Mixed Concrete,81.4
2017-02-01,Ready Mixed Concrete,81.1
2017-03-01,Ready Mixed Concrete,80.7
2017-04-01,Ready Mixed Concrete,80.3
2017-05-01,Ready Mixed Concrete,80.2
2017-06-01,Ready Mixed Concrete,80.8
2017-07-01,Ready Mixed Concrete,81.2
2017-08-01,Ready Mixed Concrete,81.3
2017-09-01,Ready Mixed Concrete,82.2
2017-10-01,Ready Mixed Concrete,82.2
2017-11-01,Ready Mixed Concrete,82.3
2017-12-01,Ready Mixed Concrete,83.3
2018-01-01,Ready Mixed Concrete,84.2
2018-02-01,Ready Mixed Concrete,83.7
2018-03-01,Ready Mixed Concrete,84.3
2018-04-01,Ready Mixed Concrete,84.3
2018-05-01,Ready Mixed Concrete,84.3
2018-06-01,Ready Mixed Concrete,84.9
2018-07-01,Ready Mixed Concrete,85.0
2018-08-01,Ready Mixed Concrete,85.2
2018-09-01,Ready Mixed Concrete,85.5
2018-10-01,Ready Mixed Concrete,86.5
2018-11-01,Ready Mixed Concrete,86.8
2018-12-01,Ready Mixed Concrete,87.1
2019-01-01,Ready Mixed Concrete,87.3
2019-02-01,Ready Mixed Concrete,89.8
2019-03-01,Ready Mixed Concrete,91.8
2019-04-01,Ready Mixed Concrete,94.0
2019-05-01,Ready Mixed Concrete,94.9
2019-06-01,Ready Mixed Concrete,94.9
2019-07-01,Ready Mixed Concrete,95.0
2019-08-01,Ready Mixed Concrete,95.0
2019-09-01,Ready Mixed Concrete,95.6
2019-10-01,Ready Mixed Concrete,96.1
2019-11-01,Ready Mixed Concrete,96.2
2019-12-01,Ready Mixed Concrete,95.9
2020-01-01,Ready Mixed Concrete,95.7
2020-02-01,Ready Mixed Concrete,95.7
2020-03-01,Ready Mixed Concrete,95.5
2020-04-01,Ready Mixed Concrete,94.6
2020-05-01,Ready Mixed Concrete,94.6
2020-06-01,Ready Mixed Concrete,94.6
2020-07-01,Ready Mixed Concrete,94.6
2020-08-01,Ready Mixed Concrete,94.3
2020-09-01,Ready Mixed Concrete,94.5
2020-10-01,Ready Mixed Concrete,94.4
2020-11-01,Ready Mixed Concrete,94.3
2020-12-01,Ready Mixed Concrete,94.5
2021-01-01,Ready Mixed Concrete,94.8
2021-02-01,Ready Mixed Concrete,94.9
2021-03-01,Ready Mixed Concrete,95.2
2021-04-01,Ready Mixed Concrete,95.2
2021-05-01,Ready Mixed Concrete,96.2
2021-06-01,Ready Mixed Concrete,99.7
2021-07-01,Ready Mixed Concrete,102.8
2021-08-01,Ready Mixed Concrete,104.6
2021-09-01,Ready Mixed Concrete,104.1
2021-10-01,Ready Mixed Concrete,103.0
2021-11-01,Ready Mixed Concrete,104.2
2021-12-01,Ready Mixed Concrete,104.2
2022-01-01,Ready Mixed Concrete,105.3
2022-02-01,Ready Mixed Concrete,105.7
2022-03-01,Ready Mixed Concrete,112.7
2022-04-01,Ready Mixed Concrete,116.8
2022-05-01,Ready Mixed Concrete,117.9
2022-06-01,Ready Mixed Concrete,118.8
2022-07-01,Ready Mixed Concrete,118.6
2022-08-01,Ready Mixed Concrete,118.3
2022-09-01,Ready Mixed Concrete,118.6
2022-10-01,Ready Mixed Concrete,118.5
2022-11-01,Ready Mixed Concrete,118.2
2022-12-01,Ready Mixed Concrete,118.0
2023-01-01,Ready Mixed Concrete,117.6
2023-02-01,Ready Mixed Concrete,118.1
2023-03-01,Ready Mixed Concrete,116.8
2023-04-01,Ready Mixed Concrete,117.2
2023-05-01,Ready Mixed Concrete,117.6
2023-06-01,Ready Mixed Concrete,117.3
2023-07-01,Ready Mixed Concrete,116.3
2023-08-01,Ready Mixed Concrete,116.4
2023-09-01,Ready Mixed Concrete,116.6
2023-10-01,Ready Mixed Concrete,116.4
2023-11-01,Ready Mixed Concrete,115.4
2023-12-01,Ready Mixed Concrete,115.4
2024-01-01,Ready Mixed Concrete,118.1
2024-02-01,Ready Mixed Concrete,118.0
2024-03-01,Ready Mixed Concrete,118.0
2024-04-01,Ready Mixed Concrete,119.2
2024-05-01,Ready Mixed Concrete,120.4
2024-06-01,Ready Mixed Concrete,120.0
2024-07-01,Ready Mixed Concrete,120.5
2024-08-01,Ready Mixed Concrete,119.9
2024-09-01,Ready Mixed Concrete,120.5
2024-10-01,Ready Mixed Concrete,120.3
2024-11-01,Ready Mixed Concrete,120.3
2024-12-01,Ready Mixed Concrete,120.5
2025-01-01,Ready Mixed Concrete,119.9
2025-02-01,Ready Mixed Concrete,119.2
2025-03-01,Ready Mixed Concrete,119.6
2025-04-01,Ready Mixed Concrete,119.9
2025-05-01,Ready Mixed Concrete,120.0
2025-06-01,Ready Mixed Concrete,120.4
2025-07-01,Ready Mixed Concrete,119.8
2025-08-01,Ready Mixed Concrete,120.4
2025-09-01,Ready Mixed Concrete,120.7
2025-10-01,Ready Mixed Concrete,120.6
2025-11-01,Ready Mixed Concrete,124.9
2025-12-01,Ready Mixed Concrete,129.5
2026-01-01,Ready Mixed Concrete,128.6
2026-02-01,Ready Mixed Concrete,130.0
2026-03-01,Ready Mixed Concrete,143.0
2026-04-01,Ready Mixed Concrete,145.6
2026-05-01,Ready Mixed Concrete,144.4
2026-06-01,Ready Mixed Concrete,143.3
1999-01-01,Steel Reinforcement Bars (16-32mm High Tensile),483.99
1999-02-01,Steel Reinforcement Bars (16-32mm High Tensile),482.18
1999-03-01,Steel Reinforcement Bars (16-32mm High Tensile),484.37
1999-04-01,Steel Reinforcement Bars (16-32mm High Tensile),475.51
1999-05-01,Steel Reinforcement Bars (16-32mm High Tensile),477.5
1999-06-01,Steel Reinforcement Bars (16-32mm High Tensile),476.21
1999-07-01,Steel Reinforcement Bars (16-32mm High Tensile),477.33
1999-08-01,Steel Reinforcement Bars (16-32mm High Tensile),476.55
1999-09-01,Steel Reinforcement Bars (16-32mm High Tensile),473.36
1999-10-01,Steel Reinforcement Bars (16-32mm High Tensile),468.78
1999-11-01,Steel Reinforcement Bars (16-32mm High Tensile),458.47
1999-12-01,Steel Reinforcement Bars (16-32mm High Tensile),459.88
2000-01-01,Steel Reinforcement Bars (16-32mm High Tensile),458.92
2000-02-01,Steel Reinforcement Bars (16-32mm High Tensile),458.83
2000-03-01,Steel Reinforcement Bars (16-32mm High Tensile),454.46
2000-04-01,Steel Reinforcement Bars (16-32mm High Tensile),454.78
2000-05-01,Steel Reinforcement Bars (16-32mm High Tensile),459.92
2000-06-01,Steel Reinforcement Bars (16-32mm High Tensile),460.43
2000-07-01,Steel Reinforcement Bars (16-32mm High Tensile),460.06
2000-08-01,Steel Reinforcement Bars (16-32mm High Tensile),459.61
2000-09-01,Steel Reinforcement Bars (16-32mm High Tensile),460.45
2000-10-01,Steel Reinforcement Bars (16-32mm High Tensile),459.56
2000-11-01,Steel Reinforcement Bars (16-32mm High Tensile),459.06
2000-12-01,Steel Reinforcement Bars (16-32mm High Tensile),455.88
2001-01-01,Steel Reinforcement Bars (16-32mm High Tensile),461.55
2001-02-01,Steel Reinforcement Bars (16-32mm High Tensile),455.39
2001-03-01,Steel Reinforcement Bars (16-32mm High Tensile),462.81
2001-04-01,Steel Reinforcement Bars (16-32mm High Tensile),454.61
2001-05-01,Steel Reinforcement Bars (16-32mm High Tensile),431.17
2001-06-01,Steel Reinforcement Bars (16-32mm High Tensile),434.39
2001-07-01,Steel Reinforcement Bars (16-32mm High Tensile),418.95
2001-08-01,Steel Reinforcement Bars (16-32mm High Tensile),422.11
2001-09-01,Steel Reinforcement Bars (16-32mm High Tensile),431.0
2001-10-01,Steel Reinforcement Bars (16-32mm High Tensile),429.08
2001-11-01,Steel Reinforcement Bars (16-32mm High Tensile),395.83
2001-12-01,Steel Reinforcement Bars (16-32mm High Tensile),396.9
2002-01-01,Steel Reinforcement Bars (16-32mm High Tensile),397.82
2002-02-01,Steel Reinforcement Bars (16-32mm High Tensile),398.86
2002-03-01,Steel Reinforcement Bars (16-32mm High Tensile),402.84
2002-04-01,Steel Reinforcement Bars (16-32mm High Tensile),408.64
2002-05-01,Steel Reinforcement Bars (16-32mm High Tensile),418.74
2002-06-01,Steel Reinforcement Bars (16-32mm High Tensile),441.96
2002-07-01,Steel Reinforcement Bars (16-32mm High Tensile),455.11
2002-08-01,Steel Reinforcement Bars (16-32mm High Tensile),462.75
2002-09-01,Steel Reinforcement Bars (16-32mm High Tensile),469.34
2002-10-01,Steel Reinforcement Bars (16-32mm High Tensile),478.12
2002-11-01,Steel Reinforcement Bars (16-32mm High Tensile),488.78
2002-12-01,Steel Reinforcement Bars (16-32mm High Tensile),491.62
2003-01-01,Steel Reinforcement Bars (16-32mm High Tensile),517.39
2003-02-01,Steel Reinforcement Bars (16-32mm High Tensile),566.73
2003-03-01,Steel Reinforcement Bars (16-32mm High Tensile),578.08
2003-04-01,Steel Reinforcement Bars (16-32mm High Tensile),582.96
2003-05-01,Steel Reinforcement Bars (16-32mm High Tensile),579.12
2003-06-01,Steel Reinforcement Bars (16-32mm High Tensile),571.73
2003-07-01,Steel Reinforcement Bars (16-32mm High Tensile),560.8
2003-08-01,Steel Reinforcement Bars (16-32mm High Tensile),559.79
2003-09-01,Steel Reinforcement Bars (16-32mm High Tensile),566.18
2003-10-01,Steel Reinforcement Bars (16-32mm High Tensile),578.28
2003-11-01,Steel Reinforcement Bars (16-32mm High Tensile),592.72
2003-12-01,Steel Reinforcement Bars (16-32mm High Tensile),753.33
2004-01-01,Steel Reinforcement Bars (16-32mm High Tensile),870.0
2004-02-01,Steel Reinforcement Bars (16-32mm High Tensile),957.81
2004-03-01,Steel Reinforcement Bars (16-32mm High Tensile),958.13
2004-04-01,Steel Reinforcement Bars (16-32mm High Tensile),953.28
2004-05-01,Steel Reinforcement Bars (16-32mm High Tensile),898.44
2004-06-01,Steel Reinforcement Bars (16-32mm High Tensile),801.88
2004-07-01,Steel Reinforcement Bars (16-32mm High Tensile),813.13
2004-08-01,Steel Reinforcement Bars (16-32mm High Tensile),850.0
2004-09-01,Steel Reinforcement Bars (16-32mm High Tensile),843.75
2004-10-01,Steel Reinforcement Bars (16-32mm High Tensile),823.13
2004-11-01,Steel Reinforcement Bars (16-32mm High Tensile),803.75
2004-12-01,Steel Reinforcement Bars (16-32mm High Tensile),787.5
2005-01-01,Steel Reinforcement Bars (16-32mm High Tensile),772.5
2005-02-01,Steel Reinforcement Bars (16-32mm High Tensile),771.25
2005-03-01,Steel Reinforcement Bars (16-32mm High Tensile),763.75
2005-04-01,Steel Reinforcement Bars (16-32mm High Tensile),756.25
2005-05-01,Steel Reinforcement Bars (16-32mm High Tensile),752.5
2005-06-01,Steel Reinforcement Bars (16-32mm High Tensile),730.63
2005-07-01,Steel Reinforcement Bars (16-32mm High Tensile),717.5
2005-08-01,Steel Reinforcement Bars (16-32mm High Tensile),727.5
2005-09-01,Steel Reinforcement Bars (16-32mm High Tensile),730.0
2005-10-01,Steel Reinforcement Bars (16-32mm High Tensile),724.38
2005-11-01,Steel Reinforcement Bars (16-32mm High Tensile),713.13
2005-12-01,Steel Reinforcement Bars (16-32mm High Tensile),701.88
2006-01-01,Steel Reinforcement Bars (16-32mm High Tensile),691.25
2006-02-01,Steel Reinforcement Bars (16-32mm High Tensile),682.5
2006-03-01,Steel Reinforcement Bars (16-32mm High Tensile),696.88
2006-04-01,Steel Reinforcement Bars (16-32mm High Tensile),723.75
2006-05-01,Steel Reinforcement Bars (16-32mm High Tensile),743.13
2006-06-01,Steel Reinforcement Bars (16-32mm High Tensile),757.0
2006-07-01,Steel Reinforcement Bars (16-32mm High Tensile),757.0
2006-08-01,Steel Reinforcement Bars (16-32mm High Tensile),745.0
2006-09-01,Steel Reinforcement Bars (16-32mm High Tensile),744.0
2006-10-01,Steel Reinforcement Bars (16-32mm High Tensile),742.0
2006-11-01,Steel Reinforcement Bars (16-32mm High Tensile),743.0
2006-12-01,Steel Reinforcement Bars (16-32mm High Tensile),748.0
2007-01-01,Steel Reinforcement Bars (16-32mm High Tensile),752.49
2007-02-01,Steel Reinforcement Bars (16-32mm High Tensile),767.29
2007-03-01,Steel Reinforcement Bars (16-32mm High Tensile),786.33
2007-04-01,Steel Reinforcement Bars (16-32mm High Tensile),816.87
2007-05-01,Steel Reinforcement Bars (16-32mm High Tensile),845.0
2007-06-01,Steel Reinforcement Bars (16-32mm High Tensile),879.7
2007-07-01,Steel Reinforcement Bars (16-32mm High Tensile),868.2
2007-08-01,Steel Reinforcement Bars (16-32mm High Tensile),859.5
2007-09-01,Steel Reinforcement Bars (16-32mm High Tensile),864.2
2007-10-01,Steel Reinforcement Bars (16-32mm High Tensile),911.7
2007-11-01,Steel Reinforcement Bars (16-32mm High Tensile),987.12
2007-12-01,Steel Reinforcement Bars (16-32mm High Tensile),1054.58
2008-01-01,Steel Reinforcement Bars (16-32mm High Tensile),1235.46
2008-02-01,Steel Reinforcement Bars (16-32mm High Tensile),1287.36
2008-03-01,Steel Reinforcement Bars (16-32mm High Tensile),1403.8
2008-04-01,Steel Reinforcement Bars (16-32mm High Tensile),1503.3
2008-05-01,Steel Reinforcement Bars (16-32mm High Tensile),1567.2
2008-06-01,Steel Reinforcement Bars (16-32mm High Tensile),1657.8
2008-07-01,Steel Reinforcement Bars (16-32mm High Tensile),1713.71
2008-08-01,Steel Reinforcement Bars (16-32mm High Tensile),1702.82
2008-09-01,Steel Reinforcement Bars (16-32mm High Tensile),1464.09
2008-10-01,Steel Reinforcement Bars (16-32mm High Tensile),1292.0
2008-11-01,Steel Reinforcement Bars (16-32mm High Tensile),1067.0
2008-12-01,Steel Reinforcement Bars (16-32mm High Tensile),913.0
2009-01-01,Steel Reinforcement Bars (16-32mm High Tensile),861.5
2009-02-01,Steel Reinforcement Bars (16-32mm High Tensile),836.47
2009-03-01,Steel Reinforcement Bars (16-32mm High Tensile),765.53
2009-04-01,Steel Reinforcement Bars (16-32mm High Tensile),729.1
2009-05-01,Steel Reinforcement Bars (16-32mm High Tensile),726.9
2009-06-01,Steel Reinforcement Bars (16-32mm High Tensile),718.9
2009-07-01,Steel Reinforcement Bars (16-32mm High Tensile),741.6
2009-08-01,Steel Reinforcement Bars (16-32mm High Tensile),789.7
2009-09-01,Steel Reinforcement Bars (16-32mm High Tensile),792.1
2009-10-01,Steel Reinforcement Bars (16-32mm High Tensile),768.2
2009-11-01,Steel Reinforcement Bars (16-32mm High Tensile),737.1
2009-12-01,Steel Reinforcement Bars (16-32mm High Tensile),722.5
2010-01-01,Steel Reinforcement Bars (16-32mm High Tensile),742.4
2010-02-01,Steel Reinforcement Bars (16-32mm High Tensile),769.3
2010-03-01,Steel Reinforcement Bars (16-32mm High Tensile),794.5
2010-04-01,Steel Reinforcement Bars (16-32mm High Tensile),917.0
2010-05-01,Steel Reinforcement Bars (16-32mm High Tensile),905.3
2010-06-01,Steel Reinforcement Bars (16-32mm High Tensile),828.6
2010-07-01,Steel Reinforcement Bars (16-32mm High Tensile),825.2
2010-08-01,Steel Reinforcement Bars (16-32mm High Tensile),828.3
2010-09-01,Steel Reinforcement Bars (16-32mm High Tensile),834.6
2010-10-01,Steel Reinforcement Bars (16-32mm High Tensile),839.0
2010-11-01,Steel Reinforcement Bars (16-32mm High Tensile),849.2
2010-12-01,Steel Reinforcement Bars (16-32mm High Tensile),867.5
2011-01-01,Steel Reinforcement Bars (16-32mm High Tensile),949.6
2011-02-01,Steel Reinforcement Bars (16-32mm High Tensile),946.3
2011-03-01,Steel Reinforcement Bars (16-32mm High Tensile),924.0
2011-04-01,Steel Reinforcement Bars (16-32mm High Tensile),918.6
2011-05-01,Steel Reinforcement Bars (16-32mm High Tensile),918.2
2011-06-01,Steel Reinforcement Bars (16-32mm High Tensile),915.2
2011-07-01,Steel Reinforcement Bars (16-32mm High Tensile),930.3
2011-08-01,Steel Reinforcement Bars (16-32mm High Tensile),946.5
2011-09-01,Steel Reinforcement Bars (16-32mm High Tensile),946.0
2011-10-01,Steel Reinforcement Bars (16-32mm High Tensile),944.8
2011-11-01,Steel Reinforcement Bars (16-32mm High Tensile),922.2
2011-12-01,Steel Reinforcement Bars (16-32mm High Tensile),913.4
2012-01-01,Steel Reinforcement Bars (16-32mm High Tensile),911.7
2012-02-01,Steel Reinforcement Bars (16-32mm High Tensile),919.1
2012-03-01,Steel Reinforcement Bars (16-32mm High Tensile),917.7
2012-04-01,Steel Reinforcement Bars (16-32mm High Tensile),912.8
2012-05-01,Steel Reinforcement Bars (16-32mm High Tensile),914.0
2012-06-01,Steel Reinforcement Bars (16-32mm High Tensile),901.5
2012-07-01,Steel Reinforcement Bars (16-32mm High Tensile),895.9
2012-08-01,Steel Reinforcement Bars (16-32mm High Tensile),891.5
2012-09-01,Steel Reinforcement Bars (16-32mm High Tensile),865.9
2012-10-01,Steel Reinforcement Bars (16-32mm High Tensile),851.0
2012-11-01,Steel Reinforcement Bars (16-32mm High Tensile),837.0
2012-12-01,Steel Reinforcement Bars (16-32mm High Tensile),827.5
2013-01-01,Steel Reinforcement Bars (16-32mm High Tensile),826.1
2013-02-01,Steel Reinforcement Bars (16-32mm High Tensile),819.5
2013-03-01,Steel Reinforcement Bars (16-32mm High Tensile),810.7
2013-04-01,Steel Reinforcement Bars (16-32mm High Tensile),802.2
2013-05-01,Steel Reinforcement Bars (16-32mm High Tensile),777.6
2013-06-01,Steel Reinforcement Bars (16-32mm High Tensile),751.2
2013-07-01,Steel Reinforcement Bars (16-32mm High Tensile),741.9
2013-08-01,Steel Reinforcement Bars (16-32mm High Tensile),753.8
2013-09-01,Steel Reinforcement Bars (16-32mm High Tensile),750.5
2013-10-01,Steel Reinforcement Bars (16-32mm High Tensile),729.4
2013-11-01,Steel Reinforcement Bars (16-32mm High Tensile),721.1
2013-12-01,Steel Reinforcement Bars (16-32mm High Tensile),718.8
2014-01-01,Steel Reinforcement Bars (16-32mm High Tensile),723.4
2014-02-01,Steel Reinforcement Bars (16-32mm High Tensile),715.4
2014-03-01,Steel Reinforcement Bars (16-32mm High Tensile),705.9
2014-04-01,Steel Reinforcement Bars (16-32mm High Tensile),691.2
2014-05-01,Steel Reinforcement Bars (16-32mm High Tensile),673.4
2014-06-01,Steel Reinforcement Bars (16-32mm High Tensile),655.5
2014-07-01,Steel Reinforcement Bars (16-32mm High Tensile),629.8
2014-08-01,Steel Reinforcement Bars (16-32mm High Tensile),620.9
2014-09-01,Steel Reinforcement Bars (16-32mm High Tensile),611.5
2014-10-01,Steel Reinforcement Bars (16-32mm High Tensile),601.4
2014-11-01,Steel Reinforcement Bars (16-32mm High Tensile),605.9
2014-12-01,Steel Reinforcement Bars (16-32mm High Tensile),612.5
2015-01-01,Steel Reinforcement Bars (16-32mm High Tensile),599.7
2015-02-01,Steel Reinforcement Bars (16-32mm High Tensile),589.6
2015-03-01,Steel Reinforcement Bars (16-32mm High Tensile),565.5
2015-04-01,Steel Reinforcement Bars (16-32mm High Tensile),542.9
2015-05-01,Steel Reinforcement Bars (16-32mm High Tensile),518.9
2015-06-01,Steel Reinforcement Bars (16-32mm High Tensile),506.6
2015-07-01,Steel Reinforcement Bars (16-32mm High Tensile),486.4
2015-08-01,Steel Reinforcement Bars (16-32mm High Tensile),473.9
2015-09-01,Steel Reinforcement Bars (16-32mm High Tensile),462.0
2015-10-01,Steel Reinforcement Bars (16-32mm High Tensile),449.6
2015-11-01,Steel Reinforcement Bars (16-32mm High Tensile),424.6
2015-12-01,Steel Reinforcement Bars (16-32mm High Tensile),397.1
2016-01-01,Steel Reinforcement Bars (16-32mm High Tensile),391.6
2016-02-01,Steel Reinforcement Bars (16-32mm High Tensile),410.5
2016-03-01,Steel Reinforcement Bars (16-32mm High Tensile),446.6
2016-04-01,Steel Reinforcement Bars (16-32mm High Tensile),534.5
2016-05-01,Steel Reinforcement Bars (16-32mm High Tensile),548.1
2016-06-01,Steel Reinforcement Bars (16-32mm High Tensile),493.1
2016-07-01,Steel Reinforcement Bars (16-32mm High Tensile),489.2
2016-08-01,Steel Reinforcement Bars (16-32mm High Tensile),500.3
2016-09-01,Steel Reinforcement Bars (16-32mm High Tensile),496.0
2016-10-01,Steel Reinforcement Bars (16-32mm High Tensile),493.6
2016-11-01,Steel Reinforcement Bars (16-32mm High Tensile),553.1
2016-12-01,Steel Reinforcement Bars (16-32mm High Tensile),649.6
2017-01-01,Steel Reinforcement Bars (16-32mm High Tensile),645.5
2017-02-01,Steel Reinforcement Bars (16-32mm High Tensile),647.5
2017-03-01,Steel Reinforcement Bars (16-32mm High Tensile),642.8
2017-04-01,Steel Reinforcement Bars (16-32mm High Tensile),635.1
2017-05-01,Steel Reinforcement Bars (16-32mm High Tensile),610.2
2017-06-01,Steel Reinforcement Bars (16-32mm High Tensile),608.2
2017-07-01,Steel Reinforcement Bars (16-32mm High Tensile),644.1
2017-08-01,Steel Reinforcement Bars (16-32mm High Tensile),752.0
2017-09-01,Steel Reinforcement Bars (16-32mm High Tensile),776.1
2017-10-01,Steel Reinforcement Bars (16-32mm High Tensile),761.4
2017-11-01,Steel Reinforcement Bars (16-32mm High Tensile),760.1
2017-12-01,Steel Reinforcement Bars (16-32mm High Tensile),783.0
2018-01-01,Steel Reinforcement Bars (16-32mm High Tensile),789.5
2018-02-01,Steel Reinforcement Bars (16-32mm High Tensile),784.2
2018-03-01,Steel Reinforcement Bars (16-32mm High Tensile),789.9
2018-04-01,Steel Reinforcement Bars (16-32mm High Tensile),780.2
2018-05-01,Steel Reinforcement Bars (16-32mm High Tensile),781.3
2018-06-01,Steel Reinforcement Bars (16-32mm High Tensile),793.8
2018-07-01,Steel Reinforcement Bars (16-32mm High Tensile),800.1
2018-08-01,Steel Reinforcement Bars (16-32mm High Tensile),801.5
2018-09-01,Steel Reinforcement Bars (16-32mm High Tensile),795.6
2018-10-01,Steel Reinforcement Bars (16-32mm High Tensile),795.0
2018-11-01,Steel Reinforcement Bars (16-32mm High Tensile),775.0
2018-12-01,Steel Reinforcement Bars (16-32mm High Tensile),751.0
2019-01-01,Steel Reinforcement Bars (16-32mm High Tensile),746.2
2019-02-01,Steel Reinforcement Bars (16-32mm High Tensile),747.1
2019-03-01,Steel Reinforcement Bars (16-32mm High Tensile),753.2
2019-04-01,Steel Reinforcement Bars (16-32mm High Tensile),749.2
2019-05-01,Steel Reinforcement Bars (16-32mm High Tensile),757.0
2019-06-01,Steel Reinforcement Bars (16-32mm High Tensile),752.6
2019-07-01,Steel Reinforcement Bars (16-32mm High Tensile),752.1
2019-08-01,Steel Reinforcement Bars (16-32mm High Tensile),745.7
2019-09-01,Steel Reinforcement Bars (16-32mm High Tensile),739.6
2019-10-01,Steel Reinforcement Bars (16-32mm High Tensile),723.9
2019-11-01,Steel Reinforcement Bars (16-32mm High Tensile),721.9
2019-12-01,Steel Reinforcement Bars (16-32mm High Tensile),713.9
2020-01-01,Steel Reinforcement Bars (16-32mm High Tensile),714.9
2020-02-01,Steel Reinforcement Bars (16-32mm High Tensile),712.0
2020-03-01,Steel Reinforcement Bars (16-32mm High Tensile),718.0
2020-04-01,Steel Reinforcement Bars (16-32mm High Tensile),716.3
2020-05-01,Steel Reinforcement Bars (16-32mm High Tensile),716.3
2020-06-01,Steel Reinforcement Bars (16-32mm High Tensile),716.5
2020-07-01,Steel Reinforcement Bars (16-32mm High Tensile),718.4
2020-08-01,Steel Reinforcement Bars (16-32mm High Tensile),712.9
2020-09-01,Steel Reinforcement Bars (16-32mm High Tensile),717.8
2020-10-01,Steel Reinforcement Bars (16-32mm High Tensile),720.1
2020-11-01,Steel Reinforcement Bars (16-32mm High Tensile),733.7
2020-12-01,Steel Reinforcement Bars (16-32mm High Tensile),808.52
2021-01-01,Steel Reinforcement Bars (16-32mm High Tensile),910.51
2021-02-01,Steel Reinforcement Bars (16-32mm High Tensile),913.32
2021-03-01,Steel Reinforcement Bars (16-32mm High Tensile),933.29
2021-04-01,Steel Reinforcement Bars (16-32mm High Tensile),962.1
2021-05-01,Steel Reinforcement Bars (16-32mm High Tensile),1085.16
2021-06-01,Steel Reinforcement Bars (16-32mm High Tensile),1101.2
2021-07-01,Steel Reinforcement Bars (16-32mm High Tensile),1104.1
2021-08-01,Steel Reinforcement Bars (16-32mm High Tensile),1111.9
2021-09-01,Steel Reinforcement Bars (16-32mm High Tensile),1105.4
2021-10-01,Steel Reinforcement Bars (16-32mm High Tensile),1112.9
2021-11-01,Steel Reinforcement Bars (16-32mm High Tensile),1113.47
2021-12-01,Steel Reinforcement Bars (16-32mm High Tensile),1105.5
2022-01-01,Steel Reinforcement Bars (16-32mm High Tensile),1106.4
2022-02-01,Steel Reinforcement Bars (16-32mm High Tensile),1146.4
2022-03-01,Steel Reinforcement Bars (16-32mm High Tensile),1241.5
2022-04-01,Steel Reinforcement Bars (16-32mm High Tensile),1270.54
2022-05-01,Steel Reinforcement Bars (16-32mm High Tensile),1246.21
2022-06-01,Steel Reinforcement Bars (16-32mm High Tensile),1245.5
2022-07-01,Steel Reinforcement Bars (16-32mm High Tensile),1187.79
2022-08-01,Steel Reinforcement Bars (16-32mm High Tensile),1106.3
2022-09-01,Steel Reinforcement Bars (16-32mm High Tensile),1072.6
2022-10-01,Steel Reinforcement Bars (16-32mm High Tensile),1040.5
2022-11-01,Steel Reinforcement Bars (16-32mm High Tensile),1004.5
2022-12-01,Steel Reinforcement Bars (16-32mm High Tensile),952.3
2023-01-01,Steel Reinforcement Bars (16-32mm High Tensile),922.6
2023-02-01,Steel Reinforcement Bars (16-32mm High Tensile),942.1
2023-03-01,Steel Reinforcement Bars (16-32mm High Tensile),946.6
2023-04-01,Steel Reinforcement Bars (16-32mm High Tensile),940.1
2023-05-01,Steel Reinforcement Bars (16-32mm High Tensile),922.8
2023-06-01,Steel Reinforcement Bars (16-32mm High Tensile),885.5
2023-07-01,Steel Reinforcement Bars (16-32mm High Tensile),859.2
2023-08-01,Steel Reinforcement Bars (16-32mm High Tensile),832.6
2023-09-01,Steel Reinforcement Bars (16-32mm High Tensile),830.1
2023-10-01,Steel Reinforcement Bars (16-32mm High Tensile),827.4
2023-11-01,Steel Reinforcement Bars (16-32mm High Tensile),826.7
2023-12-01,Steel Reinforcement Bars (16-32mm High Tensile),819.7
2024-01-01,Steel Reinforcement Bars (16-32mm High Tensile),833.7
2024-02-01,Steel Reinforcement Bars (16-32mm High Tensile),829.6
2024-03-01,Steel Reinforcement Bars (16-32mm High Tensile),821.7
2024-04-01,Steel Reinforcement Bars (16-32mm High Tensile),819.4
2024-05-01,Steel Reinforcement Bars (16-32mm High Tensile),812.5
2024-06-01,Steel Reinforcement Bars (16-32mm High Tensile),805.7
2024-07-01,Steel Reinforcement Bars (16-32mm High Tensile),801.2
2024-08-01,Steel Reinforcement Bars (16-32mm High Tensile),786.2
2024-09-01,Steel Reinforcement Bars (16-32mm High Tensile),771.9
2024-10-01,Steel Reinforcement Bars (16-32mm High Tensile),753.6
2024-11-01,Steel Reinforcement Bars (16-32mm High Tensile),751.1
2024-12-01,Steel Reinforcement Bars (16-32mm High Tensile),735.9
2025-01-01,Steel Reinforcement Bars (16-32mm High Tensile),724.1
2025-02-01,Steel Reinforcement Bars (16-32mm High Tensile),706.3
2025-03-01,Steel Reinforcement Bars (16-32mm High Tensile),701.3
2025-04-01,Steel Reinforcement Bars (16-32mm High Tensile),701.0
2025-05-01,Steel Reinforcement Bars (16-32mm High Tensile),696.6
2025-06-01,Steel Reinforcement Bars (16-32mm High Tensile),688.6
2025-07-01,Steel Reinforcement Bars (16-32mm High Tensile),689.3
2025-08-01,Steel Reinforcement Bars (16-32mm High Tensile),681.5
2025-09-01,Steel Reinforcement Bars (16-32mm High Tensile),684.2
2025-10-01,Steel Reinforcement Bars (16-32mm High Tensile),678.0
2025-11-01,Steel Reinforcement Bars (16-32mm High Tensile),666.2
2025-12-01,Steel Reinforcement Bars (16-32mm High Tensile),660.3
2026-01-01,Steel Reinforcement Bars (16-32mm High Tensile),648.0
2026-02-01,Steel Reinforcement Bars (16-32mm High Tensile),637.1
2026-03-01,Steel Reinforcement Bars (16-32mm High Tensile),663.1
2026-04-01,Steel Reinforcement Bars (16-32mm High Tensile),701.9
2026-05-01,Steel Reinforcement Bars (16-32mm High Tensile),703.9
2026-06-01,Steel Reinforcement Bars (16-32mm High Tensile),708.0
