variable,quantile,point_estimate,bootstrap_ci_low,bootstrap_ci_high
Total_DN,0.5,39.0,31.0,44.0
Total_DN,0.75,52.0,44.0,71.0
Total_DN,0.9,77.4,57.80000000000001,95.0
Total_DN,0.95,88.69999999999997,72.99999999999997,115.19999999999999
Total_DN,0.99,115.84,82.76,118.0
Internal,0.5,13.0,10.0,15.0
Internal,0.75,16.0,14.5,21.0
Internal,0.9,24.6,18.0,29.0
Internal,0.95,27.599999999999994,22.19999999999999,32.499999999999986
Internal,0.99,33.300000000000004,26.46,36.0
PO_GR_DN,0.5,34.0,32.0,41.0
PO_GR_DN,0.75,55.0,38.0,71.0
PO_GR_DN,0.9,72.6,57.0,104.0
PO_GR_DN,0.95,88.79999999999993,71.0,110.0
PO_GR_DN,0.99,107.84,73.56,110.0
