dataset,series,model_family,config_id,horizon,split,origin,target_date,actual,train_rows,q10_raw,q10,q25_raw,q25,q50_raw,q50,q75_raw,q75,q90_raw,q90
RO1_DEMAND,Granite,LightGBM,LGB_C3,1,validation,2022-06-01,2022-07-01,1771.9,268,1408.5136452273885,1408.5136452273885,1557.1804706284283,1557.1804706284283,1661.547944854853,1661.547944854853,1791.0285622886072,1791.0285622886072,1865.1635312324884,1865.1635312324884
RO1_DEMAND,Granite,LightGBM,LGB_C3,1,validation,2022-07-01,2022-08-01,1491.5,269,1409.8790261576708,1409.8790261576708,1544.2370743766,1544.2370743766,1639.560517883736,1639.560517883736,1756.5495784214609,1756.5495784214609,1824.3120353763875,1824.3120353763875
RO1_DEMAND,Granite,LightGBM,LGB_C3,1,validation,2022-08-01,2022-09-01,1550.1,270,1447.323472332714,1447.323472332714,1565.505016980014,1565.505016980014,1678.8336149886823,1678.8336149886823,1745.5657170013005,1745.5657170013005,1845.707137184283,1845.707137184283
RO1_DEMAND,Granite,LightGBM,LGB_C3,1,validation,2022-09-01,2022-10-01,1554.5,271,1390.7904913962525,1390.7904913962525,1564.6080068969827,1564.6080068969827,1622.3443702513398,1622.3443702513398,1737.9073506907466,1737.9073506907466,1899.755211116272,1899.755211116272
RO1_DEMAND,Granite,LightGBM,LGB_C3,1,validation,2022-10-01,2022-11-01,1531.9,272,1328.4057327382009,1328.4057327382009,1392.313528227596,1392.313528227596,1529.9490702208238,1529.9490702208238,1605.6549287646321,1605.6549287646321,1798.7626353080366,1798.7626353080366
RO1_DEMAND,Granite,LightGBM,LGB_C3,1,validation,2022-11-01,2022-12-01,1692.1,273,1402.2662477433482,1402.2662477433482,1506.3371116616943,1506.3371116616943,1529.7068308262917,1529.7068308262917,1634.8600134935555,1634.8600134935555,1797.9343517283223,1797.9343517283223
RO1_DEMAND,Granite,LightGBM,LGB_C3,1,validation,2022-12-01,2023-01-01,1309.6,274,1289.457506154914,1289.457506154914,1369.431450846227,1369.431450846227,1490.2450305894806,1490.2450305894806,1556.3190192996888,1556.3190192996888,1685.1703660260707,1685.1703660260707
RO1_DEMAND,Granite,LightGBM,LGB_C3,1,validation,2023-01-01,2023-02-01,1455.1,275,1296.7756091138679,1296.7756091138679,1312.4060465303205,1312.4060465303205,1442.9791976938332,1442.9791976938332,1575.579146484807,1575.579146484807,1653.4064846104131,1653.4064846104131
RO1_DEMAND,Granite,LightGBM,LGB_C3,1,validation,2023-02-01,2023-03-01,1561.4,276,1214.3175589899122,1214.3175589899122,1539.9070225417602,1539.9070225417602,1627.3704926902583,1627.3704926902583,1663.5737095967454,1663.5737095967454,1731.2661505978451,1731.2661505978451
RO1_DEMAND,Granite,LightGBM,LGB_C3,1,validation,2023-03-01,2023-04-01,1395.2,277,1326.901068745084,1326.901068745084,1345.918598041512,1345.918598041512,1452.3836785823694,1452.3836785823694,1576.4145866691076,1576.4145866691076,1624.4559874327056,1624.4559874327056
RO1_DEMAND,Granite,LightGBM,LGB_C3,1,validation,2023-04-01,2023-05-01,1844.9,278,1368.252996522519,1368.252996522519,1412.216855681962,1411.243940137445,1411.243940137445,1412.216855681962,1546.5581832706403,1546.5581832706403,1575.6205736005663,1575.6205736005663
RO1_DEMAND,Granite,LightGBM,LGB_C3,1,validation,2023-05-01,2023-06-01,1659.3,279,1383.735379788751,1383.735379788751,1490.1471706709567,1490.1471706709567,1508.7962935793453,1508.7962935793453,1737.659420864482,1723.5524433690784,1723.5524433690784,1737.659420864482
RO1_DEMAND,Granite,LightGBM,LGB_C3,1,validation,2023-06-01,2023-07-01,1674.3,280,1444.2706959975133,1444.2706959975133,1509.7188325730021,1509.7188325730021,1649.505286887747,1649.505286887747,1761.460713083193,1761.460713083193,1830.064787605281,1830.064787605281
RO1_DEMAND,Granite,LightGBM,LGB_C3,1,validation,2023-07-01,2023-08-01,1755.2,281,1510.8181069617249,1504.6861061555023,1504.6861061555023,1510.8181069617249,1566.658934147621,1566.658934147621,1651.6471018357868,1651.6471018357868,1791.27037692473,1791.27037692473
RO1_DEMAND,Granite,LightGBM,LGB_C3,1,validation,2023-08-01,2023-09-01,1729.4,282,1479.9426957562132,1479.9426957562132,1601.9433575634057,1601.9433575634057,1642.8701564036842,1642.8701564036842,1724.4831448010432,1724.4831448010432,1735.5920249287988,1735.5920249287988
RO1_DEMAND,Granite,LightGBM,LGB_C3,1,validation,2023-09-01,2023-10-01,1742.2,283,1500.1709590478854,1500.1709590478854,1603.036795096575,1603.036795096575,1667.6613493389086,1667.6613493389086,1722.927518698595,1722.927518698595,1834.3389500914,1834.3389500914
RO1_DEMAND,Granite,LightGBM,LGB_C3,1,validation,2023-10-01,2023-11-01,1621.1,284,1502.4146924755062,1502.4146924755062,1644.6086518017855,1644.6086518017855,1728.377249416211,1728.377249416211,1800.10119659377,1767.9613244595955,1767.9613244595955,1800.10119659377
RO1_DEMAND,Granite,LightGBM,LGB_C3,1,validation,2023-11-01,2023-12-01,1531.7,285,1398.8239851672945,1398.8239851672945,1656.8645612935861,1656.8645612935861,1695.7406432849145,1695.7406432849145,1766.9297280625267,1766.9297280625267,1778.7463520867427,1778.7463520867427
RO1_DEMAND,Granite,LightGBM,LGB_C3,1,validation,2023-12-01,2024-01-01,1664.5,286,1375.956387662012,1375.956387662012,1480.5866091510993,1480.5866091510993,1588.7421898205514,1588.7421898205514,1633.176157698281,1633.176157698281,1725.00062720945,1725.00062720945
RO1_DEMAND,Granite,LightGBM,LGB_C3,1,validation,2024-01-01,2024-02-01,1201.2,287,1386.1583879425575,1386.1583879425575,1424.3094293614379,1424.3094293614379,1523.1025813751376,1523.1025813751376,1606.730820102779,1606.730820102779,1714.7761584530501,1714.7761584530501
RO1_DEMAND,Granite,LightGBM,LGB_C3,1,validation,2024-02-01,2024-03-01,1688.6,288,1362.1377396995788,1362.1377396995788,1518.1604115559387,1518.1604115559387,1567.1364566358193,1567.1364566358193,1622.382107215425,1622.382107215425,1745.4056051492084,1745.4056051492084
RO1_DEMAND,Granite,LightGBM,LGB_C3,1,validation,2024-03-01,2024-04-01,1470.5,289,1102.279665868933,1102.279665868933,1542.8059884801185,1542.8059884801185,1688.2545424991972,1688.2545424991972,1785.6834057632673,1785.6834057632673,1851.9163519712913,1851.9163519712913
RO1_DEMAND,Granite,LightGBM,LGB_C3,1,validation,2024-04-01,2024-05-01,1911.9,290,1409.3282249580807,1409.3282249580807,1471.6687446921587,1471.6687446921587,1660.7104788976046,1660.7104788976046,1736.4977074864782,1735.353932600568,1735.353932600568,1736.4977074864782
