holding_case,contrast,metric,mean_difference,median_difference,min_difference,max_difference
H20,O2_vs_O1,cost,-510172.92330790445,-511970.12044941727,-569149.4679924976,-462047.08847032674
H20,O2_vs_O1,shortage,8437.763390468563,8145.82168168966,5554.453190407617,11270.891079029967
H20,O2_vs_O1,service,-0.2233310841052807,-0.20996950868971254,-0.2951437652608939,-0.14934541524687484
H20,O3_vs_O1,cost,597236.2252810673,591540.3945475011,522964.86467446224,710921.5027757604
H20,O3_vs_O1,shortage,-153.09032640383023,-84.44844224865938,-370.37178329099606,0.0
H20,O3_vs_O1,service,0.00400532971220397,0.0022939979607260463,0.0,0.009546830805902573
H20,O4_vs_O1,cost,1270283.5340471012,1503963.035010518,513120.7484673071,1637004.4094362124
H20,O4_vs_O1,shortage,146.9338219495775,-16.393041992188046,-225.20837017663962,998.4213876521962
H20,O4_vs_O1,service,-0.0037635000435940276,0.0004266970095154754,-0.025735653985878515,0.005972817534199648
H30,O2_vs_O1,cost,-616834.0988374759,-626628.9385710834,-700913.358086209,-548201.6558353377
H30,O2_vs_O1,shortage,8437.763390468563,8145.82168168966,5554.453190407617,11270.891079029967
H30,O2_vs_O1,service,-0.2233310841052807,-0.20996950868971254,-0.2951437652608939,-0.14934541524687484
H30,O3_vs_O1,cost,666347.0324361373,664413.266918709,584581.327944064,799555.0253084127
H30,O3_vs_O1,shortage,-153.09032640383023,-84.44844224865938,-370.37178329099606,0.0
H30,O3_vs_O1,service,0.00400532971220397,0.0022939979607260463,0.0,0.009546830805902573
H30,O4_vs_O1,cost,1482436.4741009274,1754742.2537866798,612176.437316952,1904331.6192955198
H30,O4_vs_O1,shortage,146.9338219495775,-16.393041992188046,-225.20837017663962,998.4213876521962
H30,O4_vs_O1,service,-0.0037635000435940276,0.0004266970095154754,-0.025735653985878515,0.005972817534199648
H40,O2_vs_O1,cost,-723495.2743670474,-734161.8714352469,-832677.2481799205,-634321.1629816922
H40,O2_vs_O1,shortage,8437.763390468563,8145.82168168966,5554.453190407617,11270.891079029967
H40,O2_vs_O1,service,-0.2233310841052807,-0.20996950868971254,-0.2951437652608939,-0.14934541524687484
H40,O3_vs_O1,cost,735457.8395912074,737286.1392899174,636664.2930810321,888188.547841066
H40,O3_vs_O1,shortage,-153.09032640383023,-84.44844224865938,-370.37178329099606,0.0
H40,O3_vs_O1,service,0.00400532971220397,0.0022939979607260463,0.0,0.009546830805902573
H40,O4_vs_O1,cost,1694589.4141547533,1999732.3989145164,711232.1261665975,2171658.829154826
H40,O4_vs_O1,shortage,146.9338219495775,-16.393041992188046,-225.20837017663962,998.4213876521962
H40,O4_vs_O1,service,-0.0037635000435940276,0.0004266970095154754,-0.025735653985878515,0.005972817534199648
