controller,holding_case,annual_holding_rate,forecast_origin,procurement_cost,holding_cost,shortage,demand,procurement_quantity,mean_ending_inventory,procurement_events,cost,service
O1,H20,0.2,2022-07-01,1644556.4179986105,361635.4028527365,6077.512474365234,36037.14,18922.713014710083,5585.57447990705,41,2006191.820851347,0.8313541953005917
O1,H20,0.2,2022-08-01,1556271.502490966,346240.5998985858,6026.79,36479.08,18149.315675543305,5451.080209324639,41,1902512.102389552,0.8347877742530787
O1,H20,0.2,2022-09-01,1646701.893115582,363233.2797214753,5886.00844224866,36812.78,18625.71307874905,5470.322161227989,43,2009935.1728370572,0.8401096455565524
O1,H20,0.2,2022-10-01,1696520.775580902,373252.7082801678,6042.788159179688,37191.99,18440.085938667013,5173.166337178082,38,2069773.4838610697,0.8375244734368963
O1,H20,0.2,2022-11-01,1602736.8131437642,332781.71239592554,5776.08129486084,37612.88,17861.83052147786,4968.211528293633,36,1935518.5255396897,0.846433421347665
O1,H20,0.2,2022-12-01,1612520.8170776838,313220.3878750754,5648.89809441052,37705.55,17813.4869267474,4849.543814024728,45,1925741.2049527592,0.8501839094135871
O1,H20,0.2,2023-01-01,1561807.6110894082,298366.99340647587,5868.843041992188,38418.46,17885.57547391066,4843.638563556447,41,1860174.604495884,0.8472389824581155
O1,H20,0.2,2023-02-01,1535490.9420135217,313530.062770732,6221.992990586109,38187.8,17559.673833911835,4967.22661120563,34,1849021.0047842537,0.8370685666473033
O1,H20,0.2,2023-03-01,1593446.0466974634,326499.7542088276,6453.981688544095,38281.19,17777.77246423955,4985.335551039353,40,1919945.800906291,0.8314059283803849
O1,H20,0.2,2023-04-01,1509718.0474083424,299125.119563018,7081.452264801436,38677.91,17439.52365515385,4766.654428785818,39,1808843.1669713603,0.8169122306556524
O1,H20,0.2,2023-05-01,1486993.0783405297,307591.93012043805,6927.319753173584,38795.26,17120.182513528554,4886.324633690084,27,1794585.0084609678,0.8214390172105153
O1,H30,0.3,2022-07-01,1644556.4179986105,542453.1042791046,6077.512474365234,36037.14,18922.713014710083,5585.57447990705,41,2187009.522277715,0.8313541953005917
O1,H30,0.3,2022-08-01,1556271.502490966,519360.89984787867,6026.79,36479.08,18149.315675543305,5451.080209324639,41,2075632.4023388447,0.8347877742530787
O1,H30,0.3,2022-09-01,1646701.893115582,544849.919582213,5886.00844224866,36812.78,18625.71307874905,5470.322161227989,43,2191551.812697795,0.8401096455565524
O1,H30,0.3,2022-10-01,1696520.775580902,559879.0624202517,6042.788159179688,37191.99,18440.085938667013,5173.166337178082,38,2256399.8380011534,0.8375244734368963
O1,H30,0.3,2022-11-01,1602736.8131437642,499172.56859388825,5776.08129486084,37612.88,17861.83052147786,4968.211528293633,36,2101909.3817376522,0.846433421347665
O1,H30,0.3,2022-12-01,1612520.8170776838,469830.58181261306,5648.89809441052,37705.55,17813.4869267474,4849.543814024728,45,2082351.398890297,0.8501839094135871
O1,H30,0.3,2023-01-01,1561807.6110894082,447550.4901097138,5868.843041992188,38418.46,17885.57547391066,4843.638563556447,41,2009358.101199122,0.8472389824581155
O1,H30,0.3,2023-02-01,1535490.9420135217,470295.0941560979,6221.992990586109,38187.8,17559.673833911835,4967.22661120563,34,2005786.0361696195,0.8370685666473033
O1,H30,0.3,2023-03-01,1593446.0466974634,489749.63131324144,6453.981688544095,38281.19,17777.77246423955,4985.335551039353,40,2083195.678010705,0.8314059283803849
O1,H30,0.3,2023-04-01,1509718.0474083424,448687.6793445269,7081.452264801436,38677.91,17439.52365515385,4766.654428785818,39,1958405.7267528693,0.8169122306556524
O1,H30,0.3,2023-05-01,1486993.0783405297,461387.89518065704,6927.319753173584,38795.26,17120.182513528554,4886.324633690084,27,1948380.9735211867,0.8214390172105153
O1,H40,0.4,2022-07-01,1644556.4179986105,723270.805705473,6077.512474365234,36037.14,18922.713014710083,5585.57447990705,41,2367827.2237040834,0.8313541953005917
O1,H40,0.4,2022-08-01,1556271.502490966,692481.1997971716,6026.79,36479.08,18149.315675543305,5451.080209324639,41,2248752.7022881377,0.8347877742530787
O1,H40,0.4,2022-09-01,1646701.893115582,726466.5594429506,5886.00844224866,36812.78,18625.71307874905,5470.322161227989,43,2373168.4525585324,0.8401096455565524
O1,H40,0.4,2022-10-01,1696520.775580902,746505.4165603356,6042.788159179688,37191.99,18440.085938667013,5173.166337178082,38,2443026.1921412377,0.8375244734368963
O1,H40,0.4,2022-11-01,1602736.8131437642,665563.4247918511,5776.08129486084,37612.88,17861.83052147786,4968.211528293633,36,2268300.2379356152,0.846433421347665
O1,H40,0.4,2022-12-01,1612520.8170776838,626440.7757501508,5648.89809441052,37705.55,17813.4869267474,4849.543814024728,45,2238961.5928278347,0.8501839094135871
O1,H40,0.4,2023-01-01,1561807.6110894082,596733.9868129517,5868.843041992188,38418.46,17885.57547391066,4843.638563556447,41,2158541.59790236,0.8472389824581155
O1,H40,0.4,2023-02-01,1535490.9420135217,627060.125541464,6221.992990586109,38187.8,17559.673833911835,4967.22661120563,34,2162551.0675549856,0.8370685666473033
O1,H40,0.4,2023-03-01,1593446.0466974634,652999.5084176552,6453.981688544095,38281.19,17777.77246423955,4985.335551039353,40,2246445.5551151186,0.8314059283803849
O1,H40,0.4,2023-04-01,1509718.0474083424,598250.239126036,7081.452264801436,38677.91,17439.52365515385,4766.654428785818,39,2107968.2865343783,0.8169122306556524
O1,H40,0.4,2023-05-01,1486993.0783405297,615183.8602408761,6927.319753173584,38795.26,17120.182513528554,4886.324633690084,27,2102176.9385814057,0.8214390172105153
O2,H20,0.2,2022-07-01,1338934.730193536,98107.62266531339,12938.460179945083,36037.14,15734.987801560346,2601.194742320367,21,1437042.3528588493,0.6409687289295132
O2,H20,0.2,2022-08-01,1266550.4997472,101471.89398402645,12952.685780350968,36479.08,14913.357589007319,3309.896508972886,22,1368022.3937312264,0.6449283868904871
O2,H20,0.2,2022-09-01,1330103.279781868,136317.23101723957,11829.531593237123,36812.78,15431.993531979968,3929.6370244605446,21,1466420.5107991076,0.6786569339985429
O2,H20,0.2,2022-10-01,1389051.6653903187,152098.7017519065,11597.241349587304,37191.99,15345.477197103843,3648.4072182585733,21,1541150.3671422252,0.6881790581900215
O2,H20,0.2,2022-11-01,1306246.183606075,136767.61362995248,12267.752321792948,37612.88,14805.330333525879,4070.391207669034,21,1443013.7972360274,0.6738417180021059
O2,H20,0.2,2022-12-01,1329868.3328715984,83902.75163174345,16456.744851259307,37705.55,14814.112279120623,1646.452645317427,21,1413771.084503342,0.5635458214703324
O2,H20,0.2,2023-01-01,1274860.682552118,100561.46096581641,17072.27278931231,38418.46,14954.506880872004,2910.35005012576,22,1375422.1435179345,0.5556231876730012
O2,H20,0.2,2023-02-01,1227107.467523872,100640.86429793335,17492.884069616077,38187.8,14347.957722739859,2768.40585297729,22,1327748.3318218053,0.5419248013864094
O2,H20,0.2,2023-03-01,1295028.0074496735,123421.81233007197,16189.877598245135,38281.19,14790.274211115333,3624.124956320622,23,1418449.8197797455,0.5770800855917715
O2,H20,0.2,2023-04-01,1226506.857159878,120289.22134115561,16956.473531107044,38677.91,14466.338055631124,3628.6582049459153,23,1346796.0785010336,0.5615979888492671
O2,H20,0.2,2023-05-01,1197149.9439442563,135352.91582772858,15073.141434863244,38795.26,13977.750481423804,4352.86372838314,22,1332502.8597719849,0.6114695085208027
O2,H30,0.3,2022-07-01,1338934.730193536,147161.43399797007,12938.460179945083,36037.14,15734.987801560346,2601.194742320367,21,1486096.164191506,0.6409687289295132
O2,H30,0.3,2022-08-01,1266550.4997472,152207.84097603968,12952.685780350968,36479.08,14913.357589007319,3309.896508972886,22,1418758.3407232396,0.6449283868904871
O2,H30,0.3,2022-09-01,1330103.279781868,204475.84652585932,11829.531593237123,36812.78,15431.993531979968,3929.6370244605446,21,1534579.1263077273,0.6786569339985429
O2,H30,0.3,2022-10-01,1389051.6653903187,228148.05262785975,11597.241349587304,37191.99,15345.477197103843,3648.4072182585733,21,1617199.7180181784,0.6881790581900215
O2,H30,0.3,2022-11-01,1306246.183606075,205151.4204449287,12267.752321792948,37612.88,14805.330333525879,4070.391207669034,21,1511397.6040510037,0.6738417180021059
O2,H30,0.3,2022-12-01,1329868.3328715984,125854.12744761517,16456.744851259307,37705.55,14814.112279120623,1646.452645317427,21,1455722.4603192136,0.5635458214703324
O2,H30,0.3,2023-01-01,1274860.682552118,150842.19144872462,17072.27278931231,38418.46,14954.506880872004,2910.35005012576,22,1425702.8740008427,0.5556231876730012
O2,H30,0.3,2023-02-01,1227107.467523872,150961.29644690003,17492.884069616077,38187.8,14347.957722739859,2768.40585297729,22,1378068.763970772,0.5419248013864094
O2,H30,0.3,2023-03-01,1295028.0074496735,185132.71849510795,16189.877598245135,38281.19,14790.274211115333,3624.124956320622,23,1480160.7259447814,0.5770800855917715
O2,H30,0.3,2023-04-01,1226506.857159878,180433.8320117334,16956.473531107044,38677.91,14466.338055631124,3628.6582049459153,23,1406940.6891716113,0.5615979888492671
O2,H30,0.3,2023-05-01,1197149.9439442563,203029.37374159286,15073.141434863244,38795.26,13977.750481423804,4352.86372838314,22,1400179.317685849,0.6114695085208027
O2,H40,0.4,2022-07-01,1338934.730193536,196215.24533062679,12938.460179945083,36037.14,15734.987801560346,2601.194742320367,21,1535149.9755241629,0.6409687289295132
O2,H40,0.4,2022-08-01,1266550.4997472,202943.7879680529,12952.685780350968,36479.08,14913.357589007319,3309.896508972886,22,1469494.287715253,0.6449283868904871
O2,H40,0.4,2022-09-01,1330103.279781868,272634.46203447913,11829.531593237123,36812.78,15431.993531979968,3929.6370244605446,21,1602737.741816347,0.6786569339985429
O2,H40,0.4,2022-10-01,1389051.6653903187,304197.403503813,11597.241349587304,37191.99,15345.477197103843,3648.4072182585733,21,1693249.0688941318,0.6881790581900215
O2,H40,0.4,2022-11-01,1306246.183606075,273535.22725990496,12267.752321792948,37612.88,14805.330333525879,4070.391207669034,21,1579781.4108659797,0.6738417180021059
O2,H40,0.4,2022-12-01,1329868.3328715984,167805.5032634869,16456.744851259307,37705.55,14814.112279120623,1646.452645317427,21,1497673.8361350852,0.5635458214703324
O2,H40,0.4,2023-01-01,1274860.682552118,201122.92193163282,17072.27278931231,38418.46,14954.506880872004,2910.35005012576,22,1475983.6044837509,0.5556231876730012
O2,H40,0.4,2023-02-01,1227107.467523872,201281.7285958667,17492.884069616077,38187.8,14347.957722739859,2768.40585297729,22,1428389.1961197387,0.5419248013864094
O2,H40,0.4,2023-03-01,1295028.0074496735,246843.62466014395,16189.877598245135,38281.19,14790.274211115333,3624.124956320622,23,1541871.6321098174,0.5770800855917715
O2,H40,0.4,2023-04-01,1226506.857159878,240578.44268231123,16956.473531107044,38677.91,14466.338055631124,3628.6582049459153,23,1467085.299842189,0.5615979888492671
O2,H40,0.4,2023-05-01,1197149.9439442563,270705.83165545715,15073.141434863244,38795.26,13977.750481423804,4352.86372838314,22,1467855.7755997134,0.6114695085208027
O3,H20,0.2,2022-07-01,2135196.973284942,491206.336529524,6043.55,36037.14,21685.679460624084,6518.096961974755,43,2626403.309814466,0.8322966250928903
O3,H20,0.2,2022-08-01,1984603.9350241253,450406.53017252235,6026.79,36479.08,20766.97212609457,6225.858795614052,39,2435010.4651966477,0.8347877742530787
O3,H20,0.2,2022-09-01,2189737.8856456093,518532.4492781047,5801.56,36812.78,22043.67730631727,6678.621037102134,41,2708270.334923714,0.8424036435172785
O3,H20,0.2,2022-10-01,2157154.640920639,482050.14673783514,5985.780651855469,37191.99,21258.276685230187,6206.941430579398,40,2639204.7876584744,0.839057263355484
O3,H20,0.2,2022-11-01,2028291.299231165,446414.03961876425,5768.099999999999,37612.88,20349.23023259851,5938.4847392722,41,2474705.338849929,0.8466456171396607
O3,H20,0.2,2022-12-01,2058315.4668827686,458966.13261749176,5425.0476904296875,37705.55,20384.50253291954,5849.333002509953,40,2517281.5995002603,0.8561207119262366
O3,H20,0.2,2023-01-01,2095462.0687998626,475634.03847178153,5852.45,38418.46,20837.992865337816,5993.535953011192,40,2571096.1072716443,0.8476656794676309
O3,H20,0.2,2023-02-01,1964875.583736233,445908.42273601366,5962.100358191217,38187.8,20184.275052104633,5812.34951194388,40,2410784.0064722467,0.843874212230314
O3,H20,0.2,2023-03-01,1982584.947407227,460325.71817352646,6190.3150745790135,38281.19,20017.46061464265,5938.943638961132,37,2442910.6655807532,0.8382935568466128
O3,H20,0.2,2023-04-01,1971791.8192057007,466004.24193557,6715.032868782246,38677.91,20119.939612638227,5901.769046546582,41,2437796.0611412707,0.8263858396489819
O3,H20,0.2,2023-05-01,1927910.0454987022,460467.65223386476,6556.947969882588,38795.26,19625.826963895277,5928.471709852279,35,2388377.697732567,0.8309858480164178
O3,H30,0.3,2022-07-01,2135196.973284942,736809.504794286,6043.55,36037.14,21685.679460624084,6518.096961974755,43,2872006.478079228,0.8322966250928903
O3,H30,0.3,2022-08-01,1984603.9350241253,675609.7952587835,6026.79,36479.08,20766.97212609457,6225.858795614052,39,2660213.730282909,0.8347877742530787
O3,H30,0.3,2022-09-01,2189737.8856456093,777798.6739171569,5801.56,36812.78,22043.67730631727,6678.621037102134,41,2967536.559562766,0.8424036435172785
O3,H30,0.3,2022-10-01,2157154.640920639,723075.2201067526,5985.780651855469,37191.99,21258.276685230187,6206.941430579398,40,2880229.8610273916,0.839057263355484
O3,H30,0.3,2022-11-01,2028291.299231165,669621.0594281463,5768.099999999999,37612.88,20349.23023259851,5938.4847392722,41,2697912.358659311,0.8466456171396607
O3,H30,0.3,2022-12-01,2058315.4668827686,688449.1989262375,5425.0476904296875,37705.55,20384.50253291954,5849.333002509953,40,2746764.665809006,0.8561207119262366
O3,H30,0.3,2023-01-01,2095462.0687998626,713451.0577076722,5852.45,38418.46,20837.992865337816,5993.535953011192,40,2808913.1265075346,0.8476656794676309
O3,H30,0.3,2023-02-01,1964875.583736233,668862.6341040204,5962.100358191217,38187.8,20184.275052104633,5812.34951194388,40,2633738.2178402534,0.843874212230314
O3,H30,0.3,2023-03-01,1982584.947407227,690488.5772602896,6190.3150745790135,38281.19,20017.46061464265,5938.943638961132,37,2673073.5246675164,0.8382935568466128
O3,H30,0.3,2023-04-01,1971791.8192057007,699006.3629033549,6715.032868782246,38677.91,20119.939612638227,5901.769046546582,41,2670798.1821090556,0.8263858396489819
O3,H30,0.3,2023-05-01,1927910.0454987022,690701.4783507971,6556.947969882588,38795.26,19625.826963895277,5928.471709852279,35,2618611.5238494994,0.8309858480164178
O3,H40,0.4,2022-07-01,2135196.973284942,982412.673059048,6043.55,36037.14,21685.679460624084,6518.096961974755,43,3117609.64634399,0.8322966250928903
O3,H40,0.4,2022-08-01,1984603.9350241253,900813.0603450447,6026.79,36479.08,20766.97212609457,6225.858795614052,39,2885416.99536917,0.8347877742530787
O3,H40,0.4,2022-09-01,2189737.8856456093,1037064.8985562094,5801.56,36812.78,22043.67730631727,6678.621037102134,41,3226802.7842018185,0.8424036435172785
O3,H40,0.4,2022-10-01,2157154.640920639,964100.2934756703,5985.780651855469,37191.99,21258.276685230187,6206.941430579398,40,3121254.9343963093,0.839057263355484
O3,H40,0.4,2022-11-01,2028291.299231165,892828.0792375285,5768.099999999999,37612.88,20349.23023259851,5938.4847392722,41,2921119.3784686937,0.8466456171396607
O3,H40,0.4,2022-12-01,2058315.4668827686,917932.2652349835,5425.0476904296875,37705.55,20384.50253291954,5849.333002509953,40,2976247.732117752,0.8561207119262366
O3,H40,0.4,2023-01-01,2095462.0687998626,951268.0769435631,5852.45,38418.46,20837.992865337816,5993.535953011192,40,3046730.145743426,0.8476656794676309
O3,H40,0.4,2023-02-01,1964875.583736233,891816.8454720273,5962.100358191217,38187.8,20184.275052104633,5812.34951194388,40,2856692.42920826,0.843874212230314
O3,H40,0.4,2023-03-01,1982584.947407227,920651.4363470529,6190.3150745790135,38281.19,20017.46061464265,5938.943638961132,37,2903236.38375428,0.8382935568466128
O3,H40,0.4,2023-04-01,1971791.8192057007,932008.48387114,6715.032868782246,38677.91,20119.939612638227,5901.769046546582,41,2903800.303076841,0.8263858396489819
O3,H40,0.4,2023-05-01,1927910.0454987022,920935.3044677295,6556.947969882588,38795.26,19625.826963895277,5928.471709852279,35,2848845.349966432,0.8309858480164178
O4,H20,0.2,2022-07-01,2699356.2905969215,891303.6741008735,6043.55,36037.14,28209.5026903978,11990.029049081417,40,3590659.964697795,0.8322966250928903
O4,H20,0.2,2022-08-01,2543504.9177350844,812455.2927341829,6026.79,36479.08,26863.442169062586,11288.204249748624,40,3355960.2104692673,0.8347877742530787
O4,H20,0.2,2022-09-01,2718615.7449055105,895073.9696148823,5801.56,36812.78,28189.042428624703,12035.600517980514,40,3613689.714520393,0.8424036435172785
O4,H20,0.2,2022-10-01,2798870.7652985,907907.1279987819,6008.837318936312,37191.99,27945.84757213307,11878.968490908564,40,3706777.893297282,0.8384373269906689
O4,H20,0.2,2022-11-01,2631004.552429297,818514.0422104173,5768.099999999999,37612.88,26933.29713248794,10881.577550922893,41,3449518.5946397143,0.8466456171396607
O4,H20,0.2,2022-12-01,2614925.4145358787,814778.8254273988,5423.68972423388,37705.55,26429.534910129474,10905.697931740166,38,3429704.2399632772,0.8561567269477868
O4,H20,0.2,2023-01-01,2626895.9746824577,812770.3653403062,5852.45,38418.46,27226.96020841361,11345.313186464598,39,3439666.340022764,0.8476656794676309
O4,H20,0.2,2023-02-01,2465656.4590563774,770580.7503637845,6031.218874750382,38187.8,25986.39108531642,10676.080129890417,38,3236237.209420162,0.8420642489289674
O4,H20,0.2,2023-03-01,2013585.1732040516,571906.7817832307,6904.817141081029,38281.19,22302.996710423977,9034.175035614817,35,2585491.9549872824,0.8196289838147396
O4,H20,0.2,2023-04-01,1838100.396738087,501848.4948840454,7841.186045780322,38677.91,21393.096179467844,8251.017606695588,34,2339948.8916221326,0.7972696548034699
O4,H20,0.2,2023-05-01,1802002.4491085464,505703.3078197284,7925.74114082578,38795.26,20624.351855998048,8052.471989019403,32,2307705.756928275,0.7957033632246368
O4,H30,0.3,2022-07-01,2699356.2905969215,1336955.51115131,6043.55,36037.14,28209.5026903978,11990.029049081417,40,4036311.8017482315,0.8322966250928903
O4,H30,0.3,2022-08-01,2543504.9177350844,1218682.9391012744,6026.79,36479.08,26863.442169062586,11288.204249748624,40,3762187.856836359,0.8347877742530787
O4,H30,0.3,2022-09-01,2718615.7449055105,1342610.9544223233,5801.56,36812.78,28189.042428624703,12035.600517980514,40,4061226.699327834,0.8424036435172785
O4,H30,0.3,2022-10-01,2798870.7652985,1361860.6919981728,6008.837318936312,37191.99,27945.84757213307,11878.968490908564,40,4160731.457296673,0.8384373269906689
O4,H30,0.3,2022-11-01,2631004.552429297,1227771.063315626,5768.099999999999,37612.88,26933.29713248794,10881.577550922893,41,3858775.6157449232,0.8466456171396607
O4,H30,0.3,2022-12-01,2614925.4145358787,1222168.238141098,5423.68972423388,37705.55,26429.534910129474,10905.697931740166,38,3837093.6526769768,0.8561567269477868
O4,H30,0.3,2023-01-01,2626895.9746824577,1219155.5480104592,5852.45,38418.46,27226.96020841361,11345.313186464598,39,3846051.522692917,0.8476656794676309
O4,H30,0.3,2023-02-01,2465656.4590563774,1155871.1255456766,6031.218874750382,38187.8,25986.39108531642,10676.080129890417,38,3621527.584602054,0.8420642489289674
O4,H30,0.3,2023-03-01,2013585.1732040516,857860.1726748461,6904.817141081029,38281.19,22302.996710423977,9034.175035614817,35,2871445.3458788977,0.8196289838147396
O4,H30,0.3,2023-04-01,1838100.396738087,752772.742326068,7841.186045780322,38677.91,21393.096179467844,8251.017606695588,34,2590873.139064155,0.7972696548034699
O4,H30,0.3,2023-05-01,1802002.4491085464,758554.9617295925,7925.74114082578,38795.26,20624.351855998048,8052.471989019403,32,2560557.410838139,0.7957033632246368
O4,H40,0.4,2022-07-01,2699356.2905969215,1782607.348201747,6043.55,36037.14,28209.5026903978,11990.029049081417,40,4481963.638798669,0.8322966250928903
O4,H40,0.4,2022-08-01,2543504.9177350844,1624910.5854683658,6026.79,36479.08,26863.442169062586,11288.204249748624,40,4168415.5032034502,0.8347877742530787
O4,H40,0.4,2022-09-01,2718615.7449055105,1790147.9392297645,5801.56,36812.78,28189.042428624703,12035.600517980514,40,4508763.684135275,0.8424036435172785
O4,H40,0.4,2022-10-01,2798870.7652985,1815814.2559975637,6008.837318936312,37191.99,27945.84757213307,11878.968490908564,40,4614685.021296063,0.8384373269906689
O4,H40,0.4,2022-11-01,2631004.552429297,1637028.0844208347,5768.099999999999,37612.88,26933.29713248794,10881.577550922893,41,4268032.636850132,0.8466456171396607
O4,H40,0.4,2022-12-01,2614925.4145358787,1629557.6508547976,5423.68972423388,37705.55,26429.534910129474,10905.697931740166,38,4244483.065390676,0.8561567269477868
O4,H40,0.4,2023-01-01,2626895.9746824577,1625540.7306806124,5852.45,38418.46,27226.96020841361,11345.313186464598,39,4252436.705363071,0.8476656794676309
O4,H40,0.4,2023-02-01,2465656.4590563774,1541161.500727569,6031.218874750382,38187.8,25986.39108531642,10676.080129890417,38,4006817.959783946,0.8420642489289674
O4,H40,0.4,2023-03-01,2013585.1732040516,1143813.5635664614,6904.817141081029,38281.19,22302.996710423977,9034.175035614817,35,3157398.736770513,0.8196289838147396
O4,H40,0.4,2023-04-01,1838100.396738087,1003696.9897680908,7841.186045780322,38677.91,21393.096179467844,8251.017606695588,34,2841797.386506178,0.7972696548034699
O4,H40,0.4,2023-05-01,1802002.4491085464,1011406.6156394568,7925.74114082578,38795.26,20624.351855998048,8052.471989019403,32,2813409.064748003,0.7957033632246368
