controller,comparison,metric,mean_difference,median_difference,min_difference,max_difference
O1,H20_vs_H30,cost,-165248.99777697536,-163249.87710441393,-186626.35414008377,-149183.496703238
O1,H20_vs_H30,shortage,0.0,0.0,0.0,0.0
O1,H20_vs_H30,service,0.0,0.0,0.0,0.0
O2,H20_vs_H30,cost,-58587.82224740395,-60144.610670577735,-76049.35087595321,-41951.37581587164
O2,H20_vs_H30,shortage,0.0,0.0,0.0,0.0
O2,H20_vs_H30,service,0.0,0.0,0.0,0.0
O3,H20_vs_H30,cost,-234359.80493204526,-230233.82611693256,-259266.22463905206,-222954.21136800665
O3,H20_vs_H30,shortage,0.0,0.0,0.0,0.0
O3,H20_vs_H30,service,0.0,0.0,0.0,0.0
O4,H20_vs_H30,cost,-377401.9378308014,-406385.18267015275,-453953.56399939116,-250924.24744202243
O4,H20_vs_H30,shortage,0.0,0.0,0.0,0.0
O4,H20_vs_H30,service,0.0,0.0,0.0,0.0
O1,H40_vs_H30,cost,165248.99777697536,163249.8771044137,149183.496703238,186626.35414008424
O1,H40_vs_H30,shortage,0.0,0.0,0.0,0.0
O1,H40_vs_H30,service,0.0,0.0,0.0,0.0
O2,H40_vs_H30,cost,58587.822247403994,60144.610670577735,41951.37581587164,76049.35087595345
O2,H40_vs_H30,shortage,0.0,0.0,0.0,0.0
O2,H40_vs_H30,service,0.0,0.0,0.0,0.0
O3,H40_vs_H30,cost,234359.80493204558,230233.82611693256,222954.21136800665,259266.22463905253
O3,H40_vs_H30,shortage,0.0,0.0,0.0,0.0
O3,H40_vs_H30,service,0.0,0.0,0.0,0.0
O4,H40_vs_H30,cost,377401.9378308015,406385.1826701537,250924.2474420229,453953.56399939023
O4,H40_vs_H30,shortage,0.0,0.0,0.0,0.0
O4,H40_vs_H30,service,0.0,0.0,0.0,0.0
