variable,candidate,heldout_index,y,log_score,pit,coverage_80,width_80,interval_score_80,coverage_50,width_50,interval_score_50
Total_DN,Empirical,0,27.0,4.990432586778736,0.3148148148148148,1.0,63.500000000000014,63.500000000000014,1.0,28.5,28.5
Total_DN,Empirical,1,52.0,3.898599985096005,0.75,1.0,63.500000000000014,63.500000000000014,0.0,28.25,29.25
Total_DN,Empirical,2,23.0,4.990432586778736,0.24074074074074073,1.0,63.500000000000014,63.500000000000014,0.0,27.0,35.0
Total_DN,Empirical,3,75.0,3.898599985096005,0.8796296296296297,1.0,63.500000000000014,63.500000000000014,0.0,28.25,121.25
Total_DN,Empirical,4,52.0,3.898599985096005,0.75,1.0,63.500000000000014,63.500000000000014,0.0,28.25,29.25
Total_DN,Empirical,5,9.0,4.990432586778736,0.037037037037037035,0.0,62.80000000000001,122.80000000000001,0.0,27.0,91.0
Total_DN,Empirical,6,71.0,4.990432586778736,0.8518518518518519,1.0,63.500000000000014,63.500000000000014,0.0,28.25,105.25
Total_DN,Empirical,7,16.0,3.898599985096005,0.17592592592592593,1.0,63.500000000000014,63.500000000000014,0.0,27.0,63.0
Total_DN,Empirical,8,39.0,3.3877743613300146,0.48148148148148145,1.0,63.500000000000014,63.500000000000014,1.0,28.5,28.5
Total_DN,Empirical,9,51.0,4.990432586778736,0.7222222222222222,1.0,63.500000000000014,63.500000000000014,1.0,28.5,28.5
Total_DN,Empirical,10,56.0,4.990432586778736,0.7962962962962963,1.0,63.500000000000014,63.500000000000014,0.0,28.25,45.25
Total_DN,Empirical,11,53.0,4.990432586778736,0.7777777777777778,1.0,63.500000000000014,63.500000000000014,0.0,28.25,33.25
Total_DN,Empirical,12,79.0,4.990432586778736,0.9074074074074074,0.0,60.7,100.7,0.0,28.25,137.25
Total_DN,Empirical,13,39.0,3.3877743613300146,0.48148148148148145,1.0,63.500000000000014,63.500000000000014,1.0,28.5,28.5
Total_DN,Empirical,14,31.0,3.898599985096005,0.3611111111111111,1.0,63.500000000000014,63.500000000000014,1.0,28.5,28.5
Total_DN,Empirical,15,10.0,3.898599985096005,0.06481481481481481,0.0,62.80000000000001,112.80000000000001,0.0,27.0,87.0
Total_DN,Empirical,16,20.0,4.990432586778736,0.2222222222222222,1.0,63.500000000000014,63.500000000000014,0.0,27.0,47.0
Total_DN,Empirical,17,49.0,3.898599985096005,0.6944444444444444,1.0,63.500000000000014,63.500000000000014,1.0,28.5,28.5
Total_DN,Empirical,18,41.0,3.898599985096005,0.5462962962962963,1.0,63.500000000000014,63.500000000000014,1.0,28.5,28.5
Total_DN,Empirical,19,29.0,4.990432586778736,0.3333333333333333,1.0,63.500000000000014,63.500000000000014,1.0,28.5,28.5
Total_DN,Empirical,20,38.0,4.990432586778736,0.4444444444444444,1.0,63.500000000000014,63.500000000000014,1.0,28.5,28.5
Total_DN,Empirical,21,31.0,3.898599985096005,0.3611111111111111,1.0,63.500000000000014,63.500000000000014,1.0,28.5,28.5
Total_DN,Empirical,22,19.0,4.990432586778736,0.2037037037037037,1.0,63.500000000000014,63.500000000000014,0.0,27.0,51.0
Total_DN,Empirical,23,39.0,3.3877743613300146,0.48148148148148145,1.0,63.500000000000014,63.500000000000014,1.0,28.5,28.5
Total_DN,Empirical,24,44.0,3.898599985096005,0.6203703703703703,1.0,63.500000000000014,63.500000000000014,1.0,28.5,28.5
Total_DN,Empirical,25,25.0,3.898599985096005,0.26851851851851855,1.0,63.500000000000014,63.500000000000014,1.0,28.5,28.5
Total_DN,Empirical,26,49.0,3.898599985096005,0.6944444444444444,1.0,63.500000000000014,63.500000000000014,1.0,28.5,28.5
Total_DN,Empirical,27,15.0,3.3877743613300146,0.12962962962962962,1.0,63.500000000000014,63.500000000000014,0.0,27.0,67.0
Total_DN,Empirical,28,14.0,4.990432586778736,0.09259259259259259,0.0,62.80000000000001,72.80000000000001,0.0,27.0,71.0
Total_DN,Empirical,29,26.0,4.990432586778736,0.2962962962962963,1.0,63.500000000000014,63.500000000000014,1.0,28.5,28.5
Total_DN,Empirical,30,15.0,3.3877743613300146,0.12962962962962962,1.0,63.500000000000014,63.500000000000014,0.0,27.0,67.0
Total_DN,Empirical,31,36.0,4.990432586778736,0.42592592592592593,1.0,63.500000000000014,63.500000000000014,1.0,28.5,28.5
Total_DN,Empirical,32,35.0,3.898599985096005,0.39814814814814814,1.0,63.500000000000014,63.500000000000014,1.0,28.5,28.5
Total_DN,Empirical,33,41.0,3.898599985096005,0.5462962962962963,1.0,63.500000000000014,63.500000000000014,1.0,28.5,28.5
Total_DN,Empirical,34,40.0,4.990432586778736,0.5185185185185185,1.0,63.500000000000014,63.500000000000014,1.0,28.5,28.5
Total_DN,Empirical,35,35.0,3.898599985096005,0.39814814814814814,1.0,63.500000000000014,63.500000000000014,1.0,28.5,28.5
Total_DN,Empirical,36,25.0,3.898599985096005,0.26851851851851855,1.0,63.500000000000014,63.500000000000014,1.0,28.5,28.5
Total_DN,Empirical,37,8.0,4.990432586778736,0.018518518518518517,0.0,62.80000000000001,132.8,0.0,27.0,95.0
Total_DN,Empirical,38,95.0,4.990432586778736,0.9629629629629629,0.0,60.7,260.7,0.0,28.25,201.25
Total_DN,Empirical,39,42.0,4.990432586778736,0.5740740740740741,1.0,63.500000000000014,63.500000000000014,1.0,28.5,28.5
Total_DN,Empirical,40,86.0,4.990432586778736,0.9444444444444444,0.0,60.7,170.7,0.0,28.25,165.25
Total_DN,Empirical,41,47.0,3.898599985096005,0.6574074074074074,1.0,63.500000000000014,63.500000000000014,1.0,28.5,28.5
Total_DN,Empirical,42,43.0,4.990432586778736,0.5925925925925926,1.0,63.500000000000014,63.500000000000014,1.0,28.5,28.5
Total_DN,Empirical,43,114.0,4.990432586778736,0.9814814814814815,0.0,60.7,450.7,0.0,28.25,277.25
Total_DN,Empirical,44,70.0,4.990432586778736,0.8333333333333334,1.0,63.500000000000014,63.500000000000014,0.0,28.25,101.25
Total_DN,Empirical,45,47.0,3.898599985096005,0.6574074074074074,1.0,63.500000000000014,63.500000000000014,1.0,28.5,28.5
Total_DN,Empirical,46,118.0,4.990432586778736,1.0,0.0,60.7,490.7,0.0,28.25,293.25
Total_DN,Empirical,47,44.0,3.898599985096005,0.6203703703703703,1.0,63.500000000000014,63.500000000000014,1.0,28.5,28.5
Total_DN,Empirical,48,61.0,4.990432586778736,0.8148148148148148,1.0,63.500000000000014,63.500000000000014,0.0,28.25,65.25
Total_DN,Empirical,49,75.0,3.898599985096005,0.8796296296296297,1.0,63.500000000000014,63.500000000000014,0.0,28.25,121.25
Total_DN,Empirical,50,4.0,4.990432586778736,0.0,0.0,62.80000000000001,172.8,0.0,27.0,111.0
Total_DN,Empirical,51,15.0,3.3877743613300146,0.12962962962962962,1.0,63.500000000000014,63.500000000000014,0.0,27.0,67.0
Total_DN,Empirical,52,80.0,4.990432586778736,0.9259259259259259,0.0,60.7,110.7,0.0,28.25,141.25
Total_DN,Empirical,53,10.0,3.898599985096005,0.06481481481481481,0.0,62.80000000000001,112.80000000000001,0.0,27.0,87.0
Total_DN,Empirical,54,16.0,3.898599985096005,0.17592592592592593,1.0,63.500000000000014,63.500000000000014,0.0,27.0,63.0
Total_DN,Gamma,0,27.0,4.015132805743079,0.5,1.0,65.07410717250838,65.07410717250838,1.0,33.71074506159421,33.71074506159421
Total_DN,Gamma,1,52.0,4.511195989262712,0.5,1.0,64.51324220350484,64.51324220350484,1.0,33.416916827353006,33.416916827353006
Total_DN,Gamma,2,23.0,4.020626081926063,0.5,1.0,65.03302849469225,65.03302849469225,1.0,33.69286611080871,33.69286611080871
Total_DN,Gamma,3,75.0,5.342865281142538,0.5,1.0,63.44389558818917,63.44389558818917,0.0,32.87216820387023,112.16063919610666
Total_DN,Gamma,4,52.0,4.511195989262712,0.5,1.0,64.51324220350484,64.51324220350484,1.0,33.416916827353006,33.416916827353006
Total_DN,Gamma,5,9.0,4.690527504146961,0.5,0.0,63.96662524139947,117.39197407770067,0.0,33.170972023801035,90.87266903550571
Total_DN,Gamma,6,71.0,5.181909226438545,0.5,1.0,63.65084522951678,63.65084522951678,0.0,32.97733387610029,95.81758507996238
Total_DN,Gamma,7,16.0,4.164305459976201,0.5,1.0,64.76279597027622,64.76279597027622,0.0,33.56298547553173,61.607455832382996
Total_DN,Gamma,8,39.0,4.172847033198594,0.5,1.0,64.92919090365852,64.92919090365852,1.0,33.63132593182028,33.63132593182028
Total_DN,Gamma,9,51.0,4.48097515995872,0.5,1.0,64.55155163697073,64.55155163697073,1.0,33.43653925271174,33.43653925271174
Total_DN,Gamma,10,56.0,4.637807808916142,0.5,1.0,64.35169625857938,64.35169625857938,0.0,33.3343069476455,34.53882760374623
Total_DN,Gamma,11,53.0,4.5420066755250845,0.5,1.0,64.47407098472624,64.47407098472624,1.0,33.39686707765449,33.39686707765449
Total_DN,Gamma,12,79.0,5.509775014415306,0.5,0.0,63.23011141347132,86.36240723361334,0.0,32.76359635736185,128.50444602370595
Total_DN,Gamma,13,39.0,4.172847033198594,0.5,1.0,64.92919090365852,64.92919090365852,1.0,33.63132593182028,33.63132593182028
Total_DN,Gamma,14,31.0,4.044093644635934,0.5,1.0,65.062462753267,65.062462753267,1.0,33.70245374787362,33.70245374787362
Total_DN,Gamma,15,10.0,4.570427467092158,0.5,0.0,64.13885478856265,106.74472557022669,0.0,33.25618247703639,86.6403743832174
Total_DN,Gamma,16,20.0,4.05592316223533,0.5,1.0,64.95546233878578,64.95546233878578,0.0,33.65622735525298,45.116739570632305
Total_DN,Gamma,17,49.0,4.422379760892543,0.5,1.0,64.62544777015545,64.62544777015545,1.0,33.47443419327028,33.47443419327028
Total_DN,Gamma,18,41.0,4.216138122698803,0.5,1.0,64.87859823951196,64.87859823951196,1.0,33.60498092495256,33.60498092495256
Total_DN,Gamma,19,29.0,4.025961495933272,0.5,1.0,65.07392264679589,65.07392264679589,1.0,33.709396567277565,33.709396567277565
Total_DN,Gamma,20,38.0,4.152660897351258,0.5,1.0,64.95222252528646,64.95222252528646,1.0,33.64337600454786,33.64337600454786
Total_DN,Gamma,21,31.0,4.044093644635934,0.5,1.0,65.062462753267,65.062462753267,1.0,33.70245374787362,33.70245374787362
Total_DN,Gamma,22,19.0,4.075414163407268,0.5,1.0,64.91823933032433,64.91823933032433,0.0,33.63836253941525,49.229675140936045
Total_DN,Gamma,23,39.0,4.172847033198594,0.5,1.0,64.92919090365852,64.92919090365852,1.0,33.63132593182028,33.63132593182028
Total_DN,Gamma,24,44.0,4.28771567812568,0.5,1.0,64.79245601767347,64.79245601767347,1.0,33.560381950326615,33.560381950326615
Total_DN,Gamma,25,25.0,4.0128311424322725,0.5,1.0,65.0612264568596,65.0612264568596,1.0,33.70560865643841,33.70560865643841
Total_DN,Gamma,26,49.0,4.422379760892543,0.5,1.0,64.62544777015545,64.62544777015545,1.0,33.47443419327028,33.47443419327028
Total_DN,Gamma,27,15.0,4.206533537515034,0.5,1.0,64.69318748432813,64.69318748432813,0.0,33.52899921343319,65.74919498147113
Total_DN,Gamma,28,14.0,4.256711688602549,0.5,0.0,64.61257398659862,64.76269044215334,0.0,33.48952900035185,69.90069329372893
Total_DN,Gamma,29,26.0,4.012827445368833,0.5,1.0,65.06942819775176,65.06942819775176,1.0,33.709051296980114,33.709051296980114
Total_DN,Gamma,30,15.0,4.206533537515034,0.5,1.0,64.69318748432813,64.69318748432813,0.0,33.52899921343319,65.74919498147113
Total_DN,Gamma,31,36.0,4.115467125751489,0.5,1.0,64.99333967228554,64.99333967228554,1.0,33.665024587922254,33.665024587922254
Total_DN,Gamma,32,35.0,4.098578345209254,0.5,1.0,65.01123685892215,65.01123685892215,1.0,33.67452963255351,33.67452963255351
Total_DN,Gamma,33,41.0,4.216138122698803,0.5,1.0,64.87859823951196,64.87859823951196,1.0,33.60498092495256,33.60498092495256
Total_DN,Gamma,34,40.0,4.194021936564019,0.5,1.0,64.904623856608,64.904623856608,1.0,33.61851486677614,33.61851486677614
Total_DN,Gamma,35,35.0,4.098578345209254,0.5,1.0,65.01123685892215,65.01123685892215,1.0,33.67452963255351,33.67452963255351
Total_DN,Gamma,36,25.0,4.0128311424322725,0.5,1.0,65.0612264568596,65.0612264568596,1.0,33.70560865643841,33.70560865643841
Total_DN,Gamma,37,8.0,4.836315997720481,0.5,0.0,63.76249190921094,128.12964772836477,0.0,33.0698041878742,95.13294629557038
Total_DN,Gamma,38,95.0,6.232804180505362,0.5,0.0,62.317735621466284,253.79448765834468,0.0,32.30070386222646,193.88652691830487
Total_DN,Gamma,39,42.0,4.239152004637117,0.5,1.0,64.85118519246073,64.85118519246073,1.0,33.59075937844534,33.59075937844534
Total_DN,Gamma,40,86.0,5.815485936197833,0.5,0.0,62.84135394593952,159.56023348583975,0.0,32.566289421503285,157.10780624735273
Total_DN,Gamma,41,47.0,4.366388247896383,0.5,1.0,64.69546234394139,64.69546234394139,1.0,33.510404960572735,33.510404960572735
Total_DN,Gamma,42,43.0,4.263023498715647,0.5,1.0,64.8224506884605,64.8224506884605,1.0,33.57588292919287,33.57588292919287
Total_DN,Gamma,43,114.0,7.199616673651487,0.5,0.0,61.140962305072215,453.0980332432282,0.0,31.70413079492931,271.5406868174796
Total_DN,Gamma,44,70.0,5.142635480766407,0.5,1.0,63.70143173814978,63.70143173814978,0.0,33.003052241034766,91.73194461968387
Total_DN,Gamma,45,47.0,4.366388247896383,0.5,1.0,64.69546234394139,64.69546234394139,1.0,33.510404960572735,33.510404960572735
Total_DN,Gamma,46,118.0,7.417836501567125,0.5,0.0,60.88276756339337,495.1094936335394,0.0,31.57325067338395,287.890626693105
Total_DN,Gamma,47,44.0,4.28771567812568,0.5,1.0,64.79245601767347,64.79245601767347,1.0,33.560381950326615,33.560381950326615
Total_DN,Gamma,48,61.0,4.807839816706512,0.5,1.0,64.13315052148121,64.13315052148121,0.0,33.22280204480438,54.96359364657519
Total_DN,Gamma,49,75.0,5.342865281142538,0.5,1.0,63.44389558818924,63.44389558818924,0.0,32.87216820387026,112.16063919610671
Total_DN,Gamma,50,4.0,5.9240040539470185,0.5,0.0,62.36140120825675,172.75141048475643,0.0,32.3720946764608,112.68316138695613
Total_DN,Gamma,51,15.0,4.206533537515034,0.5,1.0,64.69318748432813,64.69318748432813,0.0,33.52899921343319,65.74919498147113
Total_DN,Gamma,52,80.0,5.552402655804738,0.5,0.0,63.1756722062136,96.813553805943,0.0,32.7359579270648,132.5905105891544
Total_DN,Gamma,53,10.0,4.570427467092156,0.5,0.0,64.13885478856271,106.74472557022652,0.0,33.256182477036376,86.64037438321732
Total_DN,Gamma,54,16.0,4.164305459976199,0.5,1.0,64.76279597027634,64.76279597027634,0.0,33.562985475531846,61.60745583238295
Total_DN,Lognormal,0,27.0,3.9309419548159323,0.5,1.0,71.5970586874693,71.5970586874693,1.0,34.20640578922911,34.20640578922911
Total_DN,Lognormal,1,52.0,4.7088473072735795,0.5,1.0,70.53197478183998,70.53197478183998,1.0,33.71176712691501,33.71176712691501
Total_DN,Lognormal,2,23.0,3.873095784430969,0.5,1.0,71.6388141326435,71.6388141326435,1.0,34.23844699983101,34.23844699983101
Total_DN,Lognormal,3,75.0,5.532380411789816,0.5,1.0,69.32311959746212,69.32311959746212,0.0,33.185127060581195,116.65107437260924
Total_DN,Lognormal,4,52.0,4.7088473072735795,0.5,1.0,70.53197478183998,70.53197478183998,1.0,33.71176712691501,33.71176712691501
Total_DN,Lognormal,5,9.0,4.69232421285366,0.5,0.0,70.08556882584858,125.10178842363953,0.0,33.68676071476163,85.76617365580775
Total_DN,Lognormal,6,71.0,5.390285993604926,0.5,1.0,69.53166866964355,69.53166866964355,0.0,33.275289733905936,100.35847650811806
Total_DN,Lognormal,7,16.0,3.9429162324089315,0.5,1.0,71.40744977680451,71.40744977680451,0.0,34.177837314039465,56.370251002715236
Total_DN,Lognormal,8,39.0,4.2604290296925456,0.5,1.0,71.1746933934871,71.1746933934871,1.0,34.000111816911954,34.000111816911954
Total_DN,Lognormal,9,51.0,4.673221734939042,0.5,1.0,70.58389578100639,70.58389578100639,1.0,33.73470773538349,33.73470773538349
Total_DN,Lognormal,10,56.0,4.852079804855636,0.5,1.0,70.32251776472881,70.32251776472881,0.0,33.61960143305494,39.17639916132656
Total_DN,Lognormal,11,53.0,4.744559996792877,0.5,1.0,70.47984700517759,70.47984700517759,1.0,33.68877556908235,33.68877556908235
Total_DN,Lognormal,12,79.0,5.673483994221894,0.5,1.0,69.11645853608921,69.11645853608921,0.0,33.09595682741739,132.93524130597507
Total_DN,Lognormal,13,39.0,4.2604290296925456,0.5,1.0,71.1746933934871,71.1746933934871,1.0,34.000111816911954,34.000111816911954
Total_DN,Lognormal,14,31.0,4.022794362613942,0.5,1.0,71.49139897971065,71.49139897971065,1.0,34.15044683536999,34.15044683536999
Total_DN,Lognormal,15,10.0,4.489576041438544,0.5,0.0,70.41755890252165,114.46807687013981,0.0,33.814336957474495,81.50347639968798
Total_DN,Lognormal,16,20.0,3.8663022746822975,0.5,1.0,71.60362883067027,71.60362883067027,0.0,34.2371841718102,39.85117588067162
Total_DN,Lognormal,17,49.0,4.602298231358878,0.5,1.0,70.68698012265986,70.68698012265986,1.0,33.78038629624132,33.78038629624132
Total_DN,Lognormal,18,41.0,4.326268893546429,0.5,1.0,71.08251035116734,71.08251035116734,1.0,33.95793941714331,33.95793941714331
Total_DN,Lognormal,19,29.0,3.973635347482741,0.5,1.0,71.5504190259479,71.5504190259479,1.0,34.1807183575804,34.1807183575804
Total_DN,Lognormal,20,38.0,4.2282233012153,0.5,1.0,71.21931126229232,71.21931126229232,1.0,34.020690375508565,34.020690375508565
Total_DN,Lognormal,21,31.0,4.022794362613942,0.5,1.0,71.49139897971065,71.49139897971065,1.0,34.15044683536999,34.15044683536999
Total_DN,Lognormal,22,19.0,3.8742391159864753,0.5,1.0,71.57384862420909,71.57384862420909,0.0,34.229824784229855,43.969527987730025
Total_DN,Lognormal,23,39.0,4.2604290296925456,0.5,1.0,71.1746933934871,71.1746933934871,1.0,34.000111816911954,34.000111816911954
Total_DN,Lognormal,24,44.0,4.427865826053351,0.5,1.0,70.93829779788987,70.93829779788987,1.0,33.892678912109204,33.892678912109204
Total_DN,Lognormal,25,25.0,3.896584237152809,0.5,1.0,71.6279953138008,71.6279953138008,1.0,34.2262218538676,34.2262218538676
Total_DN,Lognormal,26,49.0,4.602298231358878,0.5,1.0,70.68698012265986,70.68698012265986,1.0,33.78038629624132,33.78038629624132
Total_DN,Lognormal,27,15.0,3.9859401798362626,0.5,1.0,71.31824250405577,71.31824250405577,0.0,34.147319216917495,60.522490788482074
Total_DN,Lognormal,28,14.0,4.0427027094172585,0.5,0.0,71.20660330045968,72.60064268969377,0.0,34.107972069653236,64.68634878782424
Total_DN,Lognormal,29,26.0,3.9125812982991155,0.5,1.0,71.6147356256231,71.6147356256231,1.0,34.217143245010874,34.217143245010874
Total_DN,Lognormal,30,15.0,3.9859401798362626,0.5,1.0,71.31824250405577,71.31824250405577,0.0,34.147319216917495,60.522490788482074
Total_DN,Lognormal,31,36.0,4.165544708515163,0.5,1.0,71.30501354711352,71.30501354711352,1.0,34.06061125742508,34.06061125742508
Total_DN,Lognormal,32,35.0,4.1352162803948715,0.5,1.0,71.34582256449417,71.34582256449417,1.0,34.07984935923583,34.07984935923583
Total_DN,Lognormal,33,41.0,4.326268893546429,0.5,1.0,71.08251035116736,71.08251035116736,1.0,33.95793941714331,33.95793941714331
Total_DN,Lognormal,34,40.0,4.293128993270431,0.5,1.0,71.12905801292312,71.12905801292312,1.0,33.97918164513258,33.97918164513258
Total_DN,Lognormal,35,35.0,4.1352162803948715,0.5,1.0,71.34582256449417,71.34582256449417,1.0,34.07984935923583,34.07984935923583
Total_DN,Lognormal,36,25.0,3.896584237152809,0.5,1.0,71.6279953138008,71.6279953138008,1.0,34.2262218538676,34.2262218538676
Total_DN,Lognormal,37,8.0,4.958087818089428,0.5,0.0,69.66549572281684,135.84125670713416,0.0,33.523386804985094,90.06420045702502
Total_DN,Lognormal,38,95.0,6.2264273880540575,0.5,0.0,68.31271626789636,198.1280469769515,0.0,32.750358037912555,197.9970429095143
Total_DN,Lognormal,39,42.0,4.359800066644022,0.5,1.0,71.03514530204485,71.03514530204485,1.0,33.936420707481346,33.936420707481346
Total_DN,Lognormal,40,86.0,5.91774457272008,0.5,0.0,68.76006356181921,104.30782082297273,0.0,32.94251117207057,161.41373026989865
Total_DN,Lognormal,41,47.0,4.53193909765481,0.5,1.0,70.7887922710479,70.7887922710479,1.0,33.825699123549704,33.825699123549704
Total_DN,Lognormal,42,43.0,4.393678814278184,0.5,1.0,70.98704859220767,70.98704859220767,1.0,33.914657565478635,33.914657565478635
Total_DN,Lognormal,43,114.0,6.857825133333423,0.5,0.0,67.41067309733508,395.74071286915296,0.0,32.36386068614789,275.12813129761673
Total_DN,Lognormal,44,70.0,5.354623904852187,0.5,1.0,69.58406170580761,69.58406170580761,0.0,33.297973121306164,96.28394712003933
Total_DN,Lognormal,45,47.0,4.53193909765481,0.5,1.0,70.7887922710479,70.7887922710479,1.0,33.825699123549704,33.825699123549704
Total_DN,Lognormal,46,118.0,6.987341787890105,0.5,0.0,67.2280423277473,437.26965941895196,0.0,32.285706828927374,291.35117690223467
Total_DN,Lognormal,47,44.0,4.427865826053351,0.5,1.0,70.93829779788987,70.93829779788987,1.0,33.892678912109204,33.892678912109204
Total_DN,Lognormal,48,61.0,5.031874185479089,0.5,1.0,70.0585848066747,70.0585848066747,0.0,33.504158860299,59.58643458083007
Total_DN,Lognormal,49,75.0,5.532380411789816,0.5,1.0,69.32311959746211,69.32311959746211,0.0,33.18512706058118,116.65107437260932
Total_DN,Lognormal,50,4.0,7.551442599883954,0.5,0.0,66.10288681897043,181.02125162114288,0.0,32.08919382496957,107.93548120221728
Total_DN,Lognormal,51,15.0,3.9859401798362626,0.5,1.0,71.31824250405577,71.31824250405577,0.0,34.147319216917495,60.522490788482074
Total_DN,Lognormal,52,80.0,5.70859226011927,0.5,1.0,69.06511989248378,69.06511989248378,0.0,33.07382896373066,137.00502525728825
Total_DN,Lognormal,53,10.0,4.489576041438543,0.5,0.0,70.41755890252162,114.46807687013973,0.0,33.81433695747448,81.50347639968794
Total_DN,Lognormal,54,16.0,3.94291623240893,0.5,1.0,71.40744977680444,71.40744977680444,0.0,34.17783731403944,56.370251002715136
Total_DN,Weibull,0,27.0,4.112376577550179,0.5,1.0,65.01700687140551,65.01700687140551,1.0,34.786993921165205,34.786993921165205
Total_DN,Weibull,1,52.0,4.438716157504302,0.5,1.0,64.8462144355793,64.8462144355793,1.0,34.680399942599614,34.680399942599614
Total_DN,Weibull,2,23.0,4.137784239342714,0.5,1.0,64.94322870924076,64.94322870924076,0.0,34.75277813088404,35.406298206181845
Total_DN,Weibull,3,75.0,5.214557312854103,0.5,1.0,63.931705359486024,63.931705359486024,0.0,34.199191076208606,107.3890796444753
Total_DN,Weibull,4,52.0,4.438716157504302,0.5,1.0,64.8462144355793,64.8462144355793,1.0,34.680399942599614,34.680399942599614
Total_DN,Weibull,5,9.0,4.631620398864435,0.5,0.0,64.29162250095436,107.89564611557415,0.0,34.43299420850066,93.22962069025367
Total_DN,Weibull,6,71.0,5.051890627777531,0.5,1.0,64.13820823132897,64.13820823132897,0.0,34.30691121315235,91.03458257445425
Total_DN,Weibull,7,16.0,4.276039979303735,0.5,1.0,64.7159466889201,64.7159466889201,0.0,34.64298621418136,64.18270711407213
Total_DN,Weibull,8,39.0,4.18486765417219,0.5,1.0,65.05622089531258,65.05622089531258,1.0,34.79720079445571,34.79720079445571
Total_DN,Weibull,9,51.0,4.413987483756259,0.5,1.0,64.87069043758527,64.87069043758527,1.0,34.693593677963634,34.693593677963634
Total_DN,Weibull,10,56.0,4.545495343430563,0.5,1.0,64.73534855543171,64.73534855543171,1.0,34.62108263363085,34.62108263363085
Total_DN,Weibull,11,53.0,4.464240313693129,0.5,1.0,64.82048636007936,64.82048636007936,1.0,34.66657696147709,34.66657696147709
Total_DN,Weibull,12,79.0,5.389120488745123,0.5,0.0,63.70561605574149,91.79176696597845,0.0,34.08151660140811,123.74794011197682
Total_DN,Weibull,13,39.0,4.18486765417219,0.5,1.0,65.05622089531258,65.05622089531258,1.0,34.79720079445571,34.79720079445571
Total_DN,Weibull,14,31.0,4.1148645725131905,0.5,1.0,65.05823718341091,65.05823718341091,1.0,34.80467925632786,34.80467925632786
Total_DN,Weibull,15,10.0,4.558298033854492,0.5,0.0,64.37122816795488,97.49282979624924,0.0,34.47264668539487,89.05075122305851
Total_DN,Weibull,16,20.0,4.179725105062054,0.5,1.0,64.86294167031313,64.86294167031313,0.0,34.71443037301401,47.7184726692457
Total_DN,Weibull,17,49.0,4.366970822614312,0.5,1.0,64.91549747257653,64.91549747257653,1.0,34.7178799573069,34.7178799573069
Total_DN,Weibull,18,41.0,4.213687478080151,0.5,1.0,65.03970985415967,65.03970985415967,1.0,34.787220182461944,34.787220182461944
Total_DN,Weibull,19,29.0,4.11049885195968,0.5,1.0,65.04147284859765,65.04147284859765,1.0,34.797791739740944,34.797791739740944
Total_DN,Weibull,20,38.0,4.172025823969361,0.5,1.0,65.06214822186388,65.06214822186388,1.0,34.80100990895659,34.80100990895659
Total_DN,Weibull,21,31.0,4.1148645725131905,0.5,1.0,65.05823718341091,65.05823718341091,1.0,34.80467925632786,34.80467925632786
Total_DN,Weibull,22,19.0,4.198974138779442,0.5,1.0,64.83086602788072,64.83086602788072,0.0,34.69894568441693,51.82869568302769
Total_DN,Weibull,23,39.0,4.18486765417219,0.5,1.0,65.05622089531258,65.05622089531258,1.0,34.79720079445571,34.79720079445571
Total_DN,Weibull,24,44.0,4.264330337215895,0.5,1.0,65.00386856922883,65.00386856922883,1.0,34.76664912330729,34.76664912330729
Total_DN,Weibull,25,25.0,4.121187757550922,0.5,1.0,64.98458568710404,64.98458568710404,1.0,34.77215660870794,34.77215660870794
Total_DN,Weibull,26,49.0,4.366970822614312,0.5,1.0,64.91549747257653,64.91549747257653,1.0,34.7178799573069,34.7178799573069
Total_DN,Weibull,27,15.0,4.309315433742022,0.5,1.0,64.67058491138549,64.67058491138549,0.0,34.62074470199248,68.30993276061257
Total_DN,Weibull,28,14.0,4.347131277713303,0.5,1.0,64.62103133706513,64.62103133706513,0.0,34.596368916388045,72.44260707590988
Total_DN,Weibull,29,26.0,4.115866365287471,0.5,1.0,65.001839645765,65.001839645765,1.0,34.780104362452036,34.780104362452036
Total_DN,Weibull,30,15.0,4.309315433742022,0.5,1.0,64.67058491138549,64.67058491138549,0.0,34.62074470199248,68.30993276061257
Total_DN,Weibull,31,36.0,4.149643547284277,0.5,1.0,65.0693468994408,65.0693468994408,1.0,34.80627548121025,34.80627548121025
Total_DN,Weibull,32,35.0,4.140178736075618,0.5,1.0,65.07051739015913,65.07051739015913,1.0,34.807675040866314,34.807675040866314
Total_DN,Weibull,33,41.0,4.213687478080151,0.5,1.0,65.03970985415967,65.03970985415967,1.0,34.787220182461944,34.787220182461944
Total_DN,Weibull,34,40.0,4.1987650866098445,0.5,1.0,65.04869121018861,65.04869121018861,1.0,34.79257657007487,34.79257657007487
Total_DN,Weibull,35,35.0,4.140178736075618,0.5,1.0,65.07051739015913,65.07051739015913,1.0,34.807675040866314,34.807675040866314
Total_DN,Weibull,36,25.0,4.121187757550922,0.5,1.0,64.98458568710404,64.98458568710404,1.0,34.77215660870794,34.77215660870794
Total_DN,Weibull,37,8.0,4.71675088474676,0.5,0.0,64.20259795169679,118.33780451491388,0.0,34.388559554781835,97.42485971092546
Total_DN,Weibull,38,95.0,6.21673729617647,0.5,0.0,62.59579351246175,260.477152803322,0.0,33.505976345129625,189.2233519849127
Total_DN,Weibull,39,42.0,4.229604436126559,0.5,1.0,65.02916642538044,65.02916642538044,1.0,34.78107474935712,34.78107474935712
Total_DN,Weibull,40,86.0,5.724494746235446,0.5,0.0,63.26128518030065,165.35866068464435,0.0,33.850801443264,152.38511262592095
Total_DN,Weibull,41,47.0,4.323295712240596,0.5,1.0,64.95507717354586,64.95507717354586,1.0,34.739529676895295,34.739529676895295
Total_DN,Weibull,42,43.0,4.246494818633904,0.5,1.0,65.01726214499357,65.01726214499357,1.0,34.774238217282424,34.774238217282424
Total_DN,Weibull,43,114.0,7.541900554310702,0.5,0.0,60.796473228114486,463.4566007486391,0.0,32.574432986278275,267.0649625303448
Total_DN,Weibull,44,70.0,5.013047428877121,0.5,1.0,64.18660932321598,64.18660932321598,0.0,34.332207334062616,86.94643732152272
Total_DN,Weibull,45,47.0,4.323295712240596,0.5,1.0,64.95507717354586,64.95507717354586,1.0,34.739529676895295,34.739529676895295
Total_DN,Weibull,46,118.0,7.886387174913727,0.5,0.0,60.33672787324825,506.62298193742566,0.0,32.33616446639948,283.46560456132175
Total_DN,Weibull,47,44.0,4.264330337215895,0.5,1.0,65.00386856922883,65.00386856922883,1.0,34.76664912330729,34.76664912330729
Total_DN,Weibull,48,61.0,4.6960351479125535,0.5,1.0,64.56746168842085,64.56746168842085,0.0,34.532125203881606,50.16551860786461
Total_DN,Weibull,49,75.0,5.214557312854103,0.5,1.0,63.931705359486024,63.931705359486024,0.0,34.199191076208606,107.3890796444753
Total_DN,Weibull,50,4.0,5.266265725903289,0.5,0.0,63.68312151196969,160.80820849745518,0.0,34.1277642459124,114.49810333122436
Total_DN,Weibull,51,15.0,4.309315433742022,0.5,1.0,64.67058491138549,64.67058491138549,0.0,34.62074470199248,68.30993276061257
Total_DN,Weibull,52,80.0,5.434662538654269,0.5,0.0,63.64584305752657,102.28040579995991,0.0,34.050444671314295,127.83829192383189
Total_DN,Weibull,53,10.0,4.558298033854492,0.5,0.0,64.37122816795488,97.49282979624924,0.0,34.47264668539487,89.05075122305851
Total_DN,Weibull,54,16.0,4.276039979303735,0.5,1.0,64.7159466889201,64.7159466889201,0.0,34.64298621418136,64.18270711407213
Internal,Empirical,0,27.0,4.890349128221754,0.9444444444444444,0.0,18.1,51.09999999999997,0.0,7.5,52.5
Internal,Empirical,1,13.0,3.288401887516811,0.5185185185185185,1.0,19.1,19.1,1.0,7.75,7.75
Internal,Empirical,2,23.0,4.890349128221754,0.8703703703703703,1.0,19.1,19.1,0.0,7.5,36.5
Internal,Empirical,3,20.0,4.890349128221754,0.8333333333333334,1.0,19.1,19.1,0.0,7.5,24.5
Internal,Empirical,4,24.0,4.890349128221754,0.8888888888888888,1.0,18.800000000000004,18.800000000000004,0.0,7.5,40.5
Internal,Empirical,5,9.0,3.7992275112828016,0.26851851851851855,1.0,19.1,19.1,1.0,7.75,7.75
Internal,Empirical,6,8.0,2.499944527152541,0.19444444444444445,1.0,19.1,19.1,0.0,7.0,11.0
Internal,Empirical,7,16.0,3.7992275112828016,0.75,1.0,19.1,19.1,0.0,7.5,8.5
Internal,Empirical,8,5.0,3.7992275112828016,0.08333333333333333,0.0,17.700000000000003,37.7,0.0,7.0,23.0
Internal,Empirical,9,10.0,2.499944527152541,0.3425925925925926,1.0,19.1,19.1,1.0,7.75,7.75
Internal,Empirical,10,12.0,3.7992275112828016,0.4722222222222222,1.0,19.1,19.1,1.0,7.75,7.75
Internal,Empirical,11,26.0,4.890349128221754,0.9259259259259259,0.0,18.1,41.09999999999997,0.0,7.5,48.5
Internal,Empirical,12,8.0,2.499944527152541,0.19444444444444445,1.0,19.1,19.1,0.0,7.0,11.0
Internal,Empirical,13,14.0,2.951929650895598,0.5833333333333334,1.0,19.1,19.1,1.0,7.75,7.75
Internal,Empirical,14,21.0,4.890349128221754,0.8518518518518519,1.0,19.1,19.1,0.0,7.5,28.5
Internal,Empirical,15,10.0,2.499944527152541,0.3425925925925926,1.0,19.1,19.1,1.0,7.75,7.75
Internal,Empirical,16,8.0,2.499944527152541,0.19444444444444445,1.0,19.1,19.1,0.0,7.0,11.0
Internal,Empirical,17,15.0,2.499944527152541,0.6759259259259259,1.0,19.1,19.1,1.0,7.75,7.75
Internal,Empirical,18,9.0,3.7992275112828016,0.26851851851851855,1.0,19.1,19.1,1.0,7.75,7.75
Internal,Empirical,19,29.0,4.890349128221754,0.9629629629629629,0.0,18.1,71.09999999999997,0.0,7.5,60.5
Internal,Empirical,20,15.0,2.499944527152541,0.6759259259259259,1.0,19.1,19.1,1.0,7.75,7.75
Internal,Empirical,21,31.0,4.890349128221754,0.9814814814814815,0.0,18.1,91.09999999999997,0.0,7.5,68.5
Internal,Empirical,22,19.0,4.890349128221754,0.8148148148148148,1.0,19.1,19.1,0.0,7.5,20.5
Internal,Empirical,23,4.0,3.288401887516811,0.037037037037037035,0.0,17.700000000000003,47.7,0.0,7.0,27.0
Internal,Empirical,24,11.0,3.288401887516811,0.42592592592592593,1.0,19.1,19.1,1.0,7.75,7.75
Internal,Empirical,25,25.0,4.890349128221754,0.9074074074074074,0.0,18.1,31.099999999999973,0.0,7.5,44.5
Internal,Empirical,26,11.0,3.288401887516811,0.42592592592592593,1.0,19.1,19.1,1.0,7.75,7.75
Internal,Empirical,27,15.0,2.499944527152541,0.6759259259259259,1.0,19.1,19.1,1.0,7.75,7.75
Internal,Empirical,28,14.0,2.951929650895598,0.5833333333333334,1.0,19.1,19.1,1.0,7.75,7.75
Internal,Empirical,29,2.0,4.890349128221754,0.0,0.0,17.700000000000003,67.7,0.0,7.0,35.0
Internal,Empirical,30,15.0,2.499944527152541,0.6759259259259259,1.0,19.1,19.1,1.0,7.75,7.75
Internal,Empirical,31,36.0,4.890349128221754,1.0,0.0,18.1,141.09999999999997,0.0,7.5,88.5
Internal,Empirical,32,7.0,3.7992275112828016,0.12037037037037036,1.0,19.1,19.1,0.0,7.0,15.0
Internal,Empirical,33,7.0,3.7992275112828016,0.12037037037037036,1.0,19.1,19.1,0.0,7.0,15.0
Internal,Empirical,34,12.0,3.7992275112828016,0.4722222222222222,1.0,19.1,19.1,1.0,7.75,7.75
Internal,Empirical,35,13.0,3.288401887516811,0.5185185185185185,1.0,19.1,19.1,1.0,7.75,7.75
Internal,Empirical,36,14.0,2.951929650895598,0.5833333333333334,1.0,19.1,19.1,1.0,7.75,7.75
Internal,Empirical,37,8.0,2.499944527152541,0.19444444444444445,1.0,19.1,19.1,0.0,7.0,11.0
Internal,Empirical,38,10.0,2.499944527152541,0.3425925925925926,1.0,19.1,19.1,1.0,7.75,7.75
Internal,Empirical,39,10.0,2.499944527152541,0.3425925925925926,1.0,19.1,19.1,1.0,7.75,7.75
Internal,Empirical,40,15.0,2.499944527152541,0.6759259259259259,1.0,19.1,19.1,1.0,7.75,7.75
Internal,Empirical,41,8.0,2.499944527152541,0.19444444444444445,1.0,19.1,19.1,0.0,7.0,11.0
Internal,Empirical,42,11.0,3.288401887516811,0.42592592592592593,1.0,19.1,19.1,1.0,7.75,7.75
Internal,Empirical,43,10.0,2.499944527152541,0.3425925925925926,1.0,19.1,19.1,1.0,7.75,7.75
Internal,Empirical,44,13.0,3.288401887516811,0.5185185185185185,1.0,19.1,19.1,1.0,7.75,7.75
Internal,Empirical,45,14.0,2.951929650895598,0.5833333333333334,1.0,19.1,19.1,1.0,7.75,7.75
Internal,Empirical,46,8.0,2.499944527152541,0.19444444444444445,1.0,19.1,19.1,0.0,7.0,11.0
Internal,Empirical,47,18.0,4.890349128221754,0.7962962962962963,1.0,19.1,19.1,0.0,7.5,16.5
Internal,Empirical,48,17.0,4.890349128221754,0.7777777777777778,1.0,19.1,19.1,0.0,7.5,12.5
Internal,Empirical,49,4.0,3.288401887516811,0.037037037037037035,0.0,17.700000000000003,47.7,0.0,7.0,27.0
Internal,Empirical,50,4.0,3.288401887516811,0.037037037037037035,0.0,17.700000000000003,47.7,0.0,7.0,27.0
Internal,Empirical,51,15.0,2.499944527152541,0.6759259259259259,1.0,19.1,19.1,1.0,7.75,7.75
Internal,Empirical,52,5.0,3.7992275112828016,0.08333333333333333,0.0,17.700000000000003,37.7,0.0,7.0,23.0
Internal,Empirical,53,10.0,2.499944527152541,0.3425925925925926,1.0,19.1,19.1,1.0,7.75,7.75
Internal,Empirical,54,16.0,3.7992275112828016,0.75,1.0,19.1,19.1,0.0,7.5,8.5
Internal,Gamma,0,27.0,4.726114092308011,0.5,0.0,17.252049133979117,58.59381745701731,0.0,8.988950591609626,47.74949337031519
Internal,Gamma,1,13.0,2.878614885680166,0.5,1.0,17.882375349102713,17.882375349102713,1.0,9.313426258462307,9.313426258462307
Internal,Gamma,2,23.0,4.045940608856171,0.5,1.0,17.481597749066438,17.481597749066438,0.0,9.10680239009401,31.39272501432557
Internal,Gamma,3,20.0,3.604707204870468,0.5,1.0,17.633501266698786,17.633501266698786,0.0,9.184874709532531,19.12917514299169
Internal,Gamma,4,24.0,4.206599387559048,0.5,0.0,17.426813406493668,27.205864760698095,0.0,9.078666361130962,35.48138689720853
Internal,Gamma,5,9.0,2.786040068970234,0.5,1.0,17.902495928865864,17.902495928865864,1.0,9.324924814417734,9.324924814417734
Internal,Gamma,6,8.0,2.832297222019803,0.5,1.0,17.881228894815717,17.881228894815717,0.0,9.31444633900055,11.229618524260967
Internal,Gamma,7,16.0,3.1270407154689477,0.5,1.0,17.79877692088705,17.79877692088705,1.0,9.270037351714155,9.270037351714155
Internal,Gamma,8,5.0,3.3106112205444957,0.5,0.0,17.69573694177164,25.848074382370086,0.0,9.221124257030782,23.616594184411632
Internal,Gamma,9,10.0,2.77362477067676,0.5,1.0,17.91105748429736,17.91105748429736,1.0,9.328949685839977,9.328949685839977
Internal,Gamma,10,12.0,2.824210662405023,0.5,1.0,17.899397552582467,17.899397552582467,1.0,9.322387275834863,9.322387275834863
Internal,Gamma,11,26.0,4.546845991665463,0.5,0.0,17.311920964823564,48.12320873615345,0.0,9.019680939279231,43.659788710468995
Internal,Gamma,12,8.0,2.832297222019803,0.5,1.0,17.881228894815717,17.881228894815717,0.0,9.31444633900055,11.229618524260967
Internal,Gamma,13,14.0,2.9485163141511657,0.5,1.0,17.859405757589006,17.859405757589006,1.0,9.301447679112403,9.301447679112403
Internal,Gamma,14,21.0,3.744683377152566,0.5,1.0,17.58511996991433,17.58511996991433,0.0,9.159996573447183,23.21659081104243
Internal,Gamma,15,10.0,2.77362477067676,0.5,1.0,17.91105748429736,17.91105748429736,1.0,9.328949685839977,9.328949685839977
Internal,Gamma,16,8.0,2.832297222019803,0.5,1.0,17.881228894815717,17.881228894815717,0.0,9.31444633900055,11.229618524260967
Internal,Gamma,17,15.0,3.031856356497956,0.5,1.0,17.831318598502172,17.831318598502172,1.0,9.286872626736274,9.286872626736274
Internal,Gamma,18,9.0,2.786040068970234,0.5,1.0,17.902495928865864,17.902495928865864,1.0,9.324924814417734,9.324924814417734
Internal,Gamma,19,29.0,5.102397528344055,0.5,0.0,17.127943453338208,79.55641064609816,0.0,8.92526085016422,55.92983978207232
Internal,Gamma,20,15.0,3.031856356497955,0.5,1.0,17.831318598502158,17.831318598502158,1.0,9.286872626736276,9.286872626736276
Internal,Gamma,21,31.0,5.501939364430013,0.5,0.0,16.99855029731723,100.54479556953709,0.0,8.858864724284729,64.11136324959494
Internal,Gamma,22,19.0,3.472370163396267,0.5,1.0,17.679343130702403,17.679343130702403,0.0,9.208462266040794,15.042240278277088
Internal,Gamma,23,4.0,3.681615362654255,0.5,0.0,17.56278641998543,36.42493154633608,0.0,9.153792662721294,27.8038349703563
Internal,Gamma,24,11.0,2.7880066359936393,0.5,1.0,17.90941581553242,17.90941581553242,1.0,9.327794240878061,9.327794240878061
Internal,Gamma,25,25.0,4.373627555762484,0.5,0.0,17.370212552222792,37.660370168819114,0.0,9.049604745966164,39.57041445556884
Internal,Gamma,26,11.0,2.7880066359936393,0.5,1.0,17.90941581553242,17.90941581553242,1.0,9.327794240878061,9.327794240878061
Internal,Gamma,27,15.0,3.031856356497956,0.5,1.0,17.831318598502172,17.831318598502172,1.0,9.286872626736274,9.286872626736274
Internal,Gamma,28,14.0,2.9485163141511657,0.5,1.0,17.859405757589006,17.859405757589006,1.0,9.301447679112403,9.301447679112403
Internal,Gamma,29,2.0,5.357120881686782,0.5,0.0,17.019908982784354,58.435716530417395,0.0,8.877664012000471,36.402239718772165
Internal,Gamma,30,15.0,3.031856356497956,0.5,1.0,17.831318598502172,17.831318598502172,1.0,9.286872626736274,9.286872626736274
Internal,Gamma,31,36.0,6.6020568976122265,0.5,0.0,16.655097239047524,153.11228405152866,0.0,8.682620353726302,84.56992361237587
Internal,Gamma,32,7.0,2.922758033987134,0.5,1.0,17.843703891523344,17.843703891523344,0.0,9.295705100107579,15.338604230937033
Internal,Gamma,33,7.0,2.922758033987134,0.5,1.0,17.843703891523344,17.843703891523344,0.0,9.295705100107579,15.338604230937033
Internal,Gamma,34,12.0,2.824210662405023,0.5,1.0,17.899397552582467,17.899397552582467,1.0,9.322387275834863,9.322387275834863
Internal,Gamma,35,13.0,2.878614885680166,0.5,1.0,17.882375349102713,17.882375349102713,1.0,9.313426258462307,9.313426258462307
Internal,Gamma,36,14.0,2.9485163141511657,0.5,1.0,17.859405757589006,17.859405757589006,1.0,9.301447679112403,9.301447679112403
Internal,Gamma,37,8.0,2.832297222019803,0.5,1.0,17.881228894815717,17.881228894815717,0.0,9.31444633900055,11.229618524260967
Internal,Gamma,38,10.0,2.7736247706767587,0.5,1.0,17.91105748429733,17.91105748429733,1.0,9.32894968583996,9.32894968583996
Internal,Gamma,39,10.0,2.7736247706767587,0.5,1.0,17.91105748429733,17.91105748429733,1.0,9.32894968583996,9.32894968583996
Internal,Gamma,40,15.0,3.031856356497955,0.5,1.0,17.831318598502158,17.831318598502158,1.0,9.286872626736276,9.286872626736276
Internal,Gamma,41,8.0,2.832297222019803,0.5,1.0,17.881228894815717,17.881228894815717,0.0,9.31444633900055,11.229618524260967
Internal,Gamma,42,11.0,2.7880066359936393,0.5,1.0,17.90941581553242,17.90941581553242,1.0,9.327794240878061,9.327794240878061
Internal,Gamma,43,10.0,2.7736247706767587,0.5,1.0,17.91105748429733,17.91105748429733,1.0,9.32894968583996,9.32894968583996
Internal,Gamma,44,13.0,2.878614885680166,0.5,1.0,17.882375349102713,17.882375349102713,1.0,9.313426258462307,9.313426258462307
Internal,Gamma,45,14.0,2.9485163141511657,0.5,1.0,17.859405757589006,17.859405757589006,1.0,9.301447679112403,9.301447679112403
Internal,Gamma,46,8.0,2.832297222019803,0.5,1.0,17.881228894815717,17.881228894815717,0.0,9.31444633900055,11.229618524260967
Internal,Gamma,47,18.0,3.3481928225028774,0.5,1.0,17.72238483740593,17.72238483740593,0.0,9.230627419372997,10.955829488472094
Internal,Gamma,48,17.0,3.2328175471332026,0.5,1.0,17.76231842921847,17.76231842921847,1.0,9.251214371610232,9.251214371610232
Internal,Gamma,49,4.0,3.681615362654255,0.5,0.0,17.56278641998543,36.42493154633608,0.0,9.153792662721294,27.8038349703563
Internal,Gamma,50,4.0,3.681615362654255,0.5,0.0,17.56278641998543,36.42493154633608,0.0,9.153792662721294,27.8038349703563
Internal,Gamma,51,15.0,3.031856356497956,0.5,1.0,17.831318598502172,17.831318598502172,1.0,9.286872626736274,9.286872626736274
Internal,Gamma,52,5.0,3.3106112205444957,0.5,0.0,17.69573694177164,25.848074382370086,0.0,9.221124257030782,23.616594184411632
Internal,Gamma,53,10.0,2.77362477067676,0.5,1.0,17.91105748429736,17.91105748429736,1.0,9.328949685839977,9.328949685839977
Internal,Gamma,54,16.0,3.127040715468949,0.5,1.0,17.79877692088707,17.79877692088707,1.0,9.270037351714182,9.270037351714182
Internal,Lognormal,0,27.0,4.756580217995795,0.5,0.0,18.197839491719098,49.12370403868081,0.0,9.015606159755077,48.893047414174035
Internal,Lognormal,1,13.0,2.9349441275814283,0.5,1.0,18.877245700122934,18.877245700122934,1.0,9.329891078641953,9.329891078641953
Internal,Lognormal,2,23.0,4.19753087688302,0.5,1.0,18.4046038943175,18.4046038943175,0.0,9.110281858843729,32.60039573998059
Internal,Lognormal,3,20.0,3.787151791709596,0.5,1.0,18.558378307107244,18.558378307107244,0.0,9.180965248514,20.365198395352778
Internal,Lognormal,4,24.0,4.3364655991528345,0.5,1.0,18.352886612176896,18.352886612176896,0.0,9.086571721207578,36.675696026968055
Internal,Lognormal,5,9.0,2.6741547076462275,0.5,1.0,18.962303702218293,18.962303702218293,1.0,9.374203289790067,9.374203289790067
Internal,Lognormal,6,8.0,2.6817763433521495,0.5,1.0,18.95246401754275,18.95246401754275,0.0,9.37198155122242,9.969992297177308
Internal,Lognormal,7,16.0,3.270480701949208,0.5,1.0,18.7528500750651,18.7528500750651,1.0,9.27109648664349,9.27109648664349
Internal,Lognormal,8,5.0,3.189672214498691,0.5,0.0,18.72880971992413,27.72514529226104,0.0,9.280985319448536,22.384548653644448
Internal,Lognormal,9,10.0,2.7052441477944074,0.5,1.0,18.95576126714177,18.95576126714177,1.0,9.3693925511611,9.3693925511611
Internal,Lognormal,10,12.0,2.841965423471127,0.5,1.0,18.91055406385518,18.91055406385518,1.0,9.34607800941806,9.34607800941806
Internal,Lognormal,11,26.0,4.61615020786509,0.5,0.0,18.249428530381085,38.69433200250195,0.0,9.03920280055653,44.821969415011985
Internal,Lognormal,12,8.0,2.6817763433521495,0.5,1.0,18.95246401754275,18.95246401754275,0.0,9.37198155122242,9.969992297177308
Internal,Lognormal,13,14.0,3.0389907139667103,0.5,1.0,18.83912792914099,18.83912792914099,1.0,9.311685747258517,9.311685747258517
Internal,Lognormal,14,21.0,3.922572832656494,0.5,1.0,18.507493095738543,18.507493095738543,0.0,9.15753815998072,24.445199920443688
Internal,Lognormal,15,10.0,2.7052441477944074,0.5,1.0,18.95576126714177,18.95576126714177,1.0,9.3693925511611,9.3693925511611
Internal,Lognormal,16,8.0,2.6817763433521495,0.5,1.0,18.95246401754275,18.95246401754275,0.0,9.37198155122242,9.969992297177308
Internal,Lognormal,17,15.0,3.1514815198229478,0.5,1.0,18.797370724894968,18.797370724894968,1.0,9.291962970260197,9.291962970260197
Internal,Lognormal,18,9.0,2.6741547076462275,0.5,1.0,18.9623037022183,18.9623037022183,1.0,9.374203289790072,9.374203289790072
Internal,Lognormal,19,29.0,5.038024623368912,0.5,0.0,18.095219755157427,69.97102501741772,0.0,8.968701494369524,57.031336979434684
Internal,Lognormal,20,15.0,3.1514815198229478,0.5,1.0,18.797370724894975,18.797370724894975,1.0,9.291962970260197,9.291962970260197
Internal,Lognormal,21,31.0,5.319693627706814,0.5,0.0,17.993601831115356,90.80231802802747,0.0,8.922284782783825,65.16478451560991
Internal,Lognormal,22,19.0,3.6536312693393107,0.5,1.0,18.60863961436148,18.60863961436148,0.0,9.20415354298997,16.28352780325997
Internal,Lognormal,23,4.0,3.733131518497732,0.5,0.0,18.515962428836982,38.32211268443193,0.0,9.189823753534576,26.597095730644448
Internal,Lognormal,24,11.0,2.763683980021555,0.5,1.0,18.93746229907532,18.93746229907532,1.0,9.359562890849226,9.359562890849226
Internal,Lognormal,25,25.0,4.476064140264059,0.5,0.0,18.301133565555723,28.26140915281912,0.0,9.062867239164941,40.749536228075755
Internal,Lognormal,26,11.0,2.763683980021555,0.5,1.0,18.93746229907532,18.93746229907532,1.0,9.359562890849228,9.359562890849228
Internal,Lognormal,27,15.0,3.1514815198229478,0.5,1.0,18.797370724894968,18.797370724894968,1.0,9.291962970260197,9.291962970260197
Internal,Lognormal,28,14.0,3.0389907139667103,0.5,1.0,18.83912792914099,18.83912792914099,1.0,9.311685747258517,9.311685747258517
Internal,Lognormal,29,2.0,7.148310199009754,0.5,0.0,17.38125651724242,60.75517733036705,0.0,8.688442384680497,35.34026255032904
Internal,Lognormal,30,15.0,3.1514815198229478,0.5,1.0,18.797370724894968,18.797370724894968,1.0,9.291962970260197,9.291962970260197
Internal,Lognormal,31,36.0,6.022146430454432,0.5,0.0,17.745151103545766,142.80822608294773,0.0,8.808851525918627,85.47943069994375
Internal,Lognormal,32,7.0,2.7460861943590245,0.5,1.0,18.919175628432754,18.919175628432754,0.0,9.359635237170785,14.083539632696706
Internal,Lognormal,33,7.0,2.7460861943590245,0.5,1.0,18.919175628432754,18.919175628432754,0.0,9.359635237170785,14.083539632696706
Internal,Lognormal,34,12.0,2.841965423471127,0.5,1.0,18.91055406385518,18.91055406385518,1.0,9.34607800941806,9.34607800941806
Internal,Lognormal,35,13.0,2.9349441275814283,0.5,1.0,18.877245700122934,18.877245700122934,1.0,9.329891078641953,9.329891078641953
Internal,Lognormal,36,14.0,3.0389907139667103,0.5,1.0,18.83912792914099,18.83912792914099,1.0,9.311685747258517,9.311685747258517
Internal,Lognormal,37,8.0,2.6817763433521495,0.5,1.0,18.95246401754275,18.95246401754275,0.0,9.37198155122242,9.969992297177308
Internal,Lognormal,38,10.0,2.705244147794408,0.5,1.0,18.95576126714178,18.95576126714178,1.0,9.369392551161104,9.369392551161104
Internal,Lognormal,39,10.0,2.705244147794408,0.5,1.0,18.95576126714178,18.95576126714178,1.0,9.369392551161104,9.369392551161104
Internal,Lognormal,40,15.0,3.1514815198229478,0.5,1.0,18.797370724894975,18.797370724894975,1.0,9.2919629702602,9.2919629702602
Internal,Lognormal,41,8.0,2.6817763433521495,0.5,1.0,18.95246401754275,18.95246401754275,0.0,9.37198155122242,9.969992297177308
Internal,Lognormal,42,11.0,2.763683980021555,0.5,1.0,18.93746229907532,18.93746229907532,1.0,9.359562890849226,9.359562890849226
Internal,Lognormal,43,10.0,2.705244147794408,0.5,1.0,18.95576126714178,18.95576126714178,1.0,9.369392551161104,9.369392551161104
Internal,Lognormal,44,13.0,2.9349441275814283,0.5,1.0,18.877245700122934,18.877245700122934,1.0,9.329891078641953,9.329891078641953
Internal,Lognormal,45,14.0,3.0389907139667103,0.5,1.0,18.83912792914099,18.83912792914099,1.0,9.311685747258517,9.311685747258517
Internal,Lognormal,46,8.0,2.6817763433521495,0.5,1.0,18.95246401754275,18.95246401754275,0.0,9.37198155122242,9.969992297177308
Internal,Lognormal,47,18.0,3.522536657123453,0.5,1.0,18.658028648052152,18.658028648052152,0.0,9.226998907312682,12.20014467292072
Internal,Lognormal,48,17.0,3.3945348984912913,0.5,1.0,18.706231827678486,18.706231827678486,1.0,9.24936939237471,9.24936939237471
Internal,Lognormal,49,4.0,3.733131518497732,0.5,0.0,18.515962428836982,38.32211268443193,0.0,9.189823753534576,26.597095730644448
Internal,Lognormal,50,4.0,3.733131518497732,0.5,0.0,18.515962428836982,38.32211268443193,0.0,9.189823753534576,26.597095730644448
Internal,Lognormal,51,15.0,3.1514815198229478,0.5,1.0,18.797370724894968,18.797370724894968,1.0,9.291962970260197,9.291962970260197
Internal,Lognormal,52,5.0,3.189672214498691,0.5,0.0,18.72880971992413,27.72514529226104,0.0,9.280985319448536,22.384548653644448
Internal,Lognormal,53,10.0,2.7052441477944074,0.5,1.0,18.95576126714177,18.95576126714177,1.0,9.3693925511611,9.3693925511611
Internal,Lognormal,54,16.0,3.270480701949209,0.5,1.0,18.752850075065094,18.752850075065094,1.0,9.271096486643486,9.271096486643486
Internal,Weibull,0,27.0,4.616572248528809,0.5,0.0,17.987878567496214,57.945925542877234,0.0,9.668772656585238,46.04453544396254
Internal,Weibull,1,13.0,2.9281029678184747,0.5,1.0,18.525652565907766,18.525652565907766,1.0,9.956047695942448,9.956047695942448
Internal,Weibull,2,23.0,3.8829071374658124,0.5,1.0,18.24701205721226,18.24701205721226,0.0,9.806583806565214,29.658937960078944
Internal,Weibull,3,20.0,3.4686942504028586,0.5,1.0,18.38372137574396,18.38372137574396,0.0,9.879451558797975,17.384538315836203
Internal,Weibull,4,24.0,4.04582408169073,0.5,0.0,18.19069021482364,26.37802805310696,0.0,9.776613793054771,33.753026111975394
Internal,Weibull,5,9.0,2.936124745868182,0.5,1.0,18.494162189721532,18.494162189721532,1.0,9.94035009848621,9.94035009848621
Internal,Weibull,6,8.0,2.988314723623571,0.5,1.0,18.472023468010676,18.472023468010676,0.0,9.928870552673917,11.715540538256523
Internal,Weibull,7,16.0,3.084268500570005,0.5,1.0,18.494940797106544,18.494940797106544,1.0,9.939109207777909,9.939109207777909
Internal,Weibull,8,5.0,3.3318429054022016,0.5,0.0,18.363021809595786,20.67862816946716,0.0,9.871829990277293,24.048705242254236
Internal,Weibull,9,10.0,2.906539076779099,0.5,1.0,18.510158708504854,18.510158708504854,1.0,9.948574501764298,9.948574501764298
Internal,Weibull,10,12.0,2.904398529029377,0.5,1.0,18.525823516594436,18.525823516594436,1.0,9.95637769528804,9.95637769528804
Internal,Weibull,11,26.0,4.411907505769646,0.5,0.0,18.06126851630182,47.39281937188724,0.0,9.707788741185825,41.94592246422545
Internal,Weibull,12,8.0,2.988314723623571,0.5,1.0,18.472023468010676,18.472023468010676,0.0,9.928870552673917,11.715540538256523
Internal,Weibull,13,14.0,2.96657284471266,0.5,1.0,18.520459500020415,18.520459500020415,1.0,9.953064304366114,9.953064304366114
Internal,Weibull,14,21.0,3.594647927396271,0.5,1.0,18.343334416933935,18.343334416933935,0.0,9.857899512366076,21.474381141127935
Internal,Weibull,15,10.0,2.906539076779099,0.5,1.0,18.510158708504854,18.510158708504854,1.0,9.948574501764298,9.948574501764298
Internal,Weibull,16,8.0,2.988314723623571,0.5,1.0,18.472023468010676,18.472023468010676,0.0,9.928870552673917,11.715540538256523
Internal,Weibull,17,15.0,3.0188696652561244,0.5,1.0,18.510193060756897,18.510193060756897,1.0,9.947401370389715,9.947401370389715
Internal,Weibull,18,9.0,2.936124745868182,0.5,1.0,18.494162189721532,18.494162189721532,1.0,9.94035009848621,9.94035009848621
Internal,Weibull,19,29.0,5.074442686266139,0.5,0.0,17.822043677147157,79.15162039307049,0.0,9.580608693754987,54.246454355101626
Internal,Weibull,20,15.0,3.0188696652561244,0.5,1.0,18.510193060756897,18.510193060756897,1.0,9.947401370389715,9.947401370389715
Internal,Weibull,21,31.0,5.607061742163131,0.5,0.0,17.628485088963885,100.49926388808649,0.0,9.47766162083443,62.454499252472424
Internal,Weibull,22,19.0,3.35464284232895,0.5,1.0,18.419270724474543,18.419270724474543,0.0,9.898451136399233,13.296061694614524
Internal,Weibull,23,4.0,3.5423729965194544,0.5,0.0,18.307100128641274,31.01950377115287,0.0,9.842408782664858,28.186168996474375
Internal,Weibull,24,11.0,2.8966760428077585,0.5,1.0,18.520747438343726,18.520747438343726,1.0,9.95393425470161,9.95393425470161
Internal,Weibull,25,25.0,4.221928566293176,0.5,0.0,18.128821528749775,36.87001713415669,0.0,9.743707926406445,37.848570231961745
Internal,Weibull,26,11.0,2.8966760428077585,0.5,1.0,18.520747438343726,18.520747438343726,1.0,9.95393425470161,9.95393425470161
Internal,Weibull,27,15.0,3.0188696652561244,0.5,1.0,18.510193060756897,18.510193060756897,1.0,9.947401370389715,9.947401370389715
Internal,Weibull,28,14.0,2.96657284471266,0.5,1.0,18.520459500020415,18.520459500020415,1.0,9.953064304366114,9.953064304366114
Internal,Weibull,29,2.0,4.291172165345245,0.5,0.0,18.134710966191157,51.99163845307515,0.0,9.751372147267661,36.56831471365225
Internal,Weibull,30,15.0,3.0188696652561244,0.5,1.0,18.510193060756897,18.510193060756897,1.0,9.947401370389715,9.947401370389715
Internal,Weibull,31,36.0,7.40363889466528,0.5,0.0,16.991755351955813,154.61755404448454,0.0,9.138304931432247,83.0003234262407
Internal,Weibull,32,7.0,3.0671668742740494,0.5,1.0,18.443481555119508,18.443481555119508,0.0,9.913994445745784,15.81731429840537
Internal,Weibull,33,7.0,3.0671668742740494,0.5,1.0,18.443481555119508,18.443481555119508,0.0,9.913994445745784,15.81731429840537
Internal,Weibull,34,12.0,2.904398529029377,0.5,1.0,18.525823516594436,18.525823516594436,1.0,9.95637769528804,9.95637769528804
Internal,Weibull,35,13.0,2.9281029678184756,0.5,1.0,18.52565256590779,18.52565256590779,1.0,9.95604769594246,9.95604769594246
Internal,Weibull,36,14.0,2.96657284471266,0.5,1.0,18.52045950002041,18.52045950002041,1.0,9.953064304366112,9.953064304366112
Internal,Weibull,37,8.0,2.988314723623571,0.5,1.0,18.472023468010676,18.472023468010676,0.0,9.928870552673917,11.715540538256523
Internal,Weibull,38,10.0,2.906539076779099,0.5,1.0,18.510158708504854,18.510158708504854,1.0,9.948574501764298,9.948574501764298
Internal,Weibull,39,10.0,2.906539076779099,0.5,1.0,18.510158708504854,18.510158708504854,1.0,9.948574501764298,9.948574501764298
Internal,Weibull,40,15.0,3.0188696652561244,0.5,1.0,18.510193060756897,18.510193060756897,1.0,9.947401370389715,9.947401370389715
Internal,Weibull,41,8.0,2.988314723623571,0.5,1.0,18.472023468010676,18.472023468010676,0.0,9.928870552673917,11.715540538256523
Internal,Weibull,42,11.0,2.896676042807759,0.5,1.0,18.520747438343736,18.520747438343736,1.0,9.953934254701615,9.953934254701615
Internal,Weibull,43,10.0,2.906539076779099,0.5,1.0,18.510158708504854,18.510158708504854,1.0,9.948574501764298,9.948574501764298
Internal,Weibull,44,13.0,2.9281029678184747,0.5,1.0,18.525652565907766,18.525652565907766,1.0,9.956047695942448,9.956047695942448
Internal,Weibull,45,14.0,2.96657284471266,0.5,1.0,18.52045950002041,18.52045950002041,1.0,9.953064304366112,9.953064304366112
Internal,Weibull,46,8.0,2.988314723623571,0.5,1.0,18.472023468010676,18.472023468010676,0.0,9.928870552673917,11.715540538256523
Internal,Weibull,47,18.0,3.252457881588281,0.5,1.0,18.449345302907915,18.449345302907915,1.0,9.914561796109945,9.914561796109945
Internal,Weibull,48,17.0,3.1622586547854517,0.5,1.0,18.474695376821167,18.474695376821167,1.0,9.928181764604483,9.928181764604483
Internal,Weibull,49,4.0,3.542372996519456,0.5,0.0,18.307100128641295,31.019503771152955,0.0,9.842408782664869,28.18616899647443
Internal,Weibull,50,4.0,3.542372996519456,0.5,0.0,18.307100128641295,31.019503771152955,0.0,9.842408782664869,28.18616899647443
Internal,Weibull,51,15.0,3.0188696652561244,0.5,1.0,18.510193060756865,18.510193060756865,1.0,9.947401370389697,9.947401370389697
Internal,Weibull,52,5.0,3.3318429054022025,0.5,0.0,18.3630218095958,20.67862816946721,0.0,9.871829990277302,24.048705242254268
Internal,Weibull,53,10.0,2.906539076779099,0.5,1.0,18.510158708504854,18.510158708504854,1.0,9.948574501764298,9.948574501764298
Internal,Weibull,54,16.0,3.084268500570005,0.5,1.0,18.494940797106544,18.494940797106544,1.0,9.939109207777909,9.939109207777909
PO_GR_DN,Empirical,0,39.0,3.4863551900024623,0.625,1.0,50.5,50.5,1.0,27.75,27.75
PO_GR_DN,Empirical,1,55.0,4.574710978503383,0.75,1.0,50.5,50.5,0.0,19.5,50.5
PO_GR_DN,Empirical,2,28.0,2.9755295662364714,0.2777777777777778,1.0,50.5,50.5,1.0,27.75,27.75
PO_GR_DN,Empirical,3,63.0,4.574710978503383,0.8055555555555556,1.0,50.5,50.5,0.0,19.0,84.0
PO_GR_DN,Empirical,4,34.0,2.9755295662364714,0.5,1.0,50.5,50.5,1.0,27.75,27.75
PO_GR_DN,Empirical,5,41.0,4.574710978503383,0.6666666666666666,1.0,50.5,50.5,1.0,27.75,27.75
PO_GR_DN,Empirical,6,44.0,3.4863551900024623,0.7083333333333334,1.0,50.5,50.5,1.0,27.75,27.75
PO_GR_DN,Empirical,7,27.0,4.574710978503383,0.2222222222222222,1.0,50.5,50.5,0.0,27.5,31.5
PO_GR_DN,Empirical,8,71.0,2.9755295662364714,0.8611111111111112,1.0,50.5,50.5,0.0,19.0,116.0
PO_GR_DN,Empirical,9,25.0,4.574710978503383,0.16666666666666666,1.0,50.5,50.5,0.0,27.5,39.5
PO_GR_DN,Empirical,10,10.0,4.574710978503383,0.0,0.0,49.5,184.5,0.0,27.5,99.5
PO_GR_DN,Empirical,11,12.0,4.574710978503383,0.05555555555555555,0.0,49.5,164.5,0.0,27.5,91.5
PO_GR_DN,Empirical,12,34.0,2.9755295662364714,0.5,1.0,50.5,50.5,1.0,27.75,27.75
PO_GR_DN,Empirical,13,32.0,2.9755295662364714,0.3611111111111111,1.0,50.5,50.5,1.0,27.75,27.75
PO_GR_DN,Empirical,14,23.0,4.574710978503383,0.1111111111111111,1.0,50.0,50.0,0.0,27.5,47.5
PO_GR_DN,Empirical,15,35.0,4.574710978503383,0.5555555555555556,1.0,50.5,50.5,1.0,27.75,27.75
PO_GR_DN,Empirical,16,33.0,3.4863551900024623,0.4305555555555556,1.0,50.5,50.5,1.0,27.75,27.75
PO_GR_DN,Empirical,17,38.0,4.574710978503383,0.5833333333333334,1.0,50.5,50.5,1.0,27.75,27.75
PO_GR_DN,Empirical,18,24.0,4.574710978503383,0.1388888888888889,1.0,50.5,50.5,0.0,27.5,43.5
PO_GR_DN,Empirical,19,28.0,2.9755295662364714,0.2777777777777778,1.0,50.5,50.5,1.0,27.75,27.75
PO_GR_DN,Empirical,20,34.0,2.9755295662364714,0.5,1.0,50.5,50.5,1.0,27.75,27.75
PO_GR_DN,Empirical,21,28.0,2.9755295662364714,0.2777777777777778,1.0,50.5,50.5,1.0,27.75,27.75
PO_GR_DN,Empirical,22,22.0,4.574710978503383,0.08333333333333333,0.0,49.5,64.5,0.0,27.5,51.5
PO_GR_DN,Empirical,23,11.0,4.574710978503383,0.027777777777777776,0.0,49.5,174.5,0.0,27.5,95.5
PO_GR_DN,Empirical,24,85.0,4.574710978503383,0.9444444444444444,0.0,48.5,188.5,0.0,19.0,172.0
PO_GR_DN,Empirical,25,32.0,2.9755295662364714,0.3611111111111111,1.0,50.5,50.5,1.0,27.75,27.75
PO_GR_DN,Empirical,26,71.0,2.9755295662364714,0.8611111111111112,1.0,50.5,50.5,0.0,19.0,116.0
PO_GR_DN,Empirical,27,39.0,3.4863551900024623,0.625,1.0,50.5,50.5,1.0,27.75,27.75
PO_GR_DN,Empirical,28,32.0,2.9755295662364714,0.3611111111111111,1.0,50.5,50.5,1.0,27.75,27.75
PO_GR_DN,Empirical,29,104.0,4.574710978503383,0.9722222222222222,0.0,48.5,378.5,0.0,19.0,248.0
PO_GR_DN,Empirical,30,57.0,4.574710978503383,0.7777777777777778,1.0,50.5,50.5,0.0,19.0,60.0
PO_GR_DN,Empirical,31,33.0,3.4863551900024623,0.4305555555555556,1.0,50.5,50.5,1.0,27.75,27.75
PO_GR_DN,Empirical,32,110.0,4.574710978503383,1.0,0.0,48.5,438.5,0.0,19.0,272.0
PO_GR_DN,Empirical,33,26.0,4.574710978503383,0.19444444444444445,1.0,50.5,50.5,0.0,27.5,35.5
PO_GR_DN,Empirical,34,44.0,3.4863551900024623,0.7083333333333334,1.0,50.5,50.5,1.0,27.75,27.75
PO_GR_DN,Empirical,35,71.0,2.9755295662364714,0.8611111111111112,1.0,50.5,50.5,0.0,19.0,116.0
PO_GR_DN,Empirical,36,75.0,4.574710978503383,0.9166666666666666,0.0,48.5,88.5,0.0,19.0,132.0
PO_GR_DN,Gamma,0,39.0,3.9985865877352014,0.5,1.0,56.09385438880079,56.09385438880079,1.0,29.205304020329336,29.205304020329336
PO_GR_DN,Gamma,1,55.0,4.463180593883392,0.5,1.0,55.35446431775955,55.35446431775955,0.0,28.82246287610126,31.403630254112034
PO_GR_DN,Gamma,2,28.0,3.924007121065615,0.5,1.0,56.16267804478235,56.16267804478235,1.0,29.245740178712705,29.245740178712705
PO_GR_DN,Gamma,3,63.0,4.795368747569679,0.5,1.0,54.81827843319161,54.81827843319161,0.0,28.546618630567078,64.44303118682299
PO_GR_DN,Gamma,4,34.0,3.9300350863875884,0.5,1.0,56.18773124167349,56.18773124167349,1.0,29.255421770989354,29.255421770989354
PO_GR_DN,Gamma,5,41.0,4.038390714639457,0.5,1.0,56.03379645584057,56.03379645584057,1.0,29.17385052481293,29.17385052481293
PO_GR_DN,Gamma,6,44.0,4.1093097800131275,0.5,1.0,55.92346907921818,55.92346907921818,1.0,29.116414235845404,29.116414235845404
PO_GR_DN,Gamma,7,27.0,3.933649729067109,0.5,1.0,56.13959124700369,56.13959124700369,1.0,29.23453141259022,29.23453141259022
PO_GR_DN,Gamma,8,71.0,5.180602743753291,0.5,1.0,54.20559518353818,54.20559518353818,0.0,28.231902521396062,97.49686160372711
PO_GR_DN,Gamma,9,25.0,3.964529122957641,0.5,1.0,56.07326301634672,56.07326301634672,0.0,29.201881033872134,33.85966760276211
PO_GR_DN,Gamma,10,10.0,5.30097707985219,0.5,0.0,53.87736744338184,141.25070586756505,0.0,28.092067990570573,97.42071163406989
PO_GR_DN,Gamma,11,12.0,4.899048966183659,0.5,0.0,54.483168110563966,118.87864720077597,0.0,28.399806003564645,88.69197402962357
PO_GR_DN,Gamma,12,34.0,3.9300350863875884,0.5,1.0,56.18773124167349,56.18773124167349,1.0,29.255421770989354,29.255421770989354
PO_GR_DN,Gamma,13,32.0,3.9173206209221045,0.5,1.0,56.19858666191404,56.19858666191404,1.0,29.261936184513946,29.261936184513946
PO_GR_DN,Gamma,14,23.0,4.013469827092828,0.5,1.0,55.97607425352104,55.97607425352104,0.0,29.153554682680113,42.17443677848206
PO_GR_DN,Gamma,15,35.0,3.939799814639356,0.5,1.0,56.17613037514069,56.17613037514069,1.0,29.24903474955732,29.24903474955732
PO_GR_DN,Gamma,16,33.0,3.922492219802281,0.5,1.0,56.19530288862961,56.19530288862961,1.0,29.259766062238427,29.259766062238427
PO_GR_DN,Gamma,17,38.0,3.981149398605052,0.5,1.0,56.1194089542987,56.1194089542987,1.0,29.218763413770077,29.218763413770077
PO_GR_DN,Gamma,18,24.0,3.986517564391363,0.5,1.0,56.02886423633388,56.02886423633388,0.0,29.179849687898496,38.013578763440876
PO_GR_DN,Gamma,19,28.0,3.924007121065615,0.5,1.0,56.16267804478235,56.16267804478235,1.0,29.245740178712705,29.245740178712705
PO_GR_DN,Gamma,20,34.0,3.9300350863875884,0.5,1.0,56.18773124167349,56.18773124167349,1.0,29.255421770989354,29.255421770989354
PO_GR_DN,Gamma,21,28.0,3.924007121065615,0.5,1.0,56.16267804478235,56.16267804478235,1.0,29.245740178712705,29.245740178712705
PO_GR_DN,Gamma,22,22.0,4.045924956776283,0.5,1.0,55.91409794249233,55.91409794249233,0.0,29.12259045194799,46.342889083592
PO_GR_DN,Gamma,23,11.0,5.082410110786352,0.5,0.0,54.20270481872626,129.99479274215213,0.0,28.25741340218082,93.03832723208735
PO_GR_DN,Gamma,24,85.0,5.972217099625164,0.5,0.0,52.99084739859988,201.6066329334286,0.0,27.608485769319234,155.3699824101149
PO_GR_DN,Gamma,25,32.0,3.9173206209221045,0.5,1.0,56.19858666191404,56.19858666191404,1.0,29.261936184513946,29.261936184513946
PO_GR_DN,Gamma,26,71.0,5.180602743753291,0.5,1.0,54.20559518353818,54.20559518353818,0.0,28.231902521396062,97.49686160372711
PO_GR_DN,Gamma,27,39.0,3.9985865877352014,0.5,1.0,56.09385438880079,56.09385438880079,1.0,29.205304020329336,29.205304020329336
PO_GR_DN,Gamma,28,32.0,3.9173206209221045,0.5,1.0,56.19858666191404,56.19858666191404,1.0,29.261936184513946,29.261936184513946
PO_GR_DN,Gamma,29,104.0,7.285515627579465,0.5,0.0,51.11929139460997,405.8254833269308,0.0,26.648134294490358,233.9631249152403
PO_GR_DN,Gamma,30,57.0,4.540903545744735,0.5,1.0,55.22864195662976,55.22864195662976,0.0,28.75767627310867,39.66196984580935
PO_GR_DN,Gamma,31,33.0,3.922492219802281,0.5,1.0,56.19530288862961,56.19530288862961,1.0,29.259766062238427,29.259766062238427
PO_GR_DN,Gamma,32,110.0,7.761452842361004,0.5,0.0,50.48421722172294,470.52577152519245,0.0,26.322140012459,258.79346985297275
PO_GR_DN,Gamma,33,26.0,3.9470404542950934,0.5,1.0,56.109967394131154,56.109967394131154,0.0,29.22000398790603,29.712134858840816
PO_GR_DN,Gamma,34,44.0,4.109309780013127,0.5,1.0,55.92346907921818,55.92346907921818,1.0,29.116414235845337,29.116414235845337
PO_GR_DN,Gamma,35,71.0,5.180602743753291,0.5,1.0,54.20559518353818,54.20559518353818,0.0,28.231902521396062,97.49686160372711
PO_GR_DN,Gamma,36,75.0,5.391780755853967,0.5,0.0,53.875365641034,94.61054454236205,0.0,28.06238147920233,114.02850056807897
PO_GR_DN,Lognormal,0,39.0,4.008775969373934,0.5,1.0,57.04311724276202,57.04311724276202,1.0,28.254776471125766,28.254776471125766
PO_GR_DN,Lognormal,1,55.0,4.621735775607799,0.5,1.0,56.014961416232524,56.014961416232524,0.0,27.769797500843772,37.129788197726334
PO_GR_DN,Lognormal,2,28.0,3.789707410432992,0.5,1.0,57.36244455065978,57.36244455065978,1.0,28.42340944614601,28.42340944614601
PO_GR_DN,Lognormal,3,63.0,4.978314561420695,0.5,1.0,55.41612551499615,55.41612551499615,0.0,27.49212623447703,70.11507852641166
PO_GR_DN,Lognormal,4,34.0,3.8740550022591465,0.5,1.0,57.256334539791126,57.256334539791126,1.0,28.360619956306557,28.360619956306557
PO_GR_DN,Lognormal,5,41.0,4.0732611527893825,0.5,1.0,56.937255090783474,56.937255090783474,1.0,28.20368622241514,28.20368622241514
PO_GR_DN,Lognormal,6,44.0,4.1784057893787185,0.5,1.0,56.76232533116072,56.76232533116072,1.0,28.12022709612008,28.12022709612008
PO_GR_DN,Lognormal,7,27.0,3.7880371790880685,0.5,1.0,57.3564962602429,57.3564962602429,1.0,28.423669494024132,28.423669494024132
PO_GR_DN,Lognormal,8,71.0,5.350949105243748,0.5,1.0,54.7989466549945,54.7989466549945,0.0,27.20718257199442,103.04947548508324
PO_GR_DN,Lognormal,9,25.0,3.7996341455421407,0.5,1.0,57.31670274276884,57.31670274276884,0.0,28.412076790087944,30.142364072715075
PO_GR_DN,Lognormal,10,10.0,5.912306970130045,0.5,0.0,53.82532083605463,150.01728830639576,0.0,26.90542186814058,94.18575092189302
PO_GR_DN,Lognormal,11,12.0,5.1294811906128,0.5,0.0,54.99036840012148,127.19869104703004,0.0,27.42201103974573,85.2960134630788
PO_GR_DN,Lognormal,12,34.0,3.8740550022591465,0.5,1.0,57.256334539791126,57.256334539791126,1.0,28.360619956306557,28.360619956306557
PO_GR_DN,Lognormal,13,32.0,3.8342407788158144,0.5,1.0,57.31424323984021,57.31424323984021,1.0,28.39125009792301,28.39125009792301
PO_GR_DN,Lognormal,14,23.0,3.835993705076116,0.5,1.0,57.231506898961385,57.231506898961385,0.0,28.38069789275076,38.47179396316989
PO_GR_DN,Lognormal,15,35.0,3.897370280979014,0.5,1.0,57.22075638480878,57.22075638480878,1.0,28.342466719255643,28.342466719255643
PO_GR_DN,Lognormal,16,33.0,3.8529336818199376,0.5,1.0,57.287645383728375,57.287645383728375,1.0,28.37694588393202,28.37694588393202
PO_GR_DN,Lognormal,17,38.0,3.97852900350677,0.5,1.0,57.09218635744223,57.09218635744223,1.0,28.278682937870087,28.278682937870087
PO_GR_DN,Lognormal,18,24.0,3.8142904826963084,0.5,1.0,57.280492098538346,57.280492098538346,0.0,28.39917677228594,34.3028278592311
PO_GR_DN,Lognormal,19,28.0,3.789707410432992,0.5,1.0,57.36244455065978,57.36244455065978,1.0,28.42340944614601,28.42340944614601
PO_GR_DN,Lognormal,20,34.0,3.8740550022591465,0.5,1.0,57.256334539791126,57.256334539791126,1.0,28.360619956306557,28.360619956306557
PO_GR_DN,Lognormal,21,28.0,3.789707410432992,0.5,1.0,57.36244455065978,57.36244455065978,1.0,28.42340944614601,28.42340944614601
PO_GR_DN,Lognormal,22,22.0,3.8658084661304555,0.5,1.0,57.168020699205485,57.168020699205485,0.0,28.355871155982264,42.650126262505204
PO_GR_DN,Lognormal,23,11.0,5.473690234371718,0.5,0.0,54.465675385047426,138.4998564107384,0.0,27.190194380783122,89.71422810233847
PO_GR_DN,Lognormal,24,85.0,6.026137054097362,0.5,0.0,53.7103329314904,187.8780411272193,0.0,26.705903797380248,160.57469585207542
PO_GR_DN,Lognormal,25,32.0,3.8342407788158144,0.5,1.0,57.31424323984021,57.31424323984021,1.0,28.39125009792301,28.39125009792301
PO_GR_DN,Lognormal,26,71.0,5.350949105243748,0.5,1.0,54.7989466549945,54.7989466549945,0.0,27.20718257199442,103.04947548508324
PO_GR_DN,Lognormal,27,39.0,4.008775969373934,0.5,1.0,57.04311724276202,57.04311724276202,1.0,28.254776471125766,28.254776471125766
PO_GR_DN,Lognormal,28,32.0,3.8342407788158144,0.5,1.0,57.31424323984021,57.31424323984021,1.0,28.39125009792301,28.39125009792301
PO_GR_DN,Lognormal,29,104.0,6.970305577761202,0.5,0.0,52.260064606204324,389.60737997156775,0.0,26.038575221179315,238.45473409318942
PO_GR_DN,Lognormal,30,57.0,4.70891976346334,0.5,1.0,55.86799951867939,55.86799951867939,0.0,27.701493914415934,45.38107743871332
PO_GR_DN,Lognormal,31,33.0,3.852933681819937,0.5,1.0,57.28764538372836,57.28764538372836,1.0,28.37694588393202,28.37694588393202
PO_GR_DN,Lognormal,32,110.0,7.273215722970771,0.5,0.0,51.81307629962054,453.1623155283022,0.0,25.83275175991255,263.00973549672375
PO_GR_DN,Lognormal,33,26.0,3.7911335092627505,0.5,1.0,57.341614545820654,57.341614545820654,1.0,28.420053587881988,28.420053587881988
PO_GR_DN,Lognormal,34,44.0,4.1784057893787185,0.5,1.0,56.76232533116075,56.76232533116075,1.0,28.120227096120093,28.120227096120093
PO_GR_DN,Lognormal,35,71.0,5.350949105243749,0.5,1.0,54.79894665499448,54.79894665499448,0.0,27.207182571994412,103.04947548508322
PO_GR_DN,Lognormal,36,75.0,5.541409278631869,0.5,0.0,54.48776049263303,81.43205235749208,0.0,27.06377689965793,119.49886384690117
PO_GR_DN,Weibull,0,39.0,4.094377389874939,0.5,1.0,60.10600241430623,60.10600241430623,1.0,32.26865717035639,32.26865717035639
PO_GR_DN,Weibull,1,55.0,4.412126874147006,0.5,1.0,59.74419518429694,59.74419518429694,1.0,32.07038509040244,32.07038509040244
PO_GR_DN,Weibull,2,28.0,4.084584582388396,0.5,1.0,60.00907906983077,60.00907906983077,1.0,32.22426388606962,32.22426388606962
PO_GR_DN,Weibull,3,63.0,4.679801473733924,0.5,1.0,59.35544521551606,59.35544521551606,0.0,31.86286766467931,58.26076771453212
PO_GR_DN,Weibull,4,34.0,4.064341945918662,0.5,1.0,60.09964001197198,60.09964001197198,1.0,32.268232285540876,32.268232285540876
PO_GR_DN,Weibull,5,41.0,4.116650717888843,0.5,1.0,60.09218856994879,60.09218856994879,1.0,32.2602690031228,32.2602690031228
PO_GR_DN,Weibull,6,44.0,4.160074196813728,0.5,1.0,60.0540050171604,60.0540050171604,1.0,32.238566285598644,32.238566285598644
PO_GR_DN,Weibull,7,27.0,4.095000735958007,0.5,1.0,59.98464933837001,59.98464933837001,1.0,32.21203463547349,32.21203463547349
PO_GR_DN,Weibull,8,71.0,5.017630918329482,0.5,1.0,58.82908666467921,58.82908666467921,0.0,31.583540055351847,91.34291361235086
PO_GR_DN,Weibull,9,25.0,4.12282839044615,0.5,1.0,59.927061392158365,59.927061392158365,0.0,32.18298555766007,33.99646552100254
PO_GR_DN,Weibull,10,10.0,4.8224017537949155,0.5,0.0,58.996042395436355,117.38452330996006,0.0,31.702026148388104,96.75367384366777
PO_GR_DN,Weibull,11,12.0,4.647931117711825,0.5,0.0,59.19329684854981,96.21787431507494,0.0,31.80475231370259,88.27318025458894
PO_GR_DN,Weibull,12,34.0,4.064341945918662,0.5,1.0,60.09964001197198,60.09964001197198,1.0,32.268232285540876,32.268232285540876
PO_GR_DN,Weibull,13,32.0,4.063635168033285,0.5,1.0,60.07973920425323,60.07973920425323,1.0,32.258971491213465,32.258971491213465
PO_GR_DN,Weibull,14,23.0,4.160943392945273,0.5,1.0,59.85736627024609,59.85736627024609,0.0,32.14756746200971,42.29206532244002
PO_GR_DN,Weibull,15,35.0,4.067229638763785,0.5,1.0,60.10561004715467,60.10561004715467,1.0,32.27077676984338,32.27077676984338
PO_GR_DN,Weibull,16,33.0,4.06312017669551,0.5,1.0,60.09086330144563,60.09086330144563,1.0,32.26421820082357,32.26421820082357
PO_GR_DN,Weibull,17,38.0,4.085353116601041,0.5,1.0,60.10954459546264,60.10954459546264,1.0,32.27109180055786,32.27109180055786
PO_GR_DN,Weibull,18,24.0,4.140518937091033,0.5,1.0,59.89372755869357,59.89372755869357,0.0,32.166072932187205,38.14253832189357
PO_GR_DN,Weibull,19,28.0,4.084584582388392,0.5,1.0,60.00907906983058,60.00907906983058,1.0,32.22426388606952,32.22426388606952
PO_GR_DN,Weibull,20,34.0,4.064341945918663,0.5,1.0,60.09964001197204,60.09964001197204,1.0,32.268232285540904,32.268232285540904
PO_GR_DN,Weibull,21,28.0,4.084584582388392,0.5,1.0,60.00907906983058,60.00907906983058,1.0,32.22426388606952,32.22426388606952
PO_GR_DN,Weibull,22,22.0,4.184286317590822,0.5,1.0,59.81767396242845,59.81767396242845,0.0,32.127307660916884,46.445105527128305
PO_GR_DN,Weibull,23,11.0,4.729777219285478,0.5,0.0,59.099171188925716,106.77933635441548,0.0,31.755766501488942,92.50510163054469
PO_GR_DN,Weibull,24,85.0,5.79808355468694,0.5,0.0,57.55889569559697,186.63162914187922,0.0,30.911852245238236,149.32878280490888
PO_GR_DN,Weibull,25,32.0,4.0636351680332865,0.5,1.0,60.0797392042533,60.0797392042533,1.0,32.2589714912135,32.2589714912135
PO_GR_DN,Weibull,26,71.0,5.017630918329482,0.5,1.0,58.82908666467921,58.82908666467921,0.0,31.583540055351847,91.34291361235086
PO_GR_DN,Weibull,27,39.0,4.09437738987494,0.5,1.0,60.10600241430626,60.10600241430626,1.0,32.268657170356406,32.268657170356406
PO_GR_DN,Weibull,28,32.0,4.0636351680332865,0.5,1.0,60.0797392042533,60.0797392042533,1.0,32.2589714912135,32.2589714912135
PO_GR_DN,Weibull,29,104.0,7.413497194151079,0.5,0.0,54.97477128181916,395.09200236108995,0.0,29.545235113067562,228.2216745980803
PO_GR_DN,Weibull,30,57.0,4.472551858686717,0.5,1.0,59.65979298757718,59.65979298757718,0.0,32.02517230165957,33.47423690217331
PO_GR_DN,Weibull,31,33.0,4.06312017669551,0.5,1.0,60.09086330144563,60.09086330144563,1.0,32.26421820082357,32.26421820082357
PO_GR_DN,Weibull,32,110.0,8.146804755939248,0.5,0.0,53.87554467028179,462.337597673784,0.0,28.96225308520147,253.18616463689702
PO_GR_DN,Weibull,33,26.0,4.107705168959348,0.5,1.0,59.957352298609536,59.957352298609536,1.0,32.198297593444764,32.198297593444764
PO_GR_DN,Weibull,34,44.0,4.160074196813728,0.5,1.0,60.0540050171604,60.0540050171604,1.0,32.238566285598644,32.238566285598644
PO_GR_DN,Weibull,35,71.0,5.017630918329482,0.5,1.0,58.82908666467921,58.82908666467921,0.0,31.583540055351847,91.34291361235086
PO_GR_DN,Weibull,36,75.0,5.214343000473609,0.5,0.0,58.51288099400534,79.04982968910318,0.0,31.41614673917277,107.89829259660812
