dataset,det_order,k_ar_diff,trace_rank,max_eigen_rank,error,trace_rank_mode,max_eigen_rank_mode,trace_rank_min,trace_rank_max,max_eigen_rank_min,max_eigen_rank_max
RO1_PRICE,-1,1,3,3,,2,1,1,3,1,3
RO1_PRICE,-1,2,2,2,,2,1,1,3,1,3
RO1_PRICE,-1,3,2,1,,2,1,1,3,1,3
RO1_PRICE,0,1,3,3,,2,1,1,3,1,3
RO1_PRICE,0,2,2,2,,2,1,1,3,1,3
RO1_PRICE,0,3,2,1,,2,1,1,3,1,3
RO1_PRICE,1,1,3,3,,2,1,1,3,1,3
RO1_PRICE,1,2,2,1,,2,1,1,3,1,3
RO1_PRICE,1,3,1,1,,2,1,1,3,1,3
RO1_DEMAND,-1,1,3,3,,4,4,3,4,3,4
RO1_DEMAND,-1,2,3,3,,4,4,3,4,3,4
RO1_DEMAND,-1,3,3,3,,4,4,3,4,3,4
RO1_DEMAND,0,1,4,4,,4,4,3,4,3,4
RO1_DEMAND,0,2,4,4,,4,4,3,4,3,4
RO1_DEMAND,0,3,4,4,,4,4,3,4,3,4
RO1_DEMAND,1,1,4,4,,4,4,3,4,3,4
RO1_DEMAND,1,2,4,4,,4,4,3,4,3,4
RO1_DEMAND,1,3,4,4,,4,4,3,4,3,4
