dataset,transformation,series,n,ADF_statistic,p_value,used_lag,critical_1pct,critical_5pct,critical_10pct,stationary_at_5pct
RO1_PRICE,level,Cement In Bulk (Ordinary Portland Cement),282,-2.3003440063830873,0.4337596166923364,6,-3.9920727218031553,-3.426576756976709,-3.136505158767844,False
RO1_PRICE,level,Concreting Sand,282,-2.9686787698513664,0.14104926421222658,1,-3.9914712133290817,-3.4262873220663264,-3.1363353689868805,False
RO1_PRICE,level,Granite (20mm Aggregate),282,-4.608091815165659,0.0009993411285440252,2,-3.9915897703304672,-3.426344372770447,-3.1363688373100778,True
RO1_PRICE,level,Ready Mixed Concrete,282,-3.105437348806999,0.10494254400024633,1,-3.9914712133290817,-3.4262873220663264,-3.1363353689868805,False
RO1_PRICE,level,Steel Reinforcement Bars (16-32mm High Tensile),282,-3.0555138423601336,0.117215638575555,1,-3.9914712133290817,-3.4262873220663264,-3.1363353689868805,False
RO1_PRICE,first_difference,Cement In Bulk (Ordinary Portland Cement),281,-3.8017963791148506,0.016469962058322987,5,-3.9920727218031553,-3.426576756976709,-3.136505158767844,True
RO1_PRICE,first_difference,Concreting Sand,281,-10.882017560420254,3.744594463812254e-17,1,-3.9915897703304672,-3.426344372770447,-3.1363688373100778,True
RO1_PRICE,first_difference,Granite (20mm Aggregate),281,-9.50871520911737,2.6582335185296363e-14,5,-3.9920727218031553,-3.426576756976709,-3.136505158767844,True
RO1_PRICE,first_difference,Ready Mixed Concrete,281,-10.522307269409078,1.9182362351770045e-16,2,-3.9917091901550443,-3.4264018370662406,-3.13640254779252,True
RO1_PRICE,first_difference,Steel Reinforcement Bars (16-32mm High Tensile),281,-8.011838127386687,6.708651280637075e-11,0,-3.9914712133290817,-3.4262873220663264,-3.1363353689868805,True
RO1_DEMAND,level,Cement,281,-2.0182321883229024,0.5914677689935189,11,-3.992824402474705,-3.426938394529925,-3.136717287586214,False
RO1_DEMAND,level,Granite,281,-2.215034884005096,0.4813930653759012,13,-3.9930825608885456,-3.4270625811846833,-3.1367901284942237,False
RO1_DEMAND,level,Ready-Mixed Concrete,281,-1.8094172775556863,0.7001997762313995,13,-3.9930825608885456,-3.4270625811846833,-3.1367901284942237,False
RO1_DEMAND,level,Steel Reinforcement Bars,281,-1.8159910770135743,0.6969969573011192,11,-3.992824402474705,-3.426938394529925,-3.136717287586214,False
RO1_DEMAND,first_difference,Cement,280,-7.969496031097542,8.404882709442491e-11,10,-3.992824402474705,-3.426938394529925,-3.136717287586214,True
RO1_DEMAND,first_difference,Granite,280,-6.2306184693151865,7.104971017619041e-07,12,-3.9930825608885456,-3.4270625811846833,-3.1367901284942237,True
RO1_DEMAND,first_difference,Ready-Mixed Concrete,280,-5.974074748366953,2.4900607124406772e-06,12,-3.9930825608885456,-3.4270625811846833,-3.1367901284942237,True
RO1_DEMAND,first_difference,Steel Reinforcement Bars,280,-8.693554634495307,1.8059515703377927e-12,10,-3.992824402474705,-3.426938394529925,-3.136717287586214,True
