dataset,series,horizon,n_matched,stat_model,stat_coverage_50,ml_cqr_coverage_50,stat_coverage_error_50,ml_cqr_coverage_error_50,stat_width_50,ml_cqr_width_50,stat_winkler_50,ml_cqr_winkler_50,winkler_50_change_ml_minus_stat,stat_coverage_80,ml_cqr_coverage_80,stat_coverage_error_80,ml_cqr_coverage_error_80,stat_width_80,ml_cqr_width_80,stat_winkler_80,ml_cqr_winkler_80,winkler_80_change_ml_minus_stat,coverage_error_80_change_ml_minus_stat,width_80_change_ml_minus_stat,ML_CQR_Better_Winkler_80,ML_CQR_Better_Calibration_80
RO1_DEMAND,Cement,3,21,ETS,0.6666666666666666,0.5714285714285714,0.16666666666666663,0.0714285714285714,99.82980478508732,88.41665039062502,159.43745822246393,182.73015555245533,23.292697329991398,0.9047619047619048,0.7619047619047619,0.10476190476190472,0.03809523809523818,194.81825803072306,183.12657703218005,247.6043439921661,319.5331665039062,71.92882251174012,-0.06666666666666654,-11.691680998543006,False,True
RO1_DEMAND,Granite,3,21,ETS,0.6666666666666666,0.42857142857142855,0.16666666666666663,0.07142857142857145,376.29073541463106,248.1919392953145,523.2815567462526,727.2015441414385,203.9199873951859,0.9047619047619048,0.5238095238095238,0.10476190476190472,0.2761904761904762,709.6895933980732,499.66310691855955,745.9460877383563,1358.7706371530599,612.8245494147036,0.17142857142857149,-210.0264864795136,False,False
RO1_DEMAND,Ready Mixed Concrete,3,21,ETS,0.7142857142857143,0.3333333333333333,0.2142857142857143,0.16666666666666669,191.37060340802165,119.5505138578869,260.09536562719336,384.26505533854163,124.16968971134827,0.9047619047619048,0.6190476190476191,0.10476190476190472,0.18095238095238098,358.549269364009,299.9404035295759,370.79150178008416,655.2197469075521,284.42824512746796,0.07619047619047625,-58.60886583443306,False,False
RO1_DEMAND,Steel Reinforcement Bars,3,21,ETS,0.42857142857142855,0.5714285714285714,0.07142857142857145,0.0714285714285714,55.749779561596085,88.82245144798641,137.2681899011771,182.34327280680338,45.07508290562629,0.7619047619047619,0.7142857142857143,0.03809523809523818,0.08571428571428574,110.51727014011715,148.23096306937083,227.70471715787474,281.22181360880535,53.51709645093061,0.04761904761904756,37.71369292925368,False,False
RO1_PRICE,Cement,3,21,ETS,0.5714285714285714,0.6666666666666666,0.0714285714285714,0.16666666666666663,3.5880263759957365,10.288433417467791,10.706725173424308,21.851575707100533,11.144850533676225,0.7619047619047619,0.6666666666666666,0.03809523809523818,0.13333333333333341,6.637120390232404,17.60195419749455,19.7374104365832,39.12444710482595,19.387036668242747,0.09523809523809523,10.964833807262146,False,False
RO1_PRICE,Concreting Sand,3,21,ETS,1.0,0.7619047619047619,0.5,0.26190476190476186,5.012814054161062,1.913722319830027,5.012814054161062,2.7717586880638456,-2.2410553660972163,1.0,1.0,0.19999999999999996,0.19999999999999996,9.387593416592571,9.648826835269022,9.387593416592571,9.648826835269022,0.26123341867645067,0.0,0.26123341867645067,False,False
RO1_PRICE,Granite,3,21,SARIMA,1.0,0.14285714285714285,0.5,0.35714285714285715,5.823321776658649,1.3021908714657744,5.823321776658649,4.656697736467635,-1.1666240401910146,1.0,0.6190476190476191,0.19999999999999996,0.18095238095238098,11.064493029549096,4.035224278767903,11.064493029549096,7.250721068609328,-3.813771960939768,-0.01904761904761898,-7.029268750781193,True,True
RO1_PRICE,Ready Mixed Concrete,3,21,ETS,0.7619047619047619,0.6190476190476191,0.26190476190476186,0.11904761904761907,13.391158236688089,9.543384515671493,18.96621849449128,26.056765747070326,7.0905472525790465,0.8571428571428571,0.6190476190476191,0.05714285714285705,0.18095238095238098,25.07787991835284,13.02156502859933,28.40335263169097,57.41671607607888,29.013363444387906,0.12380952380952392,-12.056314889753509,False,False
RO1_PRICE,Steel Reinforcement Bars,3,21,SARIMA,0.8571428571428571,0.6666666666666666,0.3571428571428571,0.16666666666666663,119.90861907370981,75.626180594308,127.80170902799026,100.19253104073661,-27.609177987253645,1.0,0.6190476190476191,0.19999999999999996,0.18095238095238098,227.83011669418357,107.70068068731399,227.83011669418357,151.3513387044271,-76.47877798975648,-0.01904761904761898,-120.12943600686958,True,True
