dataset,series,horizon,n_matched,stat_model,stat_coverage_50,ml_cqr_coverage_50,stat_coverage_error_50,ml_cqr_coverage_error_50,stat_width_50,ml_cqr_width_50,stat_winkler_50,ml_cqr_winkler_50,winkler_50_change_ml_minus_stat,stat_coverage_80,ml_cqr_coverage_80,stat_coverage_error_80,ml_cqr_coverage_error_80,stat_width_80,ml_cqr_width_80,stat_winkler_80,ml_cqr_winkler_80,winkler_80_change_ml_minus_stat,coverage_error_80_change_ml_minus_stat,width_80_change_ml_minus_stat
RO1_DEMAND,Cement,1,23,ETS,0.6521739130434783,0.5652173913043478,0.15217391304347827,0.06521739130434778,96.96026873485434,81.3052562945822,158.64564164021755,161.83171307107676,3.186071430859215,0.8260869565217391,0.8695652173913043,0.02608695652173909,0.06956521739130428,182.48908382345405,161.86192865786347,239.82640441852863,257.3555937393852,17.529189320856574,0.04347826086956519,-20.62715516559058
RO1_DEMAND,Cement,3,21,ETS,0.6666666666666666,0.5714285714285714,0.16666666666666663,0.0714285714285714,99.82980478508732,88.41665039062502,159.43745822246393,182.73015555245533,23.292697329991398,0.9047619047619048,0.7619047619047619,0.10476190476190472,0.03809523809523818,194.81825803072306,183.12657703218005,247.6043439921661,319.5331665039062,71.92882251174012,-0.06666666666666654,-11.691680998543006
RO1_DEMAND,Cement,6,18,ETS,0.5555555555555556,0.6111111111111112,0.05555555555555558,0.11111111111111116,107.63120476126485,103.73470730251739,188.4041048010326,226.02096516927088,37.61686036823829,0.8888888888888888,0.7222222222222222,0.0888888888888888,0.07777777777777783,205.50152328366096,221.42210661146373,284.9719430309921,422.16289640638576,137.19095337539363,-0.01111111111111096,15.920583327802774
RO1_DEMAND,Cement,12,12,ETS,0.5,0.25,0.0,0.25,119.68021619045264,78.63567097981773,244.42700851392465,286.9452290852864,42.51822057136178,0.8333333333333334,0.6666666666666666,0.033333333333333326,0.13333333333333341,238.26613679786115,144.47374471028647,352.00159165595625,455.9999074300131,103.99831577405683,0.10000000000000009,-93.79239208757468
RO1_DEMAND,Granite,1,23,ETS,0.6086956521739131,0.4782608695652174,0.10869565217391308,0.021739130434782594,252.70587933390735,213.4500216090981,444.40063213830473,602.8717171336583,158.47108499535358,0.8695652173913043,0.5652173913043478,0.06956521739130428,0.23478260869565226,475.6181578101146,400.8855953745179,588.3086105859019,1063.133525847206,474.8249152613042,0.16521739130434798,-74.73256243559672
RO1_DEMAND,Granite,3,21,ETS,0.6666666666666666,0.42857142857142855,0.16666666666666663,0.07142857142857145,376.29073541463106,248.1919392953145,523.2815567462526,727.2015441414385,203.9199873951859,0.9047619047619048,0.5238095238095238,0.10476190476190472,0.2761904761904762,709.6895933980732,499.66310691855955,745.9460877383563,1358.7706371530599,612.8245494147036,0.17142857142857149,-210.0264864795136
RO1_DEMAND,Granite,6,18,ETS,0.7777777777777778,0.4444444444444444,0.2777777777777778,0.05555555555555558,499.8289404270506,447.3972833638223,640.5747588922956,877.9815329121665,237.4067740198709,0.9444444444444444,0.5555555555555556,0.14444444444444438,0.24444444444444446,934.5403609646494,709.698627841265,935.7771711619401,1378.4527509504924,442.6755797885522,0.10000000000000009,-224.84173312338442
RO1_DEMAND,Granite,12,12,ETS,0.75,0.08333333333333333,0.25,0.4166666666666667,709.6228197004399,245.26662136948718,935.3429815177093,1451.1967850440187,515.8538035263094,0.9166666666666666,0.4166666666666667,0.11666666666666659,0.38333333333333336,1334.1587450187228,881.2708322806924,1425.8231492795042,2063.5369861329186,637.7138368534145,0.2666666666666668,-452.8879127380304
RO1_DEMAND,Ready Mixed Concrete,1,23,ETS,0.4782608695652174,0.391304347826087,0.021739130434782594,0.10869565217391303,122.58743125100646,116.13427999745245,249.87151335473408,279.6981556768003,29.82664232206622,0.7391304347826086,0.8260869565217391,0.0608695652173914,0.02608695652173909,230.72200922257932,334.75679878566575,346.8538954204006,423.6858812415081,76.83198582110754,-0.034782608695652306,104.03478956308643
RO1_DEMAND,Ready Mixed Concrete,3,21,ETS,0.7142857142857143,0.3333333333333333,0.2142857142857143,0.16666666666666669,191.37060340802165,119.5505138578869,260.09536562719336,384.26505533854163,124.16968971134827,0.9047619047619048,0.6190476190476191,0.10476190476190472,0.18095238095238098,358.549269364009,299.9404035295759,370.79150178008416,655.2197469075521,284.42824512746796,0.07619047619047625,-58.60886583443306
RO1_DEMAND,Ready Mixed Concrete,6,18,ETS,0.6111111111111112,0.2777777777777778,0.11111111111111116,0.2222222222222222,254.49410637573297,158.5032023111977,395.3199970594741,597.0131089952257,201.69311193575163,0.8333333333333334,0.5,0.033333333333333326,0.30000000000000004,481.77422289245544,488.3460747612848,508.7272011947407,958.4931287977428,449.76592760300207,0.2666666666666667,6.571851868829356
RO1_DEMAND,Ready Mixed Concrete,12,12,ETS,0.4166666666666667,0.0,0.08333333333333331,0.5,364.7256651047657,176.27302042643228,621.4865602906283,920.3402974446614,298.85373715403307,0.9166666666666666,0.25,0.11666666666666659,0.55,692.5834412550321,356.6811513264973,797.3640556445703,1378.6161285400387,581.2520728954685,0.43333333333333346,-335.9022899285348
RO1_DEMAND,Steel Reinforcement Bars,1,23,ETS,0.4782608695652174,0.5217391304347826,0.021739130434782594,0.021739130434782594,57.43992897180664,84.87110884956695,131.46879137899688,162.35823032545005,30.88943894645317,0.782608695652174,0.7391304347826086,0.017391304347826098,0.0608695652173914,108.10778631001506,161.50910418303113,214.03604883519785,249.84180973882263,35.80576090362479,0.0434782608695653,53.40131787301607
RO1_DEMAND,Steel Reinforcement Bars,3,21,ETS,0.42857142857142855,0.5714285714285714,0.07142857142857145,0.0714285714285714,55.749779561596085,88.82245144798641,137.2681899011771,182.34327280680338,45.07508290562629,0.7619047619047619,0.7142857142857143,0.03809523809523818,0.08571428571428574,110.51727014011715,148.23096306937083,227.70471715787474,281.22181360880535,53.51709645093061,0.04761904761904756,37.71369292925368
RO1_DEMAND,Steel Reinforcement Bars,6,18,ETS,0.5,0.5555555555555556,0.0,0.05555555555555558,59.710579193569146,92.02106217278373,158.37275030964156,177.32455772399902,18.95180741435746,0.7222222222222222,0.7222222222222222,0.07777777777777783,0.07777777777777783,112.38633529875756,147.6734942457411,269.1108098057378,259.632968258328,-9.47784154740981,0.0,35.28715894698354
RO1_DEMAND,Steel Reinforcement Bars,12,12,ETS,0.5,0.5833333333333334,0.0,0.08333333333333337,60.86963636883181,115.86651540120442,168.837463863253,216.4541439819336,47.61668011868062,0.6666666666666666,0.6666666666666666,0.13333333333333341,0.13333333333333341,119.59850999068458,190.94703699747723,290.4766128886862,299.39075597127277,8.914143082586577,0.0,71.34852700679265
RO1_PRICE,Cement,1,23,ETS,0.4782608695652174,0.30434782608695654,0.021739130434782594,0.19565217391304346,1.5216102765676678,2.2901605876892996,3.998745798475694,9.20921924172623,5.210473443250535,0.782608695652174,0.5217391304347826,0.017391304347826098,0.27826086956521745,2.8638252444051804,9.155082758099097,6.3956056363487495,20.922261372997337,14.526655736648587,0.26086956521739135,6.291257513693916
RO1_PRICE,Cement,3,21,ETS,0.5714285714285714,0.6666666666666666,0.0714285714285714,0.16666666666666663,3.5880263759957365,10.288433417467791,10.706725173424308,21.851575707100533,11.144850533676225,0.7619047619047619,0.6666666666666666,0.03809523809523818,0.13333333333333341,6.637120390232404,17.60195419749455,19.7374104365832,39.12444710482595,19.387036668242747,0.09523809523809523,10.964833807262146
RO1_PRICE,Cement,6,18,ETS,0.5555555555555556,0.5555555555555556,0.05555555555555558,0.05555555555555558,6.484292032270246,19.984055174159934,25.289979457056283,39.42473075852742,14.134751301471134,0.6111111111111112,0.6111111111111112,0.18888888888888888,0.18888888888888888,12.323278109358728,29.463294449063174,47.18753408859656,64.34736298830461,17.159828899708053,0.0,17.140016339704445
RO1_PRICE,Cement,12,12,ETS,0.3333333333333333,0.4166666666666667,0.16666666666666669,0.08333333333333331,12.050621902122131,28.332826843247386,45.52215067796224,53.379825166556024,7.857674488593787,0.4166666666666667,0.5,0.38333333333333336,0.30000000000000004,22.96838195934522,35.763180586551975,72.04843266949841,84.20794284676845,12.159510177270036,-0.08333333333333331,12.794798627206756
RO1_PRICE,Concreting Sand,1,23,ETS,0.9565217391304348,0.6956521739130435,0.4565217391304348,0.19565217391304346,2.9525299919861268,1.0149579255477241,2.960637489848949,1.764017320715864,-1.196620169133085,1.0,0.9565217391304348,0.19999999999999996,0.15652173913043477,5.556961632111629,2.861354579096254,5.556961632111629,3.2782844045887822,-2.278677227522847,-0.04347826086956519,-2.695607053015375
RO1_PRICE,Concreting Sand,3,21,ETS,1.0,0.7619047619047619,0.5,0.26190476190476186,5.012814054161062,1.913722319830027,5.012814054161062,2.7717586880638456,-2.2410553660972163,1.0,1.0,0.19999999999999996,0.19999999999999996,9.387593416592571,9.648826835269022,9.387593416592571,9.648826835269022,0.26123341867645067,0.0,0.26123341867645067
RO1_PRICE,Concreting Sand,6,18,ETS,1.0,0.4444444444444444,0.5,0.05555555555555558,6.856342357401932,3.793253686692981,6.856342357401932,5.762223074171282,-1.0941192832306497,1.0,1.0,0.19999999999999996,0.19999999999999996,12.9226868026565,10.11349165174696,12.9226868026565,10.11349165174696,-2.80919515090954,0.0,-2.80919515090954
RO1_PRICE,Concreting Sand,12,12,ETS,1.0,0.25,0.5,0.25,9.934670205550356,5.001364835103344,9.934670205550356,9.877606519063319,-0.0570636864870373,1.0,0.9166666666666666,0.19999999999999996,0.11666666666666659,18.901154719788614,9.628570683797204,18.901154719788614,10.138574727376303,-8.762579992412311,-0.08333333333333337,-9.272584035991411
RO1_PRICE,Granite,1,23,SARIMA,1.0,0.30434782608695654,0.5,0.19565217391304346,4.14501664151995,0.5919505409572431,4.14501664151995,2.492774316538933,-1.652242324981017,1.0,0.8695652173913043,0.19999999999999996,0.06956521739130428,7.875660919389867,3.9045279958973764,7.875660919389867,5.346392175425655,-2.529268743964212,-0.13043478260869568,-3.971132923492491
RO1_PRICE,Granite,3,21,SARIMA,1.0,0.14285714285714285,0.5,0.35714285714285715,5.823321776658649,1.3021908714657744,5.823321776658649,4.656697736467635,-1.1666240401910146,1.0,0.6190476190476191,0.19999999999999996,0.18095238095238098,11.064493029549096,4.035224278767903,11.064493029549096,7.250721068609328,-3.813771960939768,-0.01904761904761898,-7.029268750781193
RO1_PRICE,Granite,6,18,SARIMA,1.0,0.5,0.5,0.0,6.607277055659591,4.272310956319171,6.607277055659591,6.712920104132758,0.10564304847316741,1.0,0.6666666666666666,0.19999999999999996,0.13333333333333341,12.554032514513155,4.947338528103298,12.554032514513155,8.80961545308431,-3.7444170614288446,-0.06666666666666654,-7.606693986409857
RO1_PRICE,Granite,12,12,SARIMA,1.0,0.4166666666666667,0.5,0.08333333333333331,7.221937805332629,4.330350112915033,7.221937805332629,10.773631922403974,3.551694117071345,1.0,0.4166666666666667,0.19999999999999996,0.38333333333333336,13.72190711274582,5.662217680613197,13.72190711274582,16.349197610219328,2.627290497473508,0.1833333333333334,-8.059689432132622
RO1_PRICE,Ready Mixed Concrete,1,23,ETS,0.8695652173913043,0.6521739130434783,0.3695652173913043,0.15217391304347827,7.893133111093066,5.049392501167632,9.80859409711633,15.462862429411532,5.654268332295201,0.9565217391304348,0.6521739130434783,0.15652173913043477,0.14782608695652177,14.855679019195604,9.75861272397249,17.369013775641456,36.82765609077787,19.458642315136416,-0.008695652173912993,-5.097066295223113
RO1_PRICE,Ready Mixed Concrete,3,21,ETS,0.7619047619047619,0.6190476190476191,0.26190476190476186,0.11904761904761907,13.391158236688089,9.543384515671493,18.96621849449128,26.056765747070326,7.0905472525790465,0.8571428571428571,0.6190476190476191,0.05714285714285705,0.18095238095238098,25.07787991835284,13.02156502859933,28.40335263169097,57.41671607607888,29.013363444387906,0.12380952380952392,-12.056314889753509
RO1_PRICE,Ready Mixed Concrete,6,18,ETS,0.7222222222222222,0.6111111111111112,0.2222222222222222,0.11111111111111116,18.304970219784682,16.68476164076063,28.219950322676045,33.52367121378582,5.303720891109773,0.8333333333333334,0.7777777777777778,0.033333333333333326,0.022222222222222254,34.50081468391951,24.794700707329625,43.47097264230226,58.60483220418293,15.13385956188067,-0.011111111111111072,-9.706113976589883
RO1_PRICE,Ready Mixed Concrete,12,12,ETS,0.6666666666666666,0.3333333333333333,0.16666666666666663,0.16666666666666669,26.520681678456793,19.842533111572262,41.73481617004326,49.47320582071941,7.738389650676147,0.9166666666666666,0.3333333333333333,0.11666666666666659,0.46666666666666673,50.456783899954935,29.682346343994123,50.74155442365293,93.22795867919922,42.48640425554629,0.35000000000000014,-20.774437555960812
RO1_PRICE,Steel Reinforcement Bars,1,23,SARIMA,0.8260869565217391,0.7391304347826086,0.32608695652173914,0.23913043478260865,42.50257448182636,42.64760158372962,44.952378371072435,57.22167597231658,12.269297601244148,1.0,0.8260869565217391,0.19999999999999996,0.02608695652173909,80.7562173495235,76.64018713909647,80.7562173495235,90.97232453719431,10.216107187670815,-0.17391304347826086,-4.116030210427027
RO1_PRICE,Steel Reinforcement Bars,3,21,SARIMA,0.8571428571428571,0.6666666666666666,0.3571428571428571,0.16666666666666663,119.90861907370981,75.626180594308,127.80170902799026,100.19253104073661,-27.609177987253645,1.0,0.6190476190476191,0.19999999999999996,0.18095238095238098,227.83011669418357,107.70068068731399,227.83011669418357,151.3513387044271,-76.47877798975648,-0.01904761904761898,-120.12943600686958
RO1_PRICE,Steel Reinforcement Bars,6,18,SARIMA,0.9444444444444444,0.5,0.4444444444444444,0.0,215.15684288708113,79.8233133951823,217.82832191647367,103.07986178927952,-114.74846012719415,1.0,0.8888888888888888,0.19999999999999996,0.0888888888888888,408.8047131322801,152.57737562391492,408.8047131322801,159.82378811306424,-248.98092501921585,-0.11111111111111116,-256.22733750836517
RO1_PRICE,Steel Reinforcement Bars,12,12,SARIMA,1.0,0.3333333333333333,0.5,0.16666666666666669,349.8732680330627,65.91017150878906,349.8732680330627,153.14295145670573,-196.73031657635696,1.0,0.9166666666666666,0.19999999999999996,0.11666666666666659,664.7701232815292,215.06876627604166,664.7701232815292,219.05798339843747,-445.7121398830917,-0.08333333333333337,-449.7013570054876
