duration_label,duration_case,forecast_origin,material,procurement_cost,holding_cost,shortage,demand,procurement_quantity,mean_ending_inventory,procurement_events,procurement_holding_cost,service
P50,47.0,2022-07-01,Cement,415373.4507995142,210034.0312604772,749.0699999999999,4416.05,3506.309894539216,5986.552077296219,10,625407.4820599915,0.8303755618709028
P50,47.0,2022-07-01,Granite,290121.7789819909,139067.1907372216,3041.6,18719.9,14797.396973690138,25039.68763639512,10,429188.9697192125,0.8375204995753183
P50,47.0,2022-07-01,Ready Mixed Concrete,1057858.711154768,536725.0172662184,1976.0,11661.6,8965.957856337092,15275.81548473931,10,1594583.7284209863,0.8305549838787131
P50,47.0,2022-07-01,Steel Reinforcement Bars,936002.3496606483,451129.2718873931,276.88,1239.59,939.8379658313527,1658.0609978950172,10,1387131.6215480412,0.7766358231350688
P50,47.0,2022-08-01,Cement,365706.9885019514,176972.9111481943,715.39,4391.89,3090.6520228038053,5077.832029022366,10,542679.8996501457,0.8371111298324867
P50,47.0,2022-08-01,Granite,273907.6799509549,133675.0524659569,3104.6,18983.6,14118.473155509333,24100.259283985,11,407582.7324169118,0.8364588381550391
P50,47.0,2022-08-01,Ready Mixed Concrete,1032106.6277835266,507346.8290491788,1924.1,11792.5,8759.976511882747,14467.629963111025,10,1539453.4568327053,0.8368369726521094
P50,47.0,2022-08-01,Steel Reinforcement Bars,871783.6214986516,400688.1464379445,282.7,1311.09,894.3404788667006,1507.0957228760997,9,1272471.7679365962,0.7843778840506754
P50,47.0,2022-09-01,Cement,403852.40510056785,188042.07832587842,665.0799999999999,4491.61,3420.050393246017,5435.031319858933,9,591894.4834264463,0.8519283731223325
P50,47.0,2022-09-01,Granite,279372.1400441117,138428.06343420924,3086.4,19162.9,14615.933159601886,24928.80708968706,11,417800.20347832097,0.8389387827520887
P50,47.0,2022-09-01,Ready Mixed Concrete,1077454.343718766,561848.1241677904,1890.6,11880.9,9151.402251268453,16036.63887989758,10,1639302.4678865564,0.840870641113047
P50,47.0,2022-09-01,Steel Reinforcement Bars,957936.8560420648,454292.6884944454,159.48,1277.37,1001.6566245083482,1741.924782478484,10,1412229.5445365102,0.8751497216937927
P50,47.0,2022-10-01,Cement,389073.9723533098,182869.34562731395,710.6273189363119,4458.3,3303.8630881210975,5317.656801919696,10,571943.3179806238,0.8406057647676666
P50,47.0,2022-10-01,Granite,272791.3138111564,140983.05764637864,3224.0,19350.6,14451.425304029754,25045.865866432538,10,413774.371457535,0.8333901791158931
P50,47.0,2022-10-01,Ready Mixed Concrete,1062114.4080723491,531112.9279972619,1952.5,12051.4,9035.881901441478,15177.035052107427,10,1593227.336069611,0.8379856282257663
P50,47.0,2022-10-01,Steel Reinforcement Bars,1074891.071061685,506895.3607272185,121.71000000000001,1331.69,1154.6772785407416,1975.3162431745939,10,1581786.4317889034,0.9086048554843845
P50,47.0,2022-11-01,Cement,376310.6839267162,173909.68586707974,816.04,4543.97,3207.2019233058095,5094.762306846534,10,550220.369793796,0.8204125467377645
P50,47.0,2022-11-01,Granite,259339.97737524315,128850.03394078296,3001.7,19439.8,13915.834066684085,22377.04564921121,11,388190.0113160261,0.8455899752055063
P50,47.0,2022-11-01,Ready Mixed Concrete,1026056.9106066097,501833.0296775667,1800.7,12161.5,8744.444669719554,14385.107492155637,10,1527889.9402841763,0.8519343830941907
P50,47.0,2022-11-01,Steel Reinforcement Bars,969296.980520728,423178.31383019674,149.66,1467.61,1065.8164727784895,1669.3947554781905,10,1392475.294350925,0.8980246795810876
P50,47.0,2022-12-01,Cement,345519.9249805776,157653.52840493008,773.93972423388,4636.04,2956.426134316627,4647.912904721809,9,503173.4533855077,0.8330601711301283
P50,47.0,2022-12-01,Granite,250214.4125096058,134284.69220554744,2764.7,19279.4,13497.919778441712,22648.727020390364,10,384499.1047151532,0.8565982343848875
P50,47.0,2022-12-01,Ready Mixed Concrete,1040570.8896757714,509773.9733120507,1705.4,12270.5,8882.962075744856,14647.916583417753,9,1550344.862987822,0.8610162585061734
P50,47.0,2022-12-01,Steel Reinforcement Bars,978620.1873699238,420456.04421857,179.64999999999998,1519.61,1092.2269216262816,1678.2352184307308,10,1399076.2315884938,0.8817788774751416
P50,47.0,2023-01-01,Cement,380260.05294452177,175389.3230793409,710.36,4629.76,3271.4896874145816,5207.188103737353,9,555649.3760238626,0.8465665606856511
P50,47.0,2023-01-01,Granite,260504.69845273497,148455.67226792028,3016.5,19634.3,14079.807486138341,24136.207855730736,10,408960.37072065525,0.8463657986279114
P50,47.0,2023-01-01,Ready Mixed Concrete,1029152.88169342,505988.45269954356,1968.0,12534.1,8795.565205735073,14477.88689553661,10,1535141.3343929634,0.842988327841648
P50,47.0,2023-01-01,Steel Reinforcement Bars,956978.3415917809,389322.0999636547,157.59,1620.3,1080.097829125612,1559.9698908536946,10,1346300.4415554355,0.9027402332901314
P50,47.0,2023-02-01,Cement,413632.6416397971,200026.71530051748,743.5699999999999,4715.04,3577.023259072439,5969.40573542057,9,613659.3569403145,0.8422982625810174
P50,47.0,2023-02-01,Granite,245456.54680123352,138790.20799543694,3119.8689488542495,19380.4,13182.368045366158,21929.901773822898,9,384246.75479667046,0.839019372724286
P50,47.0,2023-02-01,Ready Mixed Concrete,966096.7586076253,470351.26179600536,2018.6134775873256,12511.75,8271.231508749855,13411.536714197415,11,1436448.0204036306,0.8386625789687833
P50,47.0,2023-02-01,Steel Reinforcement Bars,840470.5120077216,346702.9404537171,149.16644830880736,1580.61,955.7682721279679,1393.4762961207832,9,1187173.4524614387,0.9056272905341562
P50,47.0,2023-03-01,Cement,372809.8505733388,185680.5929160396,714.52,4605.8,3241.313921735931,5558.736624303332,10,558490.4434893784,0.8448651700030396
P50,47.0,2023-03-01,Granite,210184.36838226064,125215.93213761554,3387.6336743201036,19507.6,11217.843903176507,19351.99498928957,8,335400.3005198762,0.8263428779388493
P50,47.0,2023-03-01,Ready Mixed Concrete,833166.8520195071,369877.5383441836,2469.167318800556,12553.05,7144.893426417052,10511.592297931658,8,1203044.3903636907,0.8033014033401797
P50,47.0,2023-03-01,Steel Reinforcement Bars,597424.102228945,177086.1092770075,333.4961479603692,1614.74,698.9454590944849,714.3762309347068,9,774510.2115059525,0.7934675873760673
P50,47.0,2023-04-01,Cement,309329.1162582663,110987.72941891372,1111.6685485376238,4685.96,2724.120877191554,3339.813815162132,9,420316.84567718004,0.762766103735921
P50,47.0,2023-04-01,Granite,213960.58850362105,125582.34824411964,3696.5949422393196,19582.9,11231.783018025342,19122.64198646204,8,339542.9367477407,0.8112335281169123
P50,47.0,2023-04-01,Ready Mixed Concrete,793775.9068214667,348931.2946357669,2624.7795703939805,12749.55,6822.384083796963,9865.00466288863,8,1142707.2014572336,0.7941276695731236
P50,47.0,2023-04-01,Steel Reinforcement Bars,521034.7851547331,167271.37002726787,408.1429846093983,1659.5,614.808200453986,676.6099622695474,9,688306.155182001,0.7540566528415799
P50,47.0,2023-05-01,Cement,292854.3369552283,105394.72074522948,1256.0640669577463,4617.76,2597.8629348061145,3178.342882767103,8,398249.05770045775,0.7279927785424651
P50,47.0,2023-05-01,Granite,204751.82145974366,120078.74959140658,3565.688441508966,19649.9,10504.585102301957,18166.902954808076,8,324830.5710511502,0.8185391049568209
P50,47.0,2023-05-01,Ready Mixed Concrete,806607.6732780766,362120.1968928495,2700.0908653611145,12859.75,6927.610373666048,10169.937294929641,8,1168727.8701709262,0.7900355088270679
P50,47.0,2023-05-01,Steel Reinforcement Bars,497788.6174154978,170961.29450010706,403.8977669979532,1667.85,594.2934452239281,694.7048235727857,8,668749.9119156048,0.7578332781737247
P75,70.0,2022-07-01,Cement,415373.4507995142,156204.34974125406,1117.85,4416.05,3506.309894539216,4456.916657151744,10,571577.8005407683,0.7468665436306201
P75,70.0,2022-07-01,Granite,290121.7789819909,102868.66042428113,4596.1,18719.9,14797.396973690138,18549.366787084506,10,392990.439406272,0.7544805260711862
P75,70.0,2022-07-01,Ready Mixed Concrete,1057858.711154768,397042.71825198084,2906.7,11661.6,8965.957856337092,11305.307850928491,10,1454901.4294067489,0.7507460382794814
P75,70.0,2022-07-01,Steel Reinforcement Bars,936002.3496606483,340969.1516408585,385.15,1239.59,939.8379658313527,1257.7018876386308,10,1276971.5013015068,0.6892924273348446
P75,70.0,2022-08-01,Cement,365706.9885019514,128654.38447834125,1011.69,4391.89,3090.6520228038053,3697.543864550224,10,494361.37298029265,0.7696458700012978
P75,70.0,2022-08-01,Granite,273907.6799509549,99063.36291346526,4636.5,18983.6,14118.473155509333,17869.897041357945,11,372971.04286442016,0.755762869002718
P75,70.0,2022-08-01,Ready Mixed Concrete,1032106.6277835266,375060.6752357209,2884.0,11792.5,8759.976511882747,10700.567772018023,10,1407167.3030192475,0.755437778248887
P75,70.0,2022-08-01,Steel Reinforcement Bars,871783.6214986516,289019.0634916198,333.91,1311.09,894.3404788667006,1093.0361866894702,9,1160802.6849902715,0.745318780556636
P75,70.0,2022-09-01,Cement,403852.40510056785,138611.43426700507,1062.2894332304954,4491.61,3420.050393246017,4013.1794344308814,9,542463.8393675729,0.7634947305686612
P75,70.0,2022-09-01,Granite,279372.1400441117,103493.18714544468,4778.5,19162.9,14615.933159601886,18635.478277920764,11,382865.3271895564,0.7506379514582866
P75,70.0,2022-09-01,Ready Mixed Concrete,1077454.343718766,418925.91330822476,2883.2,11880.9,9151.402251268453,11961.841378307881,10,1496380.2570269909,0.7573247817926252
P75,70.0,2022-09-01,Steel Reinforcement Bars,957936.8560420648,332021.29697367374,229.98,1277.37,1001.6566245083482,1280.06968685924,10,1289958.1530157386,0.8199581953545174
P75,70.0,2022-10-01,Cement,389073.9723533098,135549.22910084005,1112.3400000000001,4458.3,3303.8630881210975,3948.3462750937856,10,524623.2014541498,0.7505013121593432
P75,70.0,2022-10-01,Granite,272791.3138111564,103884.49361509203,4533.6,19350.6,14451.425304029754,18419.652309959456,10,376675.8074262484,0.7657126910793464
P75,70.0,2022-10-01,Ready Mixed Concrete,1062114.4080723491,388373.28718407906,2760.6,12051.4,9035.881901441478,11102.374493585949,10,1450487.6952564283,0.7709311781203844
P75,70.0,2022-10-01,Steel Reinforcement Bars,1074891.071061685,370972.2335624397,200.87,1331.69,1154.6772785407416,1453.779306893478,10,1445863.3046241247,0.8491615916617231
P75,70.0,2022-11-01,Cement,376310.6839267162,126345.47356868465,1138.4236035291526,4543.97,3207.2019233058095,3709.1527322611473,10,502656.15749540087,0.7494649824868667
P75,70.0,2022-11-01,Granite,259339.97737524315,94805.95230225517,4456.799999999999,19439.8,13915.834066684085,16396.29376203599,11,354145.9296774983,0.7707383820821202
P75,70.0,2022-11-01,Ready Mixed Concrete,1026056.9106066097,366889.1010891028,2713.404466508937,12161.5,8744.444669719554,10523.207724876509,10,1392946.0116957123,0.7768857076422369
P75,70.0,2022-11-01,Steel Reinforcement Bars,969296.980520728,310064.9213257651,250.14999999999998,1467.61,1065.8164727784895,1228.4865893623362,10,1279361.9018464931,0.829552810351524
P75,70.0,2022-12-01,Cement,345519.9249805776,115808.13749226299,1151.0900000000001,4636.04,2956.426134316627,3420.4526284325952,9,461328.0624728406,0.7517083545439642
P75,70.0,2022-12-01,Granite,250214.4125096058,99763.1287718045,4326.1,19279.4,13497.919778441712,16723.406830161675,10,349977.5412814103,0.7756102368330965
P75,70.0,2022-12-01,Ready Mixed Concrete,1040570.8896757714,376947.54819207767,2776.1,12270.5,8882.962075744856,10838.192816399767,9,1417518.4378678491,0.7737582005623242
P75,70.0,2022-12-01,Steel Reinforcement Bars,978620.1873699238,294816.5434664475,236.75,1519.61,1092.2269216262816,1182.421253774973,10,1273436.7308363714,0.8442034469370431
P75,70.0,2023-01-01,Cement,380260.05294452177,127050.7131310552,1026.06,4629.76,3271.4896874145816,3779.872816779434,9,507310.766075577,0.77837728089577
P75,70.0,2023-01-01,Granite,260504.69845273497,109970.44192166571,4433.754380057478,19634.3,14079.807486138341,17721.51175116194,10,370475.14037440065,0.7741832211967079
P75,70.0,2023-01-01,Ready Mixed Concrete,1029152.88169342,370502.7842157533,2886.4,12534.1,8795.565205735073,10599.846107018351,10,1399655.6659091734,0.7697162141677504
P75,70.0,2023-01-01,Steel Reinforcement Bars,956978.3415917809,271861.07379261404,233.7968487417753,1620.3,1080.097829125612,1092.7401000057396,10,1228839.415384395,0.8557076783671078
P75,70.0,2023-02-01,Cement,413632.6416397971,147978.98643499744,1142.3899999999999,4715.04,3577.023259072439,4423.358731097718,9,561611.6280747945,0.7577136143065595
P75,70.0,2023-02-01,Granite,245456.54680123352,103511.33129758964,4801.5,19380.4,13182.368045366158,16218.036396472728,9,348967.87809882313,0.7522496955687189
P75,70.0,2023-02-01,Ready Mixed Concrete,966096.7586076253,345979.4905016485,3038.9134775873254,12511.75,8271.231508749855,9858.435768571544,11,1312076.2491092738,0.7571152334735488
P75,70.0,2023-02-01,Steel Reinforcement Bars,840470.5120077216,251423.32047602825,284.2464483088074,1580.61,955.7682721279679,1011.4221164434024,9,1091893.8324837498,0.8201666139599222
P75,70.0,2023-03-01,Cement,372809.8505733388,136477.63145129097,1049.52,4605.8,3241.313921735931,4091.7172467093264,10,509287.4820246298,0.772130791610578
P75,70.0,2023-03-01,Granite,210184.36838226064,93868.65826821006,5061.933674320104,19507.6,11217.843903176507,14390.651488905552,8,304053.0266504707,0.7405147904242395
P75,70.0,2023-03-01,Ready Mixed Concrete,833166.8520195071,268036.0513871714,3515.167318800556,12553.05,7144.893426417052,7610.201348602164,8,1101202.9034066785,0.7199750404243943
P75,70.0,2023-03-01,Steel Reinforcement Bars,597424.102228945,125930.340217605,507.4461479603692,1614.74,698.9454590944849,508.123095249294,9,723354.44244655,0.6857412661107242
P75,70.0,2023-04-01,Cement,309329.1162582663,79221.16030883697,1557.9985485376237,4685.96,2724.120877191554,2385.9329196370677,9,388550.2765671033,0.6675177448084013
P75,70.0,2023-04-01,Granite,213960.58850362105,94262.6170956977,5451.794942239319,19582.9,11231.783018025342,14268.356976933783,8,308223.2055993187,0.7216043107895501
P75,70.0,2023-04-01,Ready Mixed Concrete,793775.9068214667,254117.19623322855,3738.2795703939805,12749.55,6822.384083796963,7175.446521605336,8,1047893.1030546953,0.7067912537780564
P75,70.0,2023-04-01,Steel Reinforcement Bars,521034.7851547331,117152.7561965615,548.8529846093983,1659.5,614.808200453986,474.1503674417683,9,638187.5413512946,0.6692660532633936
P75,70.0,2023-05-01,Cement,292854.3369552283,73186.67746145147,1591.5340669577463,4617.76,2597.8629348061145,2208.787921090815,8,366041.01441667974,0.6553450012651705
P75,70.0,2023-05-01,Granite,204751.82145974366,90423.10331119542,5295.088441508967,19649.9,10504.585102301957,13627.17625480373,8,295174.92477093905,0.730528478948546
P75,70.0,2023-05-01,Ready Mixed Concrete,806607.6732780766,263618.3712697158,3781.8908653611143,12859.75,6927.610373666048,7391.132376436643,8,1070226.0445477923,0.7059125670902533
P75,70.0,2023-05-01,Steel Reinforcement Bars,497788.6174154978,124376.69321433688,566.4877669979533,1667.85,594.2934452239281,505.8855094283424,8,622165.3106298347,0.6603484923716442
P90,82.39999999999999,2022-07-01,Cement,415373.4507995142,156204.34974125406,1117.85,4416.05,3506.309894539216,4456.916657151744,10,571577.8005407683,0.7468665436306201
P90,82.39999999999999,2022-07-01,Granite,290121.7789819909,102868.66042428113,4596.1,18719.9,14797.396973690138,18549.366787084506,10,392990.439406272,0.7544805260711862
P90,82.39999999999999,2022-07-01,Ready Mixed Concrete,1057858.711154768,397042.71825198084,2906.7,11661.6,8965.957856337092,11305.307850928491,10,1454901.4294067489,0.7507460382794814
P90,82.39999999999999,2022-07-01,Steel Reinforcement Bars,936002.3496606483,340969.1516408585,385.15,1239.59,939.8379658313527,1257.7018876386308,10,1276971.5013015068,0.6892924273348446
P90,82.39999999999999,2022-08-01,Cement,365706.9885019514,128654.38447834125,1011.69,4391.89,3090.6520228038053,3697.543864550224,10,494361.37298029265,0.7696458700012978
P90,82.39999999999999,2022-08-01,Granite,273907.6799509549,99063.36291346526,4636.5,18983.6,14118.473155509333,17869.897041357945,11,372971.04286442016,0.755762869002718
P90,82.39999999999999,2022-08-01,Ready Mixed Concrete,1032106.6277835266,375060.6752357209,2884.0,11792.5,8759.976511882747,10700.567772018023,10,1407167.3030192475,0.755437778248887
P90,82.39999999999999,2022-08-01,Steel Reinforcement Bars,871783.6214986516,289019.0634916198,333.91,1311.09,894.3404788667006,1093.0361866894702,9,1160802.6849902715,0.745318780556636
P90,82.39999999999999,2022-09-01,Cement,403852.40510056785,138611.43426700507,1062.2894332304954,4491.61,3420.050393246017,4013.1794344308814,9,542463.8393675729,0.7634947305686612
P90,82.39999999999999,2022-09-01,Granite,279372.1400441117,103493.18714544468,4778.5,19162.9,14615.933159601886,18635.478277920764,11,382865.3271895564,0.7506379514582866
P90,82.39999999999999,2022-09-01,Ready Mixed Concrete,1077454.343718766,418925.91330822476,2883.2,11880.9,9151.402251268453,11961.841378307881,10,1496380.2570269909,0.7573247817926252
P90,82.39999999999999,2022-09-01,Steel Reinforcement Bars,957936.8560420648,332021.29697367374,229.98,1277.37,1001.6566245083482,1280.06968685924,10,1289958.1530157386,0.8199581953545174
P90,82.39999999999999,2022-10-01,Cement,389073.9723533098,135549.22910084005,1112.3400000000001,4458.3,3303.8630881210975,3948.3462750937856,10,524623.2014541498,0.7505013121593432
P90,82.39999999999999,2022-10-01,Granite,272791.3138111564,103884.49361509203,4533.6,19350.6,14451.425304029754,18419.652309959456,10,376675.8074262484,0.7657126910793464
P90,82.39999999999999,2022-10-01,Ready Mixed Concrete,1062114.4080723491,388373.28718407906,2760.6,12051.4,9035.881901441478,11102.374493585949,10,1450487.6952564283,0.7709311781203844
P90,82.39999999999999,2022-10-01,Steel Reinforcement Bars,1074891.071061685,370972.2335624397,200.87,1331.69,1154.6772785407416,1453.779306893478,10,1445863.3046241247,0.8491615916617231
P90,82.39999999999999,2022-11-01,Cement,376310.6839267162,126345.47356868465,1138.4236035291526,4543.97,3207.2019233058095,3709.1527322611473,10,502656.15749540087,0.7494649824868667
P90,82.39999999999999,2022-11-01,Granite,259339.97737524315,94805.95230225517,4456.799999999999,19439.8,13915.834066684085,16396.29376203599,11,354145.9296774983,0.7707383820821202
P90,82.39999999999999,2022-11-01,Ready Mixed Concrete,1026056.9106066097,366889.1010891028,2713.404466508937,12161.5,8744.444669719554,10523.207724876509,10,1392946.0116957123,0.7768857076422369
P90,82.39999999999999,2022-11-01,Steel Reinforcement Bars,969296.980520728,310064.9213257651,250.14999999999998,1467.61,1065.8164727784895,1228.4865893623362,10,1279361.9018464931,0.829552810351524
P90,82.39999999999999,2022-12-01,Cement,345519.9249805776,115808.13749226299,1151.0900000000001,4636.04,2956.426134316627,3420.4526284325952,9,461328.0624728406,0.7517083545439642
P90,82.39999999999999,2022-12-01,Granite,250214.4125096058,99763.1287718045,4326.1,19279.4,13497.919778441712,16723.406830161675,10,349977.5412814103,0.7756102368330965
P90,82.39999999999999,2022-12-01,Ready Mixed Concrete,1040570.8896757714,376947.54819207767,2776.1,12270.5,8882.962075744856,10838.192816399767,9,1417518.4378678491,0.7737582005623242
P90,82.39999999999999,2022-12-01,Steel Reinforcement Bars,978620.1873699238,294816.5434664475,236.75,1519.61,1092.2269216262816,1182.421253774973,10,1273436.7308363714,0.8442034469370431
P90,82.39999999999999,2023-01-01,Cement,380260.05294452177,127050.7131310552,1026.06,4629.76,3271.4896874145816,3779.872816779434,9,507310.766075577,0.77837728089577
P90,82.39999999999999,2023-01-01,Granite,260504.69845273497,109970.44192166571,4433.754380057478,19634.3,14079.807486138341,17721.51175116194,10,370475.14037440065,0.7741832211967079
P90,82.39999999999999,2023-01-01,Ready Mixed Concrete,1029152.88169342,370502.7842157533,2886.4,12534.1,8795.565205735073,10599.846107018351,10,1399655.6659091734,0.7697162141677504
P90,82.39999999999999,2023-01-01,Steel Reinforcement Bars,956978.3415917809,271861.07379261404,233.7968487417753,1620.3,1080.097829125612,1092.7401000057396,10,1228839.415384395,0.8557076783671078
P90,82.39999999999999,2023-02-01,Cement,413632.6416397971,147978.98643499744,1142.3899999999999,4715.04,3577.023259072439,4423.358731097718,9,561611.6280747945,0.7577136143065595
P90,82.39999999999999,2023-02-01,Granite,245456.54680123352,103511.33129758964,4801.5,19380.4,13182.368045366158,16218.036396472728,9,348967.87809882313,0.7522496955687189
P90,82.39999999999999,2023-02-01,Ready Mixed Concrete,966096.7586076253,345979.4905016485,3038.9134775873254,12511.75,8271.231508749855,9858.435768571544,11,1312076.2491092738,0.7571152334735488
P90,82.39999999999999,2023-02-01,Steel Reinforcement Bars,840470.5120077216,251423.32047602825,284.2464483088074,1580.61,955.7682721279679,1011.4221164434024,9,1091893.8324837498,0.8201666139599222
P90,82.39999999999999,2023-03-01,Cement,372809.8505733388,136477.63145129097,1049.52,4605.8,3241.313921735931,4091.7172467093264,10,509287.4820246298,0.772130791610578
P90,82.39999999999999,2023-03-01,Granite,210184.36838226064,93868.65826821006,5061.933674320104,19507.6,11217.843903176507,14390.651488905552,8,304053.0266504707,0.7405147904242395
P90,82.39999999999999,2023-03-01,Ready Mixed Concrete,833166.8520195071,268036.0513871714,3515.167318800556,12553.05,7144.893426417052,7610.201348602164,8,1101202.9034066785,0.7199750404243943
P90,82.39999999999999,2023-03-01,Steel Reinforcement Bars,597424.102228945,125930.340217605,507.4461479603692,1614.74,698.9454590944849,508.123095249294,9,723354.44244655,0.6857412661107242
P90,82.39999999999999,2023-04-01,Cement,309329.1162582663,79221.16030883697,1557.9985485376237,4685.96,2724.120877191554,2385.9329196370677,9,388550.2765671033,0.6675177448084013
P90,82.39999999999999,2023-04-01,Granite,213960.58850362105,94262.6170956977,5451.794942239319,19582.9,11231.783018025342,14268.356976933783,8,308223.2055993187,0.7216043107895501
P90,82.39999999999999,2023-04-01,Ready Mixed Concrete,793775.9068214667,254117.19623322855,3738.2795703939805,12749.55,6822.384083796963,7175.446521605336,8,1047893.1030546953,0.7067912537780564
P90,82.39999999999999,2023-04-01,Steel Reinforcement Bars,521034.7851547331,117152.7561965615,548.8529846093983,1659.5,614.808200453986,474.1503674417683,9,638187.5413512946,0.6692660532633936
P90,82.39999999999999,2023-05-01,Cement,292854.3369552283,73186.67746145147,1591.5340669577463,4617.76,2597.8629348061145,2208.787921090815,8,366041.01441667974,0.6553450012651705
P90,82.39999999999999,2023-05-01,Granite,204751.82145974366,90423.10331119542,5295.088441508967,19649.9,10504.585102301957,13627.17625480373,8,295174.92477093905,0.730528478948546
P90,82.39999999999999,2023-05-01,Ready Mixed Concrete,806607.6732780766,263618.3712697158,3781.8908653611143,12859.75,6927.610373666048,7391.132376436643,8,1070226.0445477923,0.7059125670902533
P90,82.39999999999999,2023-05-01,Steel Reinforcement Bars,497788.6174154978,124376.69321433688,566.4877669979533,1667.85,594.2934452239281,505.8855094283424,8,622165.3106298347,0.6603484923716442
P95,98.79999999999993,2022-07-01,Cement,415373.4507995142,109713.90749178661,1414.15,4416.05,3506.309894539216,3134.382061552204,10,525087.3582913008,0.6797703830346123
P95,98.79999999999993,2022-07-01,Granite,290121.7789819909,72841.54319789777,6128.0,18719.9,14797.396973690138,13145.670685581403,10,362963.32217988867,0.6726478239734187
P95,98.79999999999993,2022-07-01,Ready Mixed Concrete,1057858.711154768,281765.0874939201,3866.6,11661.6,8965.957856337092,8026.305038479103,10,1339623.798648688,0.6684331481100364
P95,98.79999999999993,2022-07-01,Steel Reinforcement Bars,936002.3496606483,238081.12534181165,436.36,1239.59,939.8379658313527,882.1122465349987,10,1174083.47500246,0.6479803806097177
P95,98.79999999999993,2022-08-01,Cement,365706.9885019514,91678.02812688865,1430.9923416657982,4391.89,3090.6520228038053,2638.704096422263,10,457385.01662884,0.6741739110802415
P95,98.79999999999993,2022-08-01,Granite,273907.6799509549,70963.007127919,6328.6,18983.6,14118.473155509333,12801.98322250397,11,344870.6870788739,0.6666280368317916
P95,98.79999999999993,2022-08-01,Ready Mixed Concrete,1032106.6277835266,266134.2504200328,3876.6,11792.5,8759.976511882747,7596.267560896922,10,1298240.8782035594,0.6712656349374603
P95,98.79999999999993,2022-08-01,Steel Reinforcement Bars,871783.6214986516,200887.40120268357,404.40999999999997,1311.09,894.3404788667006,763.7050237417328,9,1072671.0227013351,0.6915467282947776
P95,98.79999999999993,2022-09-01,Cement,403852.40510056785,98668.17840857252,1481.12,4491.61,3420.050393246017,2861.2717652609226,9,502520.58350914036,0.6702474168505279
P95,98.79999999999993,2022-09-01,Granite,279372.1400441117,72886.81609116777,6088.1,19162.9,14615.933159601886,13120.10598240121,11,352258.9561352795,0.6822975645648623
P95,98.79999999999993,2022-09-01,Ready Mixed Concrete,1077454.343718766,295063.14599389187,3691.3,11880.9,9151.402251268453,8428.569064323898,10,1372517.4897126579,0.6893080490535228
P95,98.79999999999993,2022-09-01,Steel Reinforcement Bars,957936.8560420648,232694.72113296803,309.14,1277.37,1001.6566245083482,902.3059766156915,10,1190631.5771750328,0.7579871141486022
P95,98.79999999999993,2022-10-01,Cement,389073.9723533098,94180.2644858902,1420.9873189363118,4458.3,3303.8630881210975,2748.9028173491038,10,483254.2368392,0.6812714893712151
P95,98.79999999999993,2022-10-01,Granite,272791.3138111564,73472.61413440277,5988.7,19350.6,14451.425304029754,12997.715862155512,10,346263.92794555915,0.690516056349674
P95,98.79999999999993,2022-10-01,Ready Mixed Concrete,1062114.4080723491,272064.5849006965,3657.9,12051.4,9035.881901441478,7780.262426851256,10,1334178.9929730457,0.6964750983288248
P95,98.79999999999993,2022-10-01,Steel Reinforcement Bars,1074891.071061685,263450.3866623927,301.36,1331.69,1154.6772785407416,1037.8663104907566,10,1338341.4577240776,0.7737010865892212
P95,98.79999999999993,2022-11-01,Cement,376310.6839267162,88964.61310947196,1526.4,4543.97,3207.2019233058095,2616.4637459908495,10,465275.2970361882,0.6640822892756775
P95,98.79999999999993,2022-11-01,Granite,259339.97737524315,66900.78111687225,6018.2,19439.8,13915.834066684085,11517.75453555972,11,326240.7584921154,0.6904186257060259
P95,98.79999999999993,2022-11-01,Ready Mixed Concrete,1026056.9106066097,258617.8970298011,3768.7,12161.5,8744.444669719554,7422.179980310607,10,1284674.8076364107,0.6901122394441475
P95,98.79999999999993,2022-11-01,Steel Reinforcement Bars,969296.980520728,209692.92909425515,307.25,1467.61,1065.8164727784895,835.4797959780229,10,1178989.9096149832,0.7906460163122355
P95,98.79999999999993,2022-12-01,Cement,345519.9249805776,80301.38869706463,1488.45972423388,4636.04,2956.426134316627,2376.2907830205863,9,425821.31367764226,0.6789372558834954
P95,98.79999999999993,2022-12-01,Granite,250214.4125096058,70475.08817987825,5816.473050448538,19279.4,13497.919778441712,11731.595321768817,10,320689.50068948406,0.6983063243436758
P95,98.79999999999993,2022-12-01,Ready Mixed Concrete,1040570.8896757714,262935.4811784836,3694.5,12270.5,8882.962075744856,7565.265889027188,9,1303506.3708542548,0.6989120247748666
P95,98.79999999999993,2022-12-01,Steel Reinforcement Bars,978620.1873699238,195547.51703757906,314.9897688296113,1519.61,1092.2269216262816,787.8027118078129,10,1174167.704407503,0.7927167043980947
P95,98.79999999999993,2023-01-01,Cement,380260.05294452177,89299.71940318789,1424.88,4629.76,3271.4896874145816,2661.213337106062,9,469559.77234770963,0.6922345866740393
P95,98.79999999999993,2023-01-01,Granite,260504.69845273497,79272.36238941824,6256.6,19634.3,14079.807486138341,12668.059700351796,10,339777.0608421532,0.6813433633997646
P95,98.79999999999993,2023-01-01,Ready Mixed Concrete,1029152.88169342,261205.41245075746,3928.0,12534.1,8795.565205735073,7470.635752311344,10,1290358.2941441773,0.686614914513208
P95,98.79999999999993,2023-01-01,Steel Reinforcement Bars,956978.3415917809,188902.7329109083,376.99,1620.3,1080.097829125612,760.1581884722564,10,1145881.0745026893,0.7673332098994013
P95,98.79999999999993,2023-02-01,Cement,413632.6416397971,103341.11495390629,1477.3899999999999,4715.04,3577.023259072439,3094.2969983642365,9,516973.75659370335,0.6866643761240626
P95,98.79999999999993,2023-02-01,Granite,245456.54680123352,73693.64566199515,6460.8,19380.4,13182.368045366158,11447.817480281607,9,319150.19246322865,0.6666322676518545
P95,98.79999999999993,2023-02-01,Ready Mixed Concrete,966096.7586076253,243238.4669037931,4084.9134775873254,12511.75,8271.231508749855,6925.219917738809,11,1209335.2255114184,0.6735138188033388
P95,98.79999999999993,2023-02-01,Steel Reinforcement Bars,840470.5120077216,174463.7029166907,425.7464483088074,1580.61,955.7682721279679,702.038626110019,9,1014934.2149244123,0.7306442143800131
P95,98.79999999999993,2023-03-01,Cement,372809.8505733388,97791.25942035706,1475.5,4605.8,3241.313921735931,2935.1256959266498,10,470601.10999369586,0.6796430587520084
P95,98.79999999999993,2023-03-01,Granite,210184.36838226064,67539.6306556973,6817.133674320104,19507.6,11217.843903176507,10278.53664711957,8,277723.9990379579,0.6505396012671931
P95,98.79999999999993,2023-03-01,Ready Mixed Concrete,833166.8520195071,185515.83200227394,4628.667318800556,12553.05,7144.893426417052,5262.051518140757,8,1018682.684021781,0.6312714982573513
P95,98.79999999999993,2023-03-01,Steel Reinforcement Bars,597424.102228945,80829.62397764093,648.1561479603693,1614.74,698.9454590944849,326.22958115508817,9,678253.726206586,0.5986003022403797
P95,98.79999999999993,2023-04-01,Cement,309329.1162582663,52399.77211331554,1931.55468123257,4685.96,2724.120877191554,1579.4165079500178,9,361728.88837158185,0.5877995797589886
P95,98.79999999999993,2023-04-01,Granite,213960.58850362105,67638.06953512297,7181.19494223932,19582.9,11231.783018025342,10186.58721890764,8,281598.658038744,0.6332925694233582
P95,98.79999999999993,2023-04-01,Ready Mixed Concrete,793775.9068214667,175207.41800125598,4820.07957039398,12749.55,6822.384083796963,4940.495387305119,8,968983.3248227227,0.6219412002467553
P95,98.79999999999993,2023-04-01,Steel Reinforcement Bars,521034.7851547331,80000.80539776714,711.4429846093983,1659.5,614.808200453986,323.96228931848793,9,601035.5905525002,0.5712907595002119
P95,98.79999999999993,2023-05-01,Cement,292854.3369552283,48178.762841864846,1973.5040669577463,4617.76,2597.8629348061145,1454.890703981702,8,341033.09979709313,0.5726274065872314
P95,98.79999999999993,2023-05-01,Granite,204751.82145974366,65383.874625484474,7037.288441508967,19649.9,10504.585102301957,9827.248313324546,8,270135.6960852281,0.64186645013415
P95,98.79999999999993,2023-05-01,Ready Mixed Concrete,806607.6732780766,182650.80719471042,4883.090865361114,12859.75,6927.610373666048,5112.411655749153,8,989258.480472787,0.6202810423716547
P95,98.79999999999993,2023-05-01,Steel Reinforcement Bars,497788.6174154978,90249.23687666297,753.6177669979531,1667.85,594.2934452239281,367.35648238589323,8,588037.8542921607,0.5481501531924615
