dataset,series,primary_horizon,selected_model,selected_mean_pinball,selected_winkler_80,selected_coverage_50,selected_coverage_80,selected_MAE,selected_RMSE,selection_basis
RO1_DEMAND,Cement,3,ETS,14.980404397349366,204.62528068293784,0.5416666666666666,0.9583333333333334,43.077892789997826,50.293988212854984,Validation mean pinball loss across q0.10/q0.25/q0.50/q0.75/q0.90; Winkler-80 and MAE used as tie-break diagnostics.
RO1_DEMAND,Granite,3,ETS,52.13538585094882,786.4551031516671,0.7916666666666666,0.9583333333333334,131.68849618062333,170.44071972849855,Validation mean pinball loss across q0.10/q0.25/q0.50/q0.75/q0.90; Winkler-80 and MAE used as tie-break diagnostics.
RO1_DEMAND,Ready-Mixed Concrete,3,ETS,23.497532109338117,371.6626176876289,0.9166666666666666,1.0,54.56705466889631,65.82479961059524,Validation mean pinball loss across q0.10/q0.25/q0.50/q0.75/q0.90; Winkler-80 and MAE used as tie-break diagnostics.
RO1_DEMAND,Steel Reinforcement Bars,3,ETS,16.99427279853743,191.82349232555703,0.16666666666666666,0.5833333333333334,52.310579726265495,56.98101460282365,Validation mean pinball loss across q0.10/q0.25/q0.50/q0.75/q0.90; Winkler-80 and MAE used as tie-break diagnostics.
RO1_PRICE,Cement In Bulk (Ordinary Portland Cement),3,ETS,0.6016448763293677,9.367112897320874,0.7083333333333334,0.9166666666666666,1.3744229063688767,2.2500335816833545,Validation mean pinball loss across q0.10/q0.25/q0.50/q0.75/q0.90; Winkler-80 and MAE used as tie-break diagnostics.
RO1_PRICE,Concreting Sand,3,ETS,0.6710430449782304,10.442018530670131,0.875,0.875,1.2753148559827443,2.134765273150599,Validation mean pinball loss across q0.10/q0.25/q0.50/q0.75/q0.90; Winkler-80 and MAE used as tie-break diagnostics.
RO1_PRICE,Granite (20mm Aggregate),3,SARIMA,0.652049743158577,11.55377986411807,0.9583333333333334,1.0,1.1333952444159194,1.500083606166792,Validation mean pinball loss across q0.10/q0.25/q0.50/q0.75/q0.90; Winkler-80 and MAE used as tie-break diagnostics.
RO1_PRICE,Ready Mixed Concrete,3,ETS,1.3225525928902335,26.121061574956467,1.0,1.0,1.0272139292617393,1.3861612294508667,Validation mean pinball loss across q0.10/q0.25/q0.50/q0.75/q0.90; Winkler-80 and MAE used as tie-break diagnostics.
RO1_PRICE,Steel Reinforcement Bars (16-32mm High Tensile),3,SARIMA,19.25784664924676,262.96283931257005,0.625,0.9583333333333334,54.43738706867318,67.64045398097822,Validation mean pinball loss across q0.10/q0.25/q0.50/q0.75/q0.90; Winkler-80 and MAE used as tie-break diagnostics.
