DataSeries,month,price_dollars_per_tonne
Cement In Bulk (Ordinary Portland Cement),1,91.09035714285713
Cement In Bulk (Ordinary Portland Cement),2,90.925
Cement In Bulk (Ordinary Portland Cement),3,91.2625
Cement In Bulk (Ordinary Portland Cement),4,91.58749999999999
Cement In Bulk (Ordinary Portland Cement),5,91.93785714285715
Cement In Bulk (Ordinary Portland Cement),6,91.92642857142857
Cement In Bulk (Ordinary Portland Cement),7,90.75925925925925
Cement In Bulk (Ordinary Portland Cement),8,90.89222222222223
Cement In Bulk (Ordinary Portland Cement),9,90.82481481481481
Cement In Bulk (Ordinary Portland Cement),10,90.90629629629629
Cement In Bulk (Ordinary Portland Cement),11,90.99814814814815
Cement In Bulk (Ordinary Portland Cement),12,91.10111111111111
Concreting Sand,1,21.039285714285715
Concreting Sand,2,21.53357142857143
Concreting Sand,3,22.681071428571432
Concreting Sand,4,22.764999999999997
Concreting Sand,5,22.59142857142857
Concreting Sand,6,22.32821428571429
Concreting Sand,7,22.008518518518517
Concreting Sand,8,21.850740740740743
Concreting Sand,9,21.752592592592595
Concreting Sand,10,21.525185185185183
Concreting Sand,11,21.405925925925928
Concreting Sand,12,21.50925925925926
Granite (20mm Aggregate),1,18.127857142857142
Granite (20mm Aggregate),2,18.18892857142857
Granite (20mm Aggregate),3,19.915357142857143
Granite (20mm Aggregate),4,19.53392857142857
Granite (20mm Aggregate),5,18.728928571428572
Granite (20mm Aggregate),6,18.410357142857144
Granite (20mm Aggregate),7,18.072592592592592
Granite (20mm Aggregate),8,18.08222222222222
Granite (20mm Aggregate),9,18.12111111111111
Granite (20mm Aggregate),10,18.272962962962964
Granite (20mm Aggregate),11,18.372222222222224
Granite (20mm Aggregate),12,18.30666666666667
Ready Mixed Concrete,1,92.91
Ready Mixed Concrete,2,94.10857142857142
Ready Mixed Concrete,3,97.6567857142857
Ready Mixed Concrete,4,97.68535714285714
Ready Mixed Concrete,5,97.10107142857143
Ready Mixed Concrete,6,96.47464285714285
Ready Mixed Concrete,7,94.13185185185185
Ready Mixed Concrete,8,93.74777777777778
Ready Mixed Concrete,9,93.65518518518519
Ready Mixed Concrete,10,93.43814814814814
Ready Mixed Concrete,11,93.49518518518518
Ready Mixed Concrete,12,93.57518518518519
Steel Reinforcement Bars (16-32mm High Tensile),1,738.885
Steel Reinforcement Bars (16-32mm High Tensile),2,746.4282142857144
Steel Reinforcement Bars (16-32mm High Tensile),3,754.7596428571429
Steel Reinforcement Bars (16-32mm High Tensile),4,766.2175
Steel Reinforcement Bars (16-32mm High Tensile),5,767.3960714285714
Steel Reinforcement Bars (16-32mm High Tensile),6,760.2832142857143
Steel Reinforcement Bars (16-32mm High Tensile),7,760.6807407407408
Steel Reinforcement Bars (16-32mm High Tensile),8,763.0048148148148
Steel Reinforcement Bars (16-32mm High Tensile),9,751.7877777777778
Steel Reinforcement Bars (16-32mm High Tensile),10,740.6233333333334
Steel Reinforcement Bars (16-32mm High Tensile),11,730.064074074074
Steel Reinforcement Bars (16-32mm High Tensile),12,733.3922222222222
