dataset,series,model_family,config_id,horizon,n_forecasts,raw_crossing_count,raw_crossing_rate
RO1_DEMAND,Cement,XGBoost,XGB_C3,1,23,0,0.0
RO1_DEMAND,Cement,XGBoost,XGB_C3,3,21,3,0.14285714285714285
RO1_DEMAND,Cement,XGBoost,XGB_C3,6,18,1,0.05555555555555555
RO1_DEMAND,Cement,XGBoost,XGB_C3,12,12,2,0.16666666666666666
RO1_DEMAND,Granite,LightGBM,LGB_C3,1,23,5,0.21739130434782608
RO1_DEMAND,Granite,LightGBM,LGB_C3,3,21,2,0.09523809523809523
RO1_DEMAND,Granite,LightGBM,LGB_C3,6,18,3,0.16666666666666666
RO1_DEMAND,Granite,LightGBM,LGB_C3,12,12,4,0.3333333333333333
RO1_DEMAND,Ready Mixed Concrete,XGBoost,XGB_C2,1,23,2,0.08695652173913043
RO1_DEMAND,Ready Mixed Concrete,XGBoost,XGB_C2,3,21,1,0.047619047619047616
RO1_DEMAND,Ready Mixed Concrete,XGBoost,XGB_C2,6,18,2,0.1111111111111111
RO1_DEMAND,Ready Mixed Concrete,XGBoost,XGB_C2,12,12,0,0.0
RO1_DEMAND,Steel Reinforcement Bars,XGBoost,XGB_C3,1,23,1,0.043478260869565216
RO1_DEMAND,Steel Reinforcement Bars,XGBoost,XGB_C3,3,21,2,0.09523809523809523
RO1_DEMAND,Steel Reinforcement Bars,XGBoost,XGB_C3,6,18,1,0.05555555555555555
RO1_DEMAND,Steel Reinforcement Bars,XGBoost,XGB_C3,12,12,1,0.08333333333333333
RO1_PRICE,Cement,LightGBM,LGB_C1,1,23,14,0.6086956521739131
RO1_PRICE,Cement,LightGBM,LGB_C1,3,21,14,0.6666666666666666
RO1_PRICE,Cement,LightGBM,LGB_C1,6,18,6,0.3333333333333333
RO1_PRICE,Cement,LightGBM,LGB_C1,12,12,4,0.3333333333333333
RO1_PRICE,Concreting Sand,XGBoost,XGB_C2,1,23,0,0.0
RO1_PRICE,Concreting Sand,XGBoost,XGB_C2,3,21,4,0.19047619047619047
RO1_PRICE,Concreting Sand,XGBoost,XGB_C2,6,18,4,0.2222222222222222
RO1_PRICE,Concreting Sand,XGBoost,XGB_C2,12,12,2,0.16666666666666666
RO1_PRICE,Granite,XGBoost,XGB_C3,1,23,3,0.13043478260869565
RO1_PRICE,Granite,XGBoost,XGB_C3,3,21,6,0.2857142857142857
RO1_PRICE,Granite,XGBoost,XGB_C3,6,18,1,0.05555555555555555
RO1_PRICE,Granite,XGBoost,XGB_C3,12,12,3,0.25
RO1_PRICE,Ready Mixed Concrete,XGBoost,XGB_C2,1,23,10,0.43478260869565216
RO1_PRICE,Ready Mixed Concrete,XGBoost,XGB_C2,3,21,15,0.7142857142857143
RO1_PRICE,Ready Mixed Concrete,XGBoost,XGB_C2,6,18,11,0.6111111111111112
RO1_PRICE,Ready Mixed Concrete,XGBoost,XGB_C2,12,12,9,0.75
RO1_PRICE,Steel Reinforcement Bars,XGBoost,XGB_C2,1,23,10,0.43478260869565216
RO1_PRICE,Steel Reinforcement Bars,XGBoost,XGB_C2,3,21,12,0.5714285714285714
RO1_PRICE,Steel Reinforcement Bars,XGBoost,XGB_C2,6,18,15,0.8333333333333334
RO1_PRICE,Steel Reinforcement Bars,XGBoost,XGB_C2,12,12,7,0.5833333333333334
