dataset,series,model_family,config_id,horizon,Mean_Pinball,Winkler_80,MAE,RMSE,Coverage_50,Coverage_80,Coverage_Error_80,Raw_Crossing_Rate
RO1_DEMAND,Cement,XGBoost,XGB_C3,3,15.40397671654111,197.48365246000745,43.1517546735491,51.3557434887278,0.47619047619047616,0.7619047619047619,0.03809523809523818,0.14285714285714285
RO1_DEMAND,Granite,LightGBM,LGB_C3,3,47.21737016670385,584.0457736895952,141.06973708767293,170.04268761659185,0.38095238095238093,0.8095238095238095,0.00952380952380949,0.09523809523809523
RO1_DEMAND,Ready Mixed Concrete,XGBoost,XGB_C2,3,27.13612220400855,394.93223644438245,84.7057640438988,95.36464309670976,0.3333333333333333,0.7619047619047619,0.03809523809523818,0.047619047619047616
RO1_DEMAND,Steel Reinforcement Bars,XGBoost,XGB_C3,3,15.253210453215098,193.55307969592866,44.91962668282646,53.46882286928854,0.2857142857142857,0.6190476190476191,0.18095238095238098,0.09523809523809523
RO1_PRICE,Cement,LightGBM,LGB_C1,3,2.00906757043904,40.522513197246134,4.083239915431084,4.732983432057214,0.3333333333333333,0.38095238095238093,0.4190476190476191,0.6666666666666666
RO1_PRICE,Concreting Sand,XGBoost,XGB_C2,3,0.802423628852481,11.215595427013579,2.413135474068778,2.949312565842138,0.42857142857142855,0.7142857142857143,0.08571428571428574,0.19047619047619047
RO1_PRICE,Granite,XGBoost,XGB_C3,3,0.4175271442958287,5.237001282828195,1.2758655548095705,1.6108316739164033,0.47619047619047616,0.8571428571428571,0.05714285714285705,0.2857142857142857
RO1_PRICE,Ready Mixed Concrete,XGBoost,XGB_C2,3,1.587173832484654,16.666585286458336,4.935666402180989,5.172785141681886,0.0,0.3333333333333333,0.46666666666666673,0.7142857142857143
RO1_PRICE,Steel Reinforcement Bars,XGBoost,XGB_C2,3,14.367332066127236,157.22889636811757,50.57580857049852,55.7173753591782,0.47619047619047616,0.8571428571428571,0.05714285714285705,0.5714285714285714
