Z1,Z2,Z3,q,candidate_id,forecast_origin,material,selected,selection_distance
369590.1207310056,3401.888490065004,6210.2575652271635,"[3373.7773040000648, 112.84935626536435, 3190.6080229085155, 243.89556373993764, 2899.7563118410903, 481.0526708890857, 1527.1902727676904, 2718.2000528641556, 466.9588769704544, 2582.332169827001, 190.1889977810947, 0.0]",eps_01_05,2022-12-01,Granite,0,
278511.7854017139,4881.3404592158195,6210.257565327175,"[1749.7269495514618, 1736.8997107139674, 1694.3644743055145, 1635.9434787704515, 1472.8380714473012, 1573.928426089227, 1560.0741783377848, 1535.617425799506, 489.6086316606122, 48.91843176588486, 0.0, 0.0]",eps_05_01,2022-12-01,Granite,1,0.9236631069316482
228076.2342284643,7115.961918516997,7912.414741311042,"[1498.009908187625, 1419.8978077700813, 1386.2551092458025, 1356.7647851858771, 1326.6125701412234, 1304.3247623867646, 1420.8150892488366, 1429.8865124877625, 0.0, 0.0, 0.0, 0.0]",eps_02_05,2022-12-01,Granite,0,
196911.03373267807,8625.328577456698,9421.438495511646,"[1476.1364853336092, 1400.7046376252651, 1365.963603813682, 1316.4035782961912, 1201.8180097770592, -0.0, 1416.597711113607, 1455.9187644939548, 0.0, 0.0, 0.0, 0.0]",eps_05_02,2022-12-01,Granite,0,
151585.4290727687,10830.035346968936,11626.755248200281,"[1448.6069375747409, 1373.0226339746669, 1319.138038094388, 513.1227824578821, 0.0, 0.0, 1365.8684814593175, 1408.4671642037374, 0.0, 0.0, 0.0, 0.0]",eps_03_05,2022-12-01,Granite,0,
130975.52273517383,11836.390768572792,12632.61942569611,"[1435.6039600997678, 1358.300663109956, 836.6611199648664, 0.0, 0.0, 0.0, 1335.877352600359, 1455.9187644939548, 0.0, 0.0, 0.0, 0.0]",eps_05_03,2022-12-01,Granite,0,
75614.47166584278,14544.108775420886,15340.895301434708,"[1405.699265736722, 922.3401265224036, 0.0, 0.0, 0.0, 0.0, 0.0, 1386.0465922711817, 0.0, 0.0, 0.0, 0.0]",eps_04_05,2022-12-01,Granite,0,
65350.848132667066,15047.16049091717,15843.800355880574,"[1405.699265736722, 385.70553448383544, 0.0, 0.0, 0.0, 0.0, 0.0, 1419.776129863884, 0.0, 0.0, 0.0, 0.0]",eps_05_04,2022-12-01,Granite,0,
0.0,18258.18220377308,19054.981285965016,"[0.0, 0.0, 0.0, 0.0, 0.0, 0.0, 0.0, 0.0, 0.0, 0.0, 0.0, 0.0]",anchor_Z1,2022-12-01,Granite,0,
339671.5354104813,3665.6691849971176,6210.2575652271635,"[1749.7269495514618, 1736.8997107139674, 1694.3644743055145, 1635.9434787704515, 1472.8380714473012, 1573.928426089227, 1560.0741783377848, 1535.617425799506, 665.3930403491856, 1472.674443463971, 1470.2318322913388, 0.0]",anchor_Z3,2022-12-01,Granite,0,
