forecast_origin,material,pareto_count,selected,distance,elapsed_sec
2022-07-01,Cement,10,eps_05_01,0.9181949219587984,1134.16
2022-07-01,Granite,10,eps_05_01,0.9269064758102902,1420.72
2022-07-01,Ready Mixed Concrete,10,eps_05_01,0.918533958720376,1687.92
2022-07-01,Steel Reinforcement Bars,14,eps_05_01,0.9159972962295952,1903.66
2022-08-01,Cement,11,eps_05_01,0.9033444283643934,41962.85
2022-08-01,Granite,11,eps_05_01,0.9196937261315347,1589.76
2022-08-01,Ready Mixed Concrete,10,eps_05_01,0.9144755188909299,1214.3
2022-08-01,Steel Reinforcement Bars,11,eps_05_01,0.9337763092436132,1611.62
2022-09-01,Cement,11,eps_05_01,0.9096722494395847,1231.47
2022-09-01,Granite,11,eps_05_01,0.9205086076307812,1278.69
2022-09-01,Ready Mixed Concrete,10,eps_05_01,0.9160933002356992,8075.81
2022-09-01,Steel Reinforcement Bars,10,eps_05_01,0.9161931558538762,1433.79
2022-10-01,Cement,10,eps_05_01,0.9235745273543258,1391.74
2022-10-01,Granite,10,eps_05_01,0.9318633905361512,689.3
2022-10-01,Ready Mixed Concrete,10,eps_05_01,0.9212302412859071,698.99
2022-10-01,Steel Reinforcement Bars,10,eps_05_01,0.9378137522631042,1461.48
2022-11-01,Cement,10,eps_05_01,0.9157822396223332,1610.65
2022-11-01,Granite,11,eps_05_01,0.917455840669143,843.23
2022-11-01,Ready Mixed Concrete,11,eps_05_01,0.916512897658642,724.47
2022-11-01,Steel Reinforcement Bars,11,eps_05_01,0.9360440369375576,803.68
2022-12-01,Cement,10,eps_05_01,0.9111944131250111,593.56
2022-12-01,Granite,10,eps_05_01,0.9236631069316482,769.06
2022-12-01,Ready Mixed Concrete,11,eps_05_01,0.9232239012332438,1837.86
2022-12-01,Steel Reinforcement Bars,10,eps_05_01,0.9284212342288755,2127.57
2023-01-01,Cement,11,eps_05_01,0.9235532238806109,1709.75
2023-01-01,Granite,10,eps_05_01,0.9261010892621717,1269.35
2023-01-01,Ready Mixed Concrete,11,eps_05_01,0.9229199606781127,1091.07
2023-01-01,Steel Reinforcement Bars,11,eps_05_01,0.9293055769716109,1431.91
2023-02-01,Cement,10,eps_05_01,0.9140312718742231,1277.55
2023-02-01,Granite,10,eps_05_01,0.9233635354028238,1172.91
2023-02-01,Ready Mixed Concrete,10,eps_05_01,0.9180347826435507,1301.62
2023-02-01,Steel Reinforcement Bars,11,eps_05_01,0.9295841671815445,1368.79
2023-03-01,Cement,11,eps_05_01,0.9154493876092142,1134.03
